Year,STATE,RESIDENTIAL - Revenues (Thousand Dollars),RESIDENTIAL - Sales (Megawatthours),RESIDENTIAL - Customers (Count),RESIDENTIAL - Price (Cents/kWh),COMMERCIAL - Revenues (Thousand Dollars),COMMERCIAL - Sales (Megawatthours),COMMERCIAL - Customers (Count),COMMERCIAL - Price (Cents/kWh),INDUSTRIAL - Revenues (Thousand Dollars),INDUSTRIAL - Sales (Megawatthours),INDUSTRIAL - Customers (Count),INDUSTRIAL - Price (Cents/kWh),TRANSPORTATION - Revenues (Thousand Dollars),TRANSPORTATION - Sales (Megawatthours),TRANSPORTATION - Customers (Count),TRANSPORTATION - Price (Cents/kWh),TOTAL - Revenues (Thousand Dollars),TOTAL - Sales (Megawatthours),TOTAL - Customers (Count),TOTAL - Price (Cents/kWh)
2024,AK,513968,2070594,298397,24.82,561566,2603674,57009,21.57,264999,1372235,1191,19.31,0,0,0,0.0,1340533,6046503,356597,22.17
2024,AL,4993058,32899071,2398172,15.18,3118220,22861620,389925,13.64,2303895,31762241,7246,7.25,0,0,0,0.0,10415174,87522932,2795343,11.9
2024,AR,2288691,18580638,1476944,12.32,1206780,11789053,207035,10.24,1290759,19525858,36772,6.61,35,263,2,13.23,4786265,49895812,1720753,9.59
2024,AZ,6027534,40434931,3134733,14.91,4415075,36100156,348423,12.23,1129681,14297880,7555,7.9,1130,10321,2,10.95,11573420,90843288,3490713,12.74
2024,CA,27443697,85850538,14217180,31.97,29399925,115125595,1777305,25.54,9477808,44025912,146327,21.53,120098,715100,13,16.79,66441529,245717145,16140825,27.04
2024,CO,3086849,20693690,2557732,14.92,2479641,21171639,405693,11.71,1283984,14891887,14750,8.62,8280,85688,1,9.66,6858754,56842904,2978176,12.07
2024,CT,3720210,12941903,1552746,28.75,2473628,11662707,156818,21.21,437595,2555605,3864,17.12,33962,191140,3,17.77,6665395,27351355,1713431,24.37
2024,DC,433140,2445805,318780,17.71,1227670,7193294,27521,17.07,20255,187468,1,10.8,30560,316348,3,9.66,1711625,10142915,346305,16.88
2024,DE,857254,5174514,473508,16.57,522352,4282220,60653,12.2,162761,1917182,1169,8.49,0,0,0,0.0,1542367,11373916,535330,13.56
2024,FL,19561174,138370720,10443373,14.14,10903073,99197472,1309027,10.99,1483603,17457348,26610,8.5,7598,69918,2,10.87,31955447,255095458,11779012,12.53
2024,GA,8740026,62062953,4815501,14.08,5994967,55172683,619171,10.87,2352084,32616660,24336,7.21,11591,151669,1,7.64,17098669,150003965,5459009,11.4
2024,HI,1136578,2651594,446512,42.86,1080617,2830166,59655,38.18,1184407,3470374,821,34.13,0,0,0,0.0,3401602,8952134,506988,38.0
2024,IA,1939175,14468850,1448818,13.4,1309887,12814989,251716,10.22,1881132,27646583,9477,6.8,0,0,0,0.0,5130194,54930422,1710011,9.34
2024,ID,1132688,9832269,868141,11.52,638525,6963670,123982,9.17,736518,9573616,29658,7.69,0,0,0,0.0,2507732,26369555,1021781,9.51
2024,IL,7117529,44850719,5392477,15.87,5344924,45240214,638510,11.81,3767818,42693932,5686,8.83,34314,442042,3,7.76,16264585,133226907,6036676,12.21
2024,IN,4879873,33048641,3056216,14.77,2944084,23663900,374858,12.44,3461231,42489190,19345,8.15,2201,17876,1,12.31,11287390,99219607,3450420,11.38
2024,KS,1958284,13839989,1317095,14.15,1767254,15790720,245169,11.19,898942,11627501,23963,7.73,0,0,0,0.0,4624480,41258210,1586227,11.21
2024,KY,3335308,26085709,2077215,12.79,2335162,20314415,327448,11.5,1819860,28005747,4846,6.5,0,0,0,0.0,7490330,74405871,2409509,10.07
2024,LA,3633012,30974840,2147745,11.73,2473116,23651891,301288,10.46,2286240,40720072,18203,5.61,1157,10026,1,11.54,8393525,95356829,2467237,8.8
2024,MA,5867779,19992635,2924535,29.35,4908122,23489390,438014,20.9,1026914,5645295,10353,18.19,26840,291255,2,9.22,11829654,49418575,3372904,23.94
2024,MD,4880099,27327356,2451753,17.86,3600554,27773337,261469,12.96,350493,3502025,9286,10.01,48024,415970,5,11.55,8879169,59018688,2722513,15.04
2024,ME,1190411,4901492,742549,24.29,750189,4117961,111084,18.22,289438,2322138,1925,12.46,0,0,0,0.0,2230038,11341591,855558,19.66
2024,MI,6466084,33504932,4516367,19.3,5209956,37190845,564574,14.01,2336236,28289760,5762,8.26,772,5477,2,14.09,14013047,98991014,5086705,14.16
2024,MN,3408955,22062758,2581180,15.45,2729308,22468437,308460,12.15,1831204,20015581,9410,9.15,1949,15332,1,12.71,7971415,64562108,2899051,12.35
2024,MO,4548192,35226895,2933914,12.91,3034339,29569769,403957,10.26,1019598,12953946,9443,7.87,2528,25424,2,9.94,8604657,77776034,3347316,11.06
2024,MS,2490447,18593201,1340459,13.39,1746176,14172165,246813,12.32,1084653,15919246,12415,6.81,0,0,0,0.0,5321277,48684612,1599687,10.93
2024,MT,721809,5700241,557432,12.66,597479,5034278,123483,11.87,366589,4832494,11624,7.59,0,0,0,0.0,1685878,15567013,692539,10.83
2024,NC,8726608,61744942,5067762,14.13,5229699,49524269,751027,10.56,1990135,25622927,8930,7.77,1274,12388,1,10.28,15947716,136904526,5827720,11.65
2024,ND,565146,4910755,397839,11.51,812797,11309334,77191,7.19,981888,13549609,10864,7.25,0,0,0,0.0,2359831,29769698,485894,7.93
2024,NE,1198161,10391014,905415,11.53,1081451,12885125,161501,8.39,912995,11914906,64672,7.66,0,0,0,0.0,3192606,35191045,1131588,9.07
2024,NH,1134518,4847443,652608,23.4,796349,4105167,112277,19.4,317952,1961351,3116,16.21,0,0,0,0.0,2248819,10913961,768001,20.61
2024,NJ,5743701,29692962,3735638,19.34,5431275,37086504,540221,14.64,757878,6351180,11251,11.93,44527,400778,7,11.11,11977380,73531424,4287117,16.29
2024,NM,1043283,7347620,936098,14.2,1011137,9592789,148104,10.54,725316,13355945,9256,5.43,0,0,0,0.0,2779736,30296354,1093458,9.18
2024,NV,2194081,14631493,1311755,15.0,1453207,14259288,177740,10.19,1016117,11766220,4786,8.64,814,7638,1,10.66,4664219,40664639,1494282,11.47
2024,NY,12424305,50857373,7420214,24.43,13337112,71053178,1163769,18.77,1450058,15804738,16605,9.17,409084,2782212,6,14.7,27620558,140497501,8600594,19.66
2024,OH,8340151,52174356,5142108,15.99,5418173,50813610,627393,10.66,3596997,50687764,18237,7.1,2315,31646,2,7.32,17357636,153707376,5787740,11.29
2024,OK,2977075,24328279,1878818,12.24,2267616,25412391,298476,8.92,1305145,22343103,20002,5.84,0,0,0,0.0,6549837,72083773,2197296,9.09
2024,OR,2905555,19767745,1868012,14.7,2494169,24662444,247412,10.11,1226001,15228350,26616,8.05,2779,22162,2,12.54,6628504,59680701,2142042,11.11
2024,PA,9641603,54272558,5534580,17.77,4252003,38548336,740697,11.03,3840646,48830820,12961,7.87,49268,494800,5,9.96,17783520,142146514,6288243,12.51
2024,RI,891368,3111332,457383,28.65,773340,3666320,62629,21.09,121071,614681,1649,19.7,4719,21914,1,21.53,1790497,7414247,521662,24.15
2024,SC,4632121,32544816,2581882,14.23,2797768,26306224,413387,10.64,1718300,25110388,3604,6.84,0,0,0,0.0,9148189,83961428,2998873,10.9
2024,SD,664939,5170067,433548,12.86,539258,5111478,78291,10.55,277782,3355659,4317,8.28,0,0,0,0.0,1481979,13637204,516156,10.87
2024,TN,5445100,43827503,3166103,12.42,4338477,35996043,542965,12.05,1436732,23138889,1006,6.21,0,0,0,0.0,11220309,102962435,3710074,10.9
2024,TX,24652422,165051743,12547863,14.94,14046066,164232987,1557087,8.55,10782108,176135056,376098,6.12,502,11531,3,4.35,49481097,505431317,14481051,9.79
2024,UT,1444461,11825248,1272861,12.22,1326484,14128942,145854,9.39,681891,8680830,10805,7.86,6405,53063,1,12.07,3459240,34688083,1429521,9.97
2024,VA,6524033,45272825,3654481,14.41,6865114,78710662,445756,8.72,1238977,13775530,3794,8.99,26443,285755,1,9.25,14654567,138044772,4104032,10.62
2024,VT,488488,2230155,323960,21.9,368759,1952123,64308,18.89,147815,1276669,243,11.58,0,0,0,0.0,1005062,5458947,388511,18.41
2024,WA,4595906,38626766,3368978,11.9,3307355,33101746,405313,9.99,1200155,18159320,26385,6.61,10922,93797,5,11.64,9114339,89981629,3800681,10.13
2024,WI,3783445,22016559,2843874,17.18,2943282,23296259,369433,12.63,1961925,22977299,5739,8.54,240,1307,2,18.36,8688892,68291424,3219048,12.72
2024,WV,1609064,10674503,866456,15.07,890697,7665085,152012,11.62,1144146,14650982,11005,7.81,0,0,0,0.0,3643907,32990570,1029473,11.05
2024,WY,370054,2968051,286475,12.47,489048,5274652,58983,9.27,714083,8974198,11995,7.96,0,0,0,0.0,1573186,17216901,357453,9.14
2024,US,244367409,1482873586,143144185,16.48,185043226,1450941216,19480886,12.75,84094810,1034584190,1115974,8.13,890328,6982840,81,12.75,514395773,3975381832,163741126,12.94
2023,AK,490072,2050667,296192,23.9,543148,2602872,56796,20.87,256386,1371059,1161,18.7,0,0,0,0.0,1289606,6024598,354149,21.41
2023,AL,4593824,31409652,2353274,14.63,2923959,22213494,384122,13.16,2220821,31257213,7239,7.11,0,0,0,0.0,9738604,84880359,2744635,11.47
2023,AR,2251157,18373971,1459802,12.25,1208919,11694057,205526,10.34,1275851,18581004,36612,6.87,40,268,2,14.93,4735966,48649300,1701942,9.73
2023,AZ,5466059,38992365,3068552,14.02,3844785,32619680,344059,11.79,1159128,14296687,7614,8.11,1008,10066,2,10.01,10470980,85918798,3420227,12.19
2023,CA,24439806,82820898,14063972,29.51,27006847,112935566,1766915,23.91,8014384,42998557,148000,18.64,94387,725431,12,13.01,59555424,239480452,15978899,24.87
2023,CO,2859285,19999333,2517452,14.3,2409252,20697728,397348,11.64,1256100,14778848,15358,8.5,11894,89910,2,13.23,6536530,55565819,2930160,11.76
2023,CT,3751250,12553299,1541895,29.88,2273489,11373591,156310,19.99,404764,2579387,3936,15.69,38545,178899,3,21.55,6468047,26685176,1702144,24.24
2023,DC,390035,2371637,312982,16.45,1191005,7030204,27387,16.94,19154,176489,1,10.85,29943,301384,3,9.94,1630137,9879714,340373,16.5
2023,DE,775833,4931847,468358,15.73,490681,4148502,59839,11.83,157018,2001322,876,7.85,0,0,0,0.0,1423532,11081671,529073,12.85
2023,FL,20651963,135805022,10222476,15.21,11620543,97255443,1292988,11.95,1672810,17808644,26085,9.39,8054,71105,2,11.33,33953370,250940214,11541551,13.53
2023,GA,7996719,58412499,4703796,13.69,5497964,51404671,609978,10.7,2205710,32067537,24366,6.88,10512,144124,1,7.29,15710905,142028831,5338141,11.06
2023,HI,1141701,2693161,446203,42.39,1092349,2798995,60117,39.03,1211791,3435096,813,35.28,0,0,0,0.0,3445842,8927252,507133,38.6
2023,IA,1940409,14581845,1436037,13.31,1301603,12600924,250532,10.33,1880378,27217490,9451,6.91,0,0,0,0.0,5122390,54400259,1696020,9.42
2023,ID,1082537,9793265,845896,11.05,600657,6842096,121675,8.78,648094,9038616,29322,7.17,0,0,0,0.0,2331288,25673977,996893,9.08
2023,IL,6804072,43319747,5394659,15.71,5124272,45576290,626171,11.24,3384830,41267424,5541,8.2,28639,414756,4,6.9,15341812,130578217,6026375,11.75
2023,IN,4741354,31739243,3018496,14.94,2889443,23016436,371773,12.55,3398553,41228694,19291,8.24,1398,10977,1,12.73,11030747,95995350,3409561,11.49
2023,KS,1848944,13815434,1306777,13.38,1706896,15727254,245544,10.85,878741,11509320,24106,7.64,0,0,0,0.0,4434581,41052008,1576427,10.8
2023,KY,3106289,24552708,2057705,12.65,2196143,19303242,323183,11.38,1793467,27367071,5136,6.55,0,0,0,0.0,7095899,71223021,2386024,9.96
2023,LA,3666444,31746570,2137199,11.55,2481404,23743181,300640,10.45,2344558,39874251,18790,5.88,1151,10455,1,11.0,8493556,95374457,2456630,8.91
2023,MA,5733884,19365825,2886203,29.61,4763481,24275567,443991,19.62,1089219,6091226,10510,17.88,19966,279346,2,7.15,11606550,50011964,3340706,23.21
2023,MD,4333163,26107722,2432423,16.6,3456460,27061701,260822,12.77,343636,3455597,9226,9.94,45809,408065,5,11.23,8179068,57033085,2702476,14.34
2023,ME,1348778,4918678,731969,27.42,718365,4017144,108745,17.88,295183,2400208,2040,12.3,0,0,0,0.0,2362326,11336030,842754,20.84
2023,MI,6130301,32533717,4496300,18.84,4894750,36534334,559552,13.4,2325536,28515187,5589,8.16,745,5452,2,13.67,13351332,97588690,5061443,13.68
2023,MN,3391941,23023275,2551574,14.73,2800843,22613856,308285,12.39,1892556,20560640,9351,9.2,2227,18029,1,12.35,8087567,66215800,2869211,12.21
2023,MO,4397847,34964573,2906438,12.58,2958249,29174382,399085,10.14,1011796,12813199,9831,7.9,2310,23645,2,9.77,8370202,76975799,3315356,10.87
2023,MS,2452659,18544190,1335278,13.23,1760225,14230944,246032,12.37,1088735,15646628,11023,6.96,0,0,0,0.0,5301619,48421762,1592333,10.95
2023,MT,721681,5755522,549248,12.54,612982,5063035,116235,12.11,365555,4686142,12019,7.8,0,0,0,0.0,1700217,15504699,677502,10.97
2023,NC,7593061,58737520,4951380,12.93,4662157,48196906,746025,9.67,1868337,26143974,9082,7.15,1127,12708,1,8.86,14124682,133091108,5706488,10.61
2023,ND,557857,5067156,395002,11.01,800557,10854668,76700,7.38,905073,12280355,10628,7.37,0,0,0,0.0,2263487,28202179,482330,8.03
2023,NE,1195237,10670550,893123,11.2,986101,11260554,160540,8.76,888254,11640095,63824,7.63,0,0,0,0.0,3069592,33571199,1117487,9.14
2023,NH,1310466,4654978,647007,28.15,826517,4050619,111302,20.4,303539,1925716,3125,15.76,0,0,0,0.0,2440522,10631313,761434,22.96
2023,NJ,5030514,28414871,3702963,17.7,5052059,36082758,539427,14.0,727181,6223834,11246,11.68,45899,375476,8,12.22,10855653,71096939,4253644,15.27
2023,NM,1015785,7336277,928216,13.85,998732,9349407,147632,10.68,670790,11661806,9339,5.75,0,0,0,0.0,2685307,28347490,1085187,9.47
2023,NV,2251643,13508820,1288498,16.67,1472654,12366846,174042,11.91,1280856,12366508,4784,10.36,916,7181,1,12.75,5006069,38249355,1467325,13.09
2023,NY,11147682,50113258,7384444,22.25,12866330,71422184,1180841,18.01,1042211,15173534,7178,6.87,425812,2712960,8,15.7,25482035,139421936,8572471,18.28
2023,OH,7646822,49713538,5110814,15.38,4984353,46351291,624926,10.75,3554411,50545890,19087,7.03,1788,30264,2,5.91,16187373,146640983,5754829,11.04
2023,OK,2877138,23817506,1857151,12.08,2158268,23117487,304896,9.34,1379920,22043847,19874,6.26,0,0,0,0.0,6415326,68978840,2181921,9.3
2023,OR,2603098,20444544,1843683,12.73,2290636,23084137,244410,9.92,1085221,14433651,26545,7.52,2583,22630,2,11.41,5981538,57984962,2114640,10.32
2023,PA,9472222,52327643,5516157,18.1,4033022,35802263,735043,11.26,3886297,50146824,15565,7.75,44336,434263,5,10.21,17435877,138710993,6266770,12.57
2023,RI,809152,2995162,450190,27.02,645446,3650574,60297,17.68,119383,628838,1606,18.98,4532,26214,1,17.29,1578513,7300788,512094,21.62
2023,SC,4228055,30898329,2518272,13.68,2618036,25193823,410802,10.39,1677090,25110033,3634,6.68,0,0,0,0.0,8523181,81202185,2932708,10.5
2023,SD,646524,5245819,426548,12.32,511213,5032841,77048,10.16,258552,3227339,4237,8.01,0,0,0,0.0,1416289,13505999,507833,10.49
2023,TN,5041363,41350567,3106778,12.19,4139606,35094425,531644,11.8,1407569,22601013,1013,6.23,0,0,0,0.0,10588538,99046005,3639435,10.69
2023,TX,24388838,168610875,12257008,14.46,14629032,165791834,1589559,8.82,10440918,158248978,344534,6.6,12312,168698,3,7.3,49471100,492820385,14191104,10.04
2023,UT,1268526,11328264,1244066,11.2,1134662,13337953,142545,8.51,602610,8622963,10719,6.99,6678,54357,1,12.28,3012476,33343537,1397331,9.03
2023,VA,6145511,43095838,3615939,14.26,6604437,73807035,441468,8.95,1353014,15176022,3673,8.92,24958,239610,1,10.42,14127919,132318505,4061081,10.68
2023,VT,453095,2176314,322405,20.82,342606,1903595,62485,18.0,144712,1284114,257,11.27,0,0,0,0.0,940413,5364023,385147,17.53
2023,WA,4276679,38940142,3319836,10.98,3012115,30369642,401423,9.92,1279330,20156469,26546,6.35,8783,86377,5,10.17,8576907,89552630,3747810,9.58
2023,WI,3749633,22218861,2813580,16.88,2962531,23212820,365168,12.76,2006873,23131084,5591,8.68,196,1139,2,17.21,8719233,68563904,3184341,12.72
2023,WV,1437864,10233824,864768,14.05,791496,7173973,150864,11.03,1061249,14662890,11095,7.24,0,0,0,0.0,3290608,32070687,1026727,10.26
2023,WY,337897,2947863,283729,11.46,450907,5045931,58591,8.94,620644,8796321,11780,7.06,0,0,0,0.0,1409447,16790115,354100,8.39
2023,US,231992666,1450025184,141282713,16.0,177342187,1408108755,19381328,12.59,81158787,1009255634,1078249,8.04,876544,6863789,85,12.77,491370184,3874253362,161742375,12.68
2022,AK,473751,2050472,294370,23.1,516678,2575918,56372,20.06,253566,1375690,1149,18.43,0,0,0,0.0,1243996,6002080,351891,20.73
2022,AL,4690788,32923573,2329559,14.25,2946401,22391068,380269,13.16,2447353,31712904,7223,7.72,0,0,0,0.0,10084542,87027545,2717051,11.59
2022,AR,2320527,19250661,1445528,12.05,1208974,11786525,203432,10.26,1325498,17960258,35670,7.38,34,219,2,15.48,4855033,48997663,1684632,9.91
2022,AZ,4994758,38367633,3013393,13.02,3403649,31507070,340035,10.8,1125540,14311610,7808,7.86,982,10204,2,9.62,9524928,84196517,3361238,11.31
2022,CA,23136718,89542208,13942174,25.84,24896338,114141384,1767719,21.81,8116628,47500423,147928,17.09,94244,685121,12,13.76,56243928,251869136,15857833,22.33
2022,CO,2922469,20593942,2480555,14.19,2439656,21059419,390861,11.58,1296207,15018320,15078,8.63,9057,91360,1,9.91,6667389,56763041,2886495,11.75
2022,CT,3246418,13190687,1536217,24.61,2155969,11625823,155784,18.54,418994,2780106,3976,15.07,30814,170530,3,18.07,5852195,27767146,1695980,21.08
2022,DC,357265,2519079,306464,14.18,1137041,7290077,27136,15.6,14061,181716,1,7.74,21319,250662,3,8.5,1529685,10241534,333604,14.94
2022,DE,714302,5210069,461484,13.71,472127,4298806,59162,10.98,178553,2030396,868,8.79,0,0,0,0.0,1364983,11539271,521514,11.83
2022,FL,18664364,134245975,10066753,13.9,10842320,96864074,1282170,11.19,1614811,17635655,23673,9.16,7655,75099,2,10.19,31129149,248820803,11372598,12.51
2022,GA,8437884,61140241,4648898,13.8,5995224,49540774,607578,12.1,2959850,34210498,24135,8.65,13400,143691,1,9.33,17406358,145035204,5280612,12.0
2022,HI,1182559,2748479,444854,43.03,1140213,2837850,60136,40.18,1267578,3452786,822,36.71,0,0,0,0.0,3590349,9039115,505812,39.72
2022,IA,1997146,15192859,1426164,13.15,1315547,12470072,245328,10.55,1874715,26541024,9458,7.06,0,0,0,0.0,5187408,54203955,1680950,9.57
2022,ID,1033583,9963653,826329,10.37,565304,6836725,119688,8.27,630771,9400753,29155,6.71,0,0,0,0.0,2229658,26201131,975172,8.51
2022,IL,7274069,46479195,5376734,15.65,5332077,47119806,636011,11.32,3584548,41817849,5486,8.57,32783,454730,4,7.21,16223477,135871580,6018235,11.94
2022,IN,4970158,34058498,2988151,14.59,3020294,23493759,370420,12.86,3673894,42479590,19116,8.65,1631,12518,1,13.03,11665978,100044365,3377688,11.66
2022,KS,2020777,14443522,1297400,13.99,1816669,15781384,245577,11.51,974218,11736159,24109,8.3,0,0,0,0.0,4811665,41961065,1567086,11.47
2022,KY,3466096,26840186,2045252,12.91,2317841,19674006,318516,11.78,2135730,28824550,5419,7.41,0,0,0,0.0,7919668,75338742,2369187,10.51
2022,LA,4067058,31444708,2128425,12.93,2809136,23540241,299424,11.93,3027439,40143868,19695,7.54,1267,10181,1,12.45,9904900,95138998,2447545,10.41
2022,MA,5196288,20006891,2888583,25.97,4562463,24443659,435521,18.67,1063201,6233832,10524,17.06,21180,299058,2,7.08,10843132,50983440,3334630,21.27
2022,MD,4057913,28065379,2415655,14.46,3494862,27623358,260799,12.65,360419,3601623,9156,10.01,37070,392359,5,9.45,7950263,59682719,2685615,13.32
2022,ME,1142540,5090874,728053,22.44,636081,4129399,106211,15.4,292946,2655435,2155,11.03,0,0,0,0.0,2071566,11875708,836419,17.44
2022,MI,6255971,35034971,4475317,17.86,4657585,37114401,554487,12.55,2372266,28485570,5689,8.33,534,4320,2,12.35,13286355,100639262,5035495,13.2
2022,MN,3336372,23418313,2523110,14.25,2773158,22548588,308250,12.3,1911003,20648588,9234,9.25,2450,19941,1,12.29,8022983,66635430,2840595,12.04
2022,MO,4373898,37244970,2882259,11.74,2845815,29790520,398806,9.55,1015285,13245662,9883,7.67,2252,25108,2,8.97,8237250,80306260,3290950,10.26
2022,MS,2348630,18917877,1329184,12.41,1656441,14089632,245252,11.76,1071425,15972024,10911,6.71,0,0,0,0.0,5076496,48979533,1585347,10.36
2022,MT,667968,5894499,540745,11.33,535936,5019659,114645,10.68,349566,4669625,11917,7.49,0,0,0,0.0,1553470,15583783,667307,9.97
2022,NC,7253470,62443953,4855658,11.62,4307722,49228797,739530,8.75,1801078,27519330,9152,6.54,1117,14681,1,7.61,13363388,139206761,5604341,9.6
2022,ND,575541,5271904,392470,10.92,709487,8392425,76800,8.45,854283,11728548,9142,7.28,0,0,0,0.0,2139310,25392877,478412,8.42
2022,NE,1185532,10983649,877619,10.79,848420,9618755,158569,8.82,955199,13241701,63679,7.21,0,0,0,0.0,2989152,33844105,1099867,8.83
2022,NH,1224085,4808322,642870,25.46,763434,4084625,110915,18.69,291573,1925183,3167,15.15,0,0,0,0.0,2279091,10818130,756952,21.07
2022,NJ,5031557,30062192,3675569,16.74,5138269,37374037,532838,13.75,818454,6753844,11427,12.12,32598,252662,7,12.9,11020878,74442735,4219841,14.8
2022,NM,1008182,7282636,921109,13.84,1006037,9084022,147142,11.07,707421,10789520,9278,6.56,0,0,0,0.0,2721640,27156178,1077529,10.02
2022,NV,1971542,14306529,1270155,13.78,1260723,12427663,173757,10.14,1068731,12578639,3386,8.5,699,7176,1,9.74,4301694,39320007,1447299,10.94
2022,NY,11531652,52227413,7346236,22.08,13132991,72205589,1166974,18.19,1221472,16177769,7333,7.55,359708,2599746,8,13.84,26245822,143210517,8520551,18.33
2022,OH,7384055,53312216,5082414,13.85,4789696,46090803,631665,10.39,3729572,50062730,19383,7.45,2907,34034,3,8.54,15906229,149499783,5733465,10.64
2022,OK,3170141,25479144,1839083,12.44,2296387,22211526,300361,10.34,1516985,21796272,20064,6.96,0,0,0,0.0,6983513,69486942,2159508,10.05
2022,OR,2367526,20725899,1826286,11.42,1557988,16654576,244617,9.35,1288904,18923722,26560,6.81,2372,22699,2,10.45,5216790,56326896,2097465,9.26
2022,PA,8994501,56413218,5504325,15.94,3995009,37219047,730432,10.73,4178366,50882779,15351,8.21,41358,529548,7,7.81,17209234,145044592,6250115,11.86
2022,RI,735413,3168339,448184,23.21,607915,3745633,60133,16.23,114833,639343,1628,17.96,4025,22969,1,17.52,1462185,7576284,509946,19.3
2022,SC,4386983,32287075,2472265,13.59,2619552,24130625,403966,10.86,1878229,26340732,3635,7.13,0,0,0,0.0,8884763,82758432,2879866,10.74
2022,SD,643720,5322906,419358,12.09,503834,4936093,76157,10.21,257919,3208065,4201,8.04,0,0,0,0.0,1405474,13467064,499716,10.44
2022,TN,5339495,43603987,3058391,12.25,4293143,35719452,528291,12.02,1491695,22788612,1023,6.55,0,0,0,0.0,11124332,102112051,3587705,10.89
2022,TX,23474681,170596460,12063147,13.76,14538636,160719198,1574976,9.05,10259466,143905882,322120,7.13,12259,179652,3,6.82,48285042,475401192,13960246,10.16
2022,UT,1230161,11344265,1207878,10.84,1079393,12870552,141960,8.39,622535,9104680,10380,6.84,5694,46004,1,12.38,2937783,33365501,1360219,8.8
2022,VA,6233144,46717547,3583371,13.34,6620629,68556082,437391,9.66,1347186,16861186,3663,7.99,14087,129802,1,10.85,14215046,132264617,4024426,10.75
2022,VT,435861,2186667,320849,19.93,331274,1916375,61583,17.29,162496,1367429,253,11.88,0,0,0,0.0,929631,5470471,382685,16.99
2022,WA,4079234,39775849,3273505,10.26,2827193,29780448,398253,9.49,1309410,21227090,26379,6.17,11447,113933,5,10.05,8227285,90897320,3698142,9.05
2022,WI,3575870,22887928,2786457,15.62,2775141,23426668,363517,11.85,1999968,23560174,5587,8.49,182,1101,2,16.55,8351161,69875871,3155563,11.95
2022,WV,1473398,11136970,863905,13.23,758145,7275035,149706,10.42,981970,14574283,11224,6.74,0,0,0,0.0,3213512,32986288,1024835,9.74
2022,WY,333636,3008680,281464,11.09,344774,3610790,58407,9.55,680771,9879959,11730,6.89,0,0,0,0.0,1359181,16499429,351601,8.24
2022,US,226989647,1509233162,139854178,15.04,172599590,1390872813,19257529,12.41,84894579,1020463986,1049983,8.32,765121,6599108,86,11.59,485248938,3927169069,160161776,12.36
2021,AK,469886,2083911,292451,22.55,501658,2558649,56005,19.61,223588,1326779,1135,16.85,0,0,0,0.0,1195132,5969339,349591,20.02
2021,AL,4092368,31585153,2308226,12.96,2586968,21844283,376180,11.84,2034105,32155730,7233,6.33,0,0,0,0.0,8713442,85585166,2691639,10.18
2021,AR,2131723,18918015,1436246,11.27,1101412,11516908,201408,9.56,1196803,18228014,36628,6.57,28,205,2,13.56,4429965,48663142,1674284,9.1
2021,AZ,4655903,37130339,2953823,12.54,3098754,29990064,335377,10.33,956213,14089072,7548,6.79,981,10515,2,9.33,8711850,81219990,3296750,10.73
2021,CA,20604392,90284143,13883994,22.82,20861069,108761594,1750923,19.18,7050423,47583329,149389,14.82,73215,620799,12,11.79,48589099,247249865,15784318,19.65
2021,CO,2696118,20625005,2443109,13.07,2232288,20584470,388601,10.84,1205161,15053158,15287,8.01,8362,88576,1,9.44,6141929,56351209,2846998,10.9
2021,CT,2868410,13092128,1530251,21.91,1926205,11701168,155791,16.46,269676,2799194,4049,9.63,18136,145116,3,12.5,5082427,27737606,1690094,18.32
2021,DC,330851,2528049,298337,13.09,915415,7043709,26783,13.0,18839,239501,1,7.87,26547,272113,3,9.76,1291653,10083372,325124,12.81
2021,DE,647126,5170380,453758,12.52,397960,4196263,58353,9.48,160527,2113012,864,7.6,0,0,0,0.0,1205613,11479655,512975,10.5
2021,FL,15518174,130412464,9917113,11.9,8931651,93965070,1272939,9.51,1308516,17112564,23036,7.65,5985,71984,2,8.31,25764326,241562082,11213090,10.67
2021,GA,7339634,58684962,4560653,12.51,4858538,45777026,599964,10.61,2125605,32758986,24211,6.49,9449,142978,1,6.61,14333226,137363952,5184829,10.43
2021,HI,946210,2825082,443535,33.49,859804,2784538,59935,30.88,902208,3326862,817,27.12,0,0,0,0.0,2708221,8936482,504287,30.31
2021,IA,1864645,14651755,1417424,12.73,1234385,12135097,246568,10.17,1731614,26106417,9479,6.63,0,0,0,0.0,4830644,52893269,1673471,9.13
2021,ID,944639,9300843,806421,10.16,520870,6600296,117323,7.89,599709,9384477,28974,6.39,0,0,0,0.0,2065218,25285616,952718,8.17
2021,IL,6167780,46813068,5361717,13.18,4529428,46923210,633019,9.65,3027919,41498024,5456,7.3,29178,454531,3,6.42,13754306,135688833,6000195,10.14
2021,IN,4476492,33471970,2948803,13.37,2653827,22920929,364549,11.58,3199952,43329491,19066,7.39,1775,17656,1,10.05,10332045,99740046,3332419,10.36
2021,KS,1787507,13769410,1289344,12.98,1615098,15356451,245045,10.52,838799,11365925,23965,7.38,0,0,0,0.0,4241403,40491786,1558354,10.47
2021,KY,3040792,26434371,2032575,11.5,2008535,18685936,316806,10.75,1748373,29396679,5424,5.95,0,0,0,0.0,6797700,74516986,2354805,9.12
2021,LA,3351648,30408224,2126155,11.02,2297883,22459648,297724,10.23,2357221,37941990,19928,6.21,1021,9484,1,10.77,8007773,90819346,2443808,8.82
2021,MA,4647885,20305269,2840311,22.89,4048413,23832465,432903,16.99,963191,6345834,10907,15.18,20508,314820,2,6.51,9679996,50798388,3284123,19.06
2021,MD,3669204,27964545,2395954,13.12,2814081,27437050,257947,10.26,294409,3480392,8991,8.46,31972,421987,5,7.58,6809666,59303974,2662897,11.48
2021,ME,861576,5062266,722038,17.02,509428,3948896,98304,12.9,245671,2573512,2498,9.55,0,0,0,0.0,1616675,11584674,822840,13.96
2021,MI,6289783,35868100,4458038,17.54,4537108,36860868,550701,12.31,2082727,27081082,5706,7.69,398,3231,2,12.3,12910015,99813281,5014447,12.93
2021,MN,3138279,23246055,2496406,13.5,2478396,22093189,306605,11.22,1759971,21227196,9130,8.29,2360,22728,1,10.38,7379007,66589168,2812142,11.08
2021,MO,4071545,35668409,2861933,11.42,2657624,28987412,395150,9.17,929932,13086588,9985,7.11,1699,20632,2,8.23,7660799,77763041,3267070,9.85
2021,MS,2145795,18569936,1321576,11.56,1478569,13676163,241509,10.81,938693,15769265,10795,5.95,0,0,0,0.0,4563056,48015364,1573880,9.5
2021,MT,623923,5559446,531398,11.22,517065,4906132,112777,10.54,280444,4495983,11670,6.24,0,0,0,0.0,1421432,14961561,655845,9.5
2021,NC,6897040,60914684,4774592,11.32,4053567,47714832,731526,8.5,1660482,27049367,9567,6.14,1114,14194,1,7.85,12612203,135693077,5515686,9.29
2021,ND,530311,4888401,391340,10.85,624295,6808316,77174,9.17,822740,11166390,8980,7.37,0,0,0,0.0,1977346,22863107,477494,8.65
2021,NE,1127997,10492369,869656,10.75,815530,9260421,157335,8.81,914411,12588380,63253,7.26,0,0,0,0.0,2857937,32341170,1090244,8.84
2021,NH,959250,4831911,638267,19.85,662376,4106692,110003,16.13,266332,1928665,3180,13.81,0,0,0,0.0,1887958,10867268,751450,17.37
2021,NJ,4921080,30090371,3648914,16.35,4585342,36137241,529178,12.69,705553,6593424,11503,10.7,23053,249430,6,9.24,10235028,73070466,4189601,14.01
2021,NM,958086,7088358,914495,13.52,935011,8655826,146312,10.8,594168,9649559,9271,6.16,0,0,0,0.0,2487264,25393743,1070078,9.79
2021,NV,1651794,14373357,1249392,11.49,954732,12293815,171686,7.77,743879,12359543,3303,6.02,411,5327,1,7.72,3350816,39032042,1424382,8.58
2021,NY,10161755,52156882,7256212,19.48,11238347,69920488,1161852,16.07,1071636,16891152,7313,6.34,311083,2455256,8,12.67,22782820,141423778,8425385,16.11
2021,OH,6789217,53171193,5041904,12.77,4385397,44980452,640013,9.75,3246519,49529406,19556,6.55,2728,36814,3,7.41,14423860,147717865,5701476,9.76
2021,OK,2612424,23745867,1818813,11.0,1739517,19999312,296856,8.7,1143471,20779958,20174,5.5,0,0,0,0.0,5495412,64525137,2135843,8.52
2021,OR,2307363,20285346,1805684,11.37,1503117,16508755,242237,9.11,1034702,17318508,26447,5.97,2193,22596,2,9.71,4847374,54135205,2074370,8.95
2021,PA,7697613,55945176,5477367,13.76,3295183,36988112,725725,8.91,3268118,49999765,15006,6.54,27859,407101,5,6.84,14288773,143340154,6218103,9.97
2021,RI,698380,3131533,446320,22.3,558933,3604518,60091,15.51,103366,643779,1650,16.06,3589,18174,1,19.75,1364269,7398004,508062,18.44
2021,SC,4037454,31385796,2426703,12.86,2253779,21114323,402005,10.67,1656154,27292017,3652,6.07,0,0,0,0.0,7947387,79792136,2832360,9.96
2021,SD,616517,5043964,412657,12.22,486369,4791689,74987,10.15,257176,3205738,4151,8.02,0,0,0,0.0,1360063,13041391,491795,10.43
2021,TN,4741606,42840442,3016642,11.07,3789845,34863397,519798,10.87,1206803,21917298,1016,5.51,0,0,0,0.0,9738253,99621137,3537456,9.78
2021,TX,18772300,155075136,11815251,12.11,12897917,147843231,1552641,8.72,8115251,132529561,293034,6.12,11865,179950,3,6.59,39797333,435627878,13660929,9.14
2021,UT,1142206,10950415,1176949,10.43,992418,12206510,139168,8.13,586304,9471737,10180,6.19,5490,48965,1,11.21,2726418,32677627,1326298,8.34
2021,VA,5579585,46634411,3551532,11.96,4575242,58723978,442263,7.79,1279924,19712199,3687,6.49,14823,174608,1,8.49,11449574,125245196,3997483,9.14
2021,VT,418734,2174489,319444,19.26,309772,1867111,60403,16.59,155980,1371096,248,11.38,0,0,0,0.0,884486,5412696,380095,16.34
2021,WA,3843746,38021233,3220813,10.11,2618513,28637381,394023,9.14,1245305,21436480,26243,5.81,10248,103574,5,9.89,7717812,88198668,3641084,8.75
2021,WI,3320221,22864047,2761990,14.52,2547820,23266013,361589,10.95,1777080,23295516,5665,7.63,157,1039,2,15.12,7645277,69426615,3129246,11.01
2021,WV,1343207,11050705,863647,12.15,679560,7156304,148231,9.5,884516,14570979,11343,6.07,0,0,0,0.0,2907283,32777988,1023221,8.87
2021,WY,323702,2897498,278599,11.17,333214,3443297,58019,9.68,644772,9443917,11618,6.83,0,0,0,0.0,1301688,15784712,348236,8.25
2021,US,200833874,1470486882,138308772,13.66,149008224,1328439498,19102304,11.22,71834926,1000613490,1022212,7.18,646228,6334383,82,10.2,422323251,3805874253,158433370,11.1
2020,AK,471526,2089046,315208,22.57,494103,2524116,61993,19.58,207206,1304415,1129,15.88,0,0,0,0.0,1172835,5917577,378330,19.82
2020,AL,3939867,31331041,2280741,12.58,2460395,21307775,371888,11.55,1806524,30756789,7240,5.87,0,0,0,0.0,8206786,83395605,2659869,9.84
2020,AR,1871422,17980206,1413490,10.41,956720,11110416,197869,8.61,987435,16760182,35978,5.89,27,199,2,13.32,3815604,45851003,1647339,8.32
2020,AZ,4751047,38707416,2896339,12.27,2944348,29128178,331229,10.11,856644,14113139,7595,6.07,1064,11341,2,9.38,8553103,81960074,3235165,10.44
2020,CA,19413314,94934563,13834719,20.45,18757401,107006347,1725533,17.53,6797215,47630882,148130,14.27,60682,602880,13,10.07,45028612,250174672,15708395,18.0
2020,CO,2531337,20482502,2400357,12.36,2062508,20042218,384518,10.29,1154897,15431465,15209,7.48,8126,94079,1,8.64,5756868,56050264,2800085,10.27
2020,CT,2948780,12981839,1521112,22.71,1848336,11145896,154894,16.58,373836,2860291,4130,13.07,16768,125647,3,13.34,5187720,27113673,1680139,19.13
2020,DC,309841,2452589,290466,12.63,807759,6814560,26672,11.85,14881,186344,1,7.99,31906,332282,3,9.6,1164386,9785775,317142,11.9
2020,DE,627031,4991134,446276,12.56,374876,4082497,56764,9.18,137784,2055420,878,6.7,0,0,0,0.0,1139691,11129051,503918,10.24
2020,FL,15021436,133298869,9731237,11.27,8181315,92493736,1256569,8.85,1185729,16572954,22587,7.15,5739,74612,2,7.69,24394219,242440171,11010395,10.06
2020,GA,6995859,58220280,4487431,12.02,4466257,44301529,592220,10.08,1777389,30807724,23822,5.77,7584,140609,1,5.39,13247089,133470142,5103474,9.93
2020,HI,862771,2849114,442002,30.28,762527,2684301,59734,28.41,797940,3263346,816,24.45,0,0,0,0.0,2423238,8796761,502552,27.55
2020,IA,1815028,14567483,1403386,12.46,1155688,11605738,243762,9.96,1572418,24466641,9507,6.43,0,0,0,0.0,4543133,50639862,1656655,8.97
2020,ID,892473,8970751,782559,9.95,488956,6309927,114707,7.75,571938,9180674,28759,6.23,0,0,0,0.0,1953366,24461352,926025,7.99
2020,IL,6021966,46170538,5339610,13.04,4160567,45486577,628868,9.15,2703056,40362204,5561,6.7,29507,449958,3,6.56,12915096,132469277,5974042,9.75
2020,IN,4217038,32878355,2920266,12.83,2465067,21996478,363465,11.21,2949718,42262910,19383,6.98,1839,18001,1,10.21,9633661,97155744,3303115,9.92
2020,KS,1747076,13592444,1282532,12.85,1544299,14843319,236430,10.4,806298,11048183,23979,7.3,0,0,0,0.0,4097673,39483946,1542941,10.38
2020,KY,2818425,25935096,2013910,10.87,1867406,18061357,312014,10.34,1477126,27803946,5982,5.31,0,0,0,0.0,6162957,71800399,2331906,8.58
2020,LA,2942989,30440746,2112928,9.67,1982599,22398708,296222,8.85,1770445,36276417,19276,4.88,948,10814,1,8.77,6696981,89126685,2428427,7.51
2020,MA,4468961,20345178,2817549,21.97,3706930,23120500,411448,16.03,902346,6220376,10877,14.51,20159,323287,2,6.24,9098394,50009341,3239876,18.19
2020,MD,3551281,27306375,2376983,13.01,2572151,26451864,256738,9.72,264111,3381895,8966,7.81,38082,488906,5,7.79,6425625,57629040,2642692,11.15
2020,ME,824665,4905263,717559,16.81,479414,3815653,97575,12.56,232770,2625824,2681,8.86,0,0,0,0.0,1536849,11346740,817815,13.54
2020,MI,5831461,35862912,4423595,16.26,4156478,35490797,546115,11.71,1858134,25654081,5580,7.24,469,4116,2,11.39,11846542,97011906,4975292,12.21
2020,MN,3020236,22935672,2464753,13.17,2244659,21526677,303702,10.43,1501592,19571847,9042,7.67,1919,20410,1,9.4,6768406,64054606,2777498,10.57
2020,MO,3922562,34950370,2833918,11.22,2495141,27931047,387872,8.93,877402,12823832,10108,6.84,1603,20463,2,7.84,7296708,75725712,3231900,9.64
2020,MS,2010535,17994833,1308149,11.17,1368949,13185143,237370,10.38,862202,15302064,10343,5.63,0,0,0,0.0,4241686,46482040,1555862,9.13
2020,MT,604844,5379965,522382,11.24,494421,4702353,110977,10.51,232985,4501861,11414,5.18,0,0,0,0.0,1332250,14584179,644773,9.13
2020,NC,6672919,58641572,4695096,11.38,3989150,45905051,710220,8.69,1630155,25828233,9822,6.31,1236,16124,1,7.67,12293460,130390980,5415139,9.43
2020,ND,526673,5046551,387506,10.44,598966,6641700,76834,9.02,735791,10131201,8933,7.26,0,0,0,0.0,1861430,21819452,473273,8.53
2020,NE,1135271,10514944,864842,10.8,807988,9090239,155282,8.89,853740,11566353,62716,7.38,0,0,0,0.0,2796999,31171536,1082840,8.97
2020,NH,911967,4790374,633234,19.04,621042,4029709,109068,15.41,245652,1873446,3180,13.11,0,0,0,0.0,1778660,10693529,745482,16.63
2020,NJ,4756754,29676857,3618587,16.03,4360716,35315617,526725,12.35,674041,6735377,11629,10.01,24836,270370,6,9.19,9816347,71998221,4156947,13.63
2020,NM,942023,7282079,905885,12.94,863824,8406884,145459,10.28,507044,9088192,9436,5.58,0,0,0,0.0,2312891,24777155,1060780,9.33
2020,NV,1624395,14321607,1226566,11.34,892503,11983740,169743,7.45,669293,11924592,3316,5.61,350,3960,1,8.84,3186540,38233899,1399626,8.33
2020,NY,9596805,52257144,7239162,18.36,10044876,68988817,1143347,14.56,920958,16610457,7535,5.54,309509,2550214,8,12.14,20872148,140406632,8390052,14.87
2020,OH,6457167,52552770,5014959,12.29,4116142,43204165,636519,9.53,2884078,46823365,19746,6.16,2342,34899,3,6.71,13459729,142615199,5671227,9.44
2020,OK,2350122,23232473,1795629,10.12,1463053,18698988,290192,7.82,938950,20367844,20468,4.61,0,0,0,0.0,4752124,62299305,2106289,7.63
2020,OR,2191867,19628011,1785131,11.17,1417933,15748914,239645,9.0,889561,15616782,26353,5.7,2423,25606,2,9.46,4501783,51019313,2051131,8.82
2020,PA,7511991,55307093,5448109,13.58,3006398,35381006,720919,8.5,2994347,48607303,15462,6.16,36505,425435,5,8.58,13549241,139720837,6184495,9.7
2020,RI,692840,3148021,441573,22.01,566168,3551262,60057,15.94,100013,634692,1692,15.76,3905,17566,1,22.23,1362926,7351541,503323,18.54
2020,SC,3940889,30826017,2377020,12.78,2156567,20834372,395288,10.35,1499264,25076787,3714,5.98,0,0,0,0.0,7596720,76737176,2776022,9.9
2020,SD,595509,5070024,407532,11.75,453276,4696475,74236,9.65,228209,2929346,4109,7.79,0,0,0,0.0,1276994,12695845,485877,10.06
2020,TN,4420255,41084911,2930482,10.76,3535442,33480189,501589,10.56,1089955,20438788,1015,5.33,0,0,0,0.0,9045652,95003888,3433086,9.52
2020,TX,18322011,156414819,11515333,11.71,11030926,145167577,1539553,7.6,6341506,125107209,264126,5.07,11314,173662,3,6.52,35705757,426863267,13319015,8.36
2020,UT,1100682,10546793,1143136,10.44,942516,11395032,135113,8.27,570991,9672119,11001,5.9,5263,49213,1,10.69,2619452,31663157,1289251,8.27
2020,VA,5542948,46088846,3506844,12.03,4085686,53526846,437477,7.63,1096748,17474236,3693,6.28,14431,164460,1,8.77,10739813,117254388,3948015,9.16
2020,VT,421376,2157001,316948,19.54,295914,1805738,59554,16.39,153298,1368719,252,11.2,0,0,0,0.0,870587,5331458,376754,16.33
2020,WA,3639303,36858798,3168238,9.87,2436452,27307412,389802,8.92,1140241,22442186,26741,5.08,9708,97748,5,9.93,7225703,86706144,3584786,8.33
2020,WI,3271758,22846734,2742424,14.32,2412932,22436275,360316,10.75,1615656,22164389,5621,7.29,141,963,2,14.64,7300487,67448361,3108363,10.82
2020,WV,1283976,10877499,862279,11.8,654036,6955844,146769,9.4,867943,14243240,11444,6.09,0,0,0,0.0,2805954,32076583,1020492,8.75
2020,WY,319940,2879528,276029,11.11,320504,3320024,57958,9.65,628104,9131466,11334,6.88,0,0,0,0.0,1268548,15331018,345321,8.27
2020,US,192663208,1464605046,136682001,13.15,136372272,1287439583,18848813,10.59,63955556,959082028,992311,6.67,648385,6547824,83,9.9,393639421,3717674481,156523208,10.59
2019,AK,441887,1928208,289290,22.92,522388,2638846,55080,19.8,212081,1251751,1126,16.94,0,0,0,0.0,1176356,5818805,345496,20.22
2019,AL,4061182,32415646,2249425,12.53,2657626,23076470,369798,11.52,1939949,32602996,7245,5.95,0,0,0,0.0,8658756,88095112,2626468,9.83
2019,AR,1834859,18732316,1396870,9.8,1049648,11948689,198861,8.78,1067717,17411611,34864,6.13,49,416,2,11.73,3952274,48093032,1630597,8.22
2019,AZ,4317059,34720050,2853183,12.43,3013741,29415272,326191,10.25,865241,13782704,7899,6.28,1079,11144,2,9.68,8197120,77929170,3187275,10.52
2019,CA,16763780,87523987,13707126,19.15,19052164,114279373,1718601,16.67,6405718,47807729,147660,13.4,68402,767621,12,8.91,42290064,250378710,15573399,16.89
2019,CO,2362565,19404743,2370164,12.18,2202661,21111259,380609,10.43,1175300,15891020,14386,7.4,9905,113801,1,8.7,5750431,56520823,2765160,10.17
2019,CT,2732697,12493550,1510966,21.87,2035899,12157788,151979,16.75,412704,3071792,4204,13.44,24209,176866,3,13.69,5205509,27899996,1667152,18.66
2019,DC,330687,2546920,282277,12.98,974995,7952305,26471,12.26,14774,179632,1,8.22,33199,349546,3,9.5,1353655,11028403,308752,12.27
2019,DE,627984,5004131,439167,12.55,421499,4421465,55802,9.53,157386,2043826,865,7.7,0,0,0,0.0,1206868,11469422,495834,10.52
2019,FL,14882751,127181551,9565846,11.7,8950252,96566532,1240902,9.27,1263326,16514482,23579,7.65,7103,85390,2,8.32,25103431,240347955,10830329,10.44
2019,GA,6979149,59331491,4411521,11.76,4751931,47411823,585573,10.02,1998924,32393384,23539,6.17,9608,164292,1,5.85,13739612,139300990,5020634,9.86
2019,HI,884847,2759774,438352,32.06,893824,3057866,59878,29.23,936272,3635247,823,25.76,0,0,0,0.0,2714942,9452887,499053,28.72
2019,IA,1805899,14494821,1392979,12.46,1230296,12309610,241734,9.99,1599654,24238717,8565,6.6,0,0,0,0.0,4635849,51043148,1643278,9.08
2019,ID,860048,8696843,763841,9.89,493892,6440943,112137,7.67,538026,8847489,28493,6.08,0,0,0,0.0,1891966,23985275,904471,7.89
2019,IL,5890958,45220258,5314522,13.03,4475930,49278746,622802,9.08,2821770,43250445,5737,6.52,39370,570032,3,6.91,13228027,138319481,5943064,9.56
2019,IN,4182919,33249234,2887031,12.58,2593902,23517681,358791,11.03,3334726,45316682,18805,7.36,2218,20606,1,10.76,10113765,102104203,3264628,9.91
2019,KS,1732742,13630661,1274955,12.71,1637848,15916325,235236,10.29,853134,11612642,24230,7.35,0,0,0,0.0,4223724,41159628,1534421,10.26
2019,KY,2869131,26573076,1991137,10.8,1990820,19611510,309830,10.15,1624405,29160796,6147,5.57,0,0,0,0.0,6484356,75345382,2307114,8.61
2019,LA,3035095,30986024,2095466,9.8,2163564,24284298,295153,8.91,1979112,37846317,19373,5.23,1079,11886,1,9.08,7178850,93128525,2409993,7.71
2019,MA,4233106,19314571,2802099,21.92,4255443,25336834,410995,16.8,935805,6341699,11020,14.76,21138,343494,2,6.15,9445492,51336598,3224116,18.4
2019,MD,3611327,27533693,2352535,13.12,2879566,28893335,256165,9.97,290022,3718412,8935,7.8,42367,575218,5,7.37,6823282,60720658,2617640,11.24
2019,ME,857569,4793809,710869,17.89,532119,4148305,99738,12.83,257281,2789926,2893,9.22,0,0,0,0.0,1646968,11732040,813500,14.04
2019,MI,5273119,33495725,4384305,15.74,4313039,37860783,544690,11.39,2114082,29886432,5726,7.07,671,6353,2,10.56,11700911,101249293,4934723,11.56
2019,MN,2906625,22288152,2446111,13.04,2369105,22904299,299995,10.34,1636945,21748034,8998,7.53,2383,25109,1,9.49,6915058,66965594,2755105,10.33
2019,MO,3975602,35691426,2811863,11.14,2733866,30133114,384787,9.07,924819,13009718,10096,7.11,1855,23517,2,7.89,7636141,78857775,3206748,9.68
2019,MS,2108801,18717858,1293419,11.27,1497763,14238982,237625,10.52,936158,15994186,10379,5.85,0,0,0,0.0,4542721,48951026,1541423,9.28
2019,MT,590943,5308103,516052,11.13,515875,4956080,109459,10.41,275675,5057088,11286,5.45,0,0,0,0.0,1382494,15321271,636797,9.02
2019,NC,6834017,59852793,4620856,11.42,4330825,49173038,705587,8.81,1726559,27391009,9871,6.3,1533,18691,1,8.2,12892934,136435531,5336315,9.45
2019,ND,527970,5125431,385038,10.3,633843,7035031,76355,9.01,746677,9398793,8803,7.94,0,0,0,0.0,1908490,21559255,470196,8.85
2019,NE,1109655,10307905,855619,10.77,836870,9456725,153814,8.85,812630,10618560,62204,7.65,0,0,0,0.0,2759154,30383190,1071637,9.08
2019,NH,903574,4506830,627257,20.05,682119,4280854,108247,15.93,251844,1923973,3193,13.09,0,0,0,0.0,1837537,10711657,738697,17.15
2019,NJ,4534973,28612555,3596834,15.85,4650585,38012684,523796,12.23,710108,6990063,11781,10.16,26513,301402,7,8.8,9922179,73916704,4132418,13.42
2019,NM,859664,6871561,895086,12.51,884212,9028861,144960,9.79,492124,8979712,9456,5.48,0,0,0,0.0,2235999,24880134,1049502,8.99
2019,NV,1544743,12867637,1204996,12.0,938867,11681186,167628,8.04,762826,12425536,3265,6.14,683,8027,1,8.51,3247118,36982386,1375890,8.78
2019,NY,8995439,50141003,7235400,17.94,10556658,75090820,1121107,14.06,985033,17548457,7607,5.61,346400,2820065,8,12.28,20883531,145600345,8364122,14.34
2019,OH,6464453,52226097,4980931,12.38,4469895,46008937,632794,9.72,3292193,50249178,19798,6.55,2574,37708,2,6.83,14229116,148521920,5633525,9.58
2019,OK,2429743,23805972,1777156,10.21,1603441,20085991,285641,7.98,1059116,20903983,19905,5.07,0,0,0,0.0,5092299,64795946,2082702,7.86
2019,OR,2123882,19286182,1763783,11.01,1453026,16422975,240488,8.85,858920,14668288,25169,5.86,2461,26941,2,9.14,4438290,50404386,2029442,8.81
2019,PA,7508619,54396182,5418870,13.8,3498024,40142710,716992,8.71,3230283,50422724,13788,6.41,44937,618767,6,7.26,14281864,145580383,6149656,9.81
2019,RI,648292,2983012,444216,21.73,597112,3644482,60672,16.38,108412,695416,1758,15.59,4994,27005,1,18.49,1358809,7349915,506647,18.49
2019,SC,4048095,31159957,2330903,12.99,2344564,22168328,385285,10.58,1643068,26877335,3703,6.11,0,0,0,0.0,8035727,80205620,2719891,10.02
2019,SD,584266,5057032,403717,11.55,468846,4888034,73549,9.59,228300,2923865,4089,7.81,0,0,0,0.0,1281412,12868931,481355,9.96
2019,TN,4628861,42573183,2914916,10.87,3850725,36151394,497497,10.65,1198249,21104523,1016,5.68,0,0,0,0.0,9677835,99829100,3413429,9.69
2019,TX,18286991,155481342,11366639,11.76,11440049,142001524,1537111,8.06,7171361,131673922,232427,5.45,12022,186616,3,6.44,36910422,429343404,13136180,8.6
2019,UT,1013001,9739525,1116145,10.4,979491,11860449,132082,8.26,567343,9490843,10343,5.98,5498,51748,1,10.62,2565333,31142565,1258571,8.24
2019,VA,5632066,46666163,3464677,12.07,4417182,53981176,434175,8.18,1206041,17598247,3723,6.85,15690,189794,1,8.27,11270978,118435380,3902576,9.52
2019,VT,368721,2081545,316180,17.71,309173,1934464,58320,15.98,155930,1411655,242,11.05,0,0,0,0.0,833823,5427664,374742,15.36
2019,WA,3544716,36512424,3126192,9.71,2561371,29269638,389147,8.75,1209353,25171873,26829,4.8,9341,98861,5,9.45,7324781,91052796,3542173,8.04
2019,WI,3117985,21995360,2720287,14.18,2525071,23546114,356561,10.72,1727052,23614832,5522,7.31,171,1234,2,13.85,7370279,69157540,3082372,10.66
2019,WV,1254560,11153219,857666,11.25,693448,7567130,145225,9.16,875173,14526664,11562,6.02,0,0,0,0.0,2823181,33247013,1014453,8.49
2019,WY,318423,2849378,274881,11.18,344712,3575477,58325,9.64,695295,10338641,11294,6.73,0,0,0,0.0,1358431,16763496,344500,8.1
2019,US,187436037,1440288909,135249616,13.01,145279763,1360876555,18694240,10.68,68284892,1002352849,954222,6.81,737452,7632150,83,9.66,401738144,3811150463,154898161,10.54
2018,AK,433247,1974906,287526,21.94,491609,2646058,53957,18.58,231156,1351503,1387,17.1,0,0,0,0.0,1156012,5972467,342870,19.36
2018,AL,4027603,33080380,2229472,12.18,2639244,23483072,371097,11.24,2027558,33717004,7342,6.01,0,0,0,0.0,8694405,90280456,2607911,9.63
2018,AR,1888657,19259204,1388358,9.81,951473,12278279,196482,7.75,1018825,18064787,36596,5.64,50,438,2,11.35,3859004,49602708,1621438,7.78
2018,AZ,4425192,34660297,2808352,12.77,3158290,29683550,322135,10.64,916272,13994441,7794,6.55,803,8014,2,10.02,8500556,78346302,3138283,10.85
2018,CA,16782222,89099985,13591152,18.84,18924312,115786492,1714875,16.34,6546363,49587913,148644,13.2,64821,749882,12,8.64,42317717,255224272,15454683,16.58
2018,CO,2342778,19286952,2326976,12.15,2105709,21023300,376104,10.02,1198532,16047258,15985,7.47,8371,92970,1,9.0,5655389,56450480,2719066,10.02
2018,CT,2769111,13061372,1503701,21.2,2074987,12381063,153824,16.76,441995,3209992,4308,13.77,23296,181498,4,12.84,5309389,28833925,1661837,18.41
2018,DC,332869,2592242,274613,12.84,985752,8236225,26336,11.97,15982,192662,1,8.3,32125,336781,3,9.54,1366729,11357910,300953,12.03
2018,DE,635362,5070175,432449,12.53,419179,4342340,54904,9.65,187698,2360585,837,7.95,0,0,0,0.0,1242239,11773100,488190,10.55
2018,FL,14485280,125528047,9423022,11.54,8845109,96265276,1229559,9.19,1276341,16689129,21327,7.65,6854,82939,2,8.26,24613584,238565391,10673910,10.32
2018,GA,6847325,59689106,4354021,11.47,4633071,47311675,579468,9.79,1963178,32695791,23065,6.0,9354,169502,1,5.52,13452928,139866074,4956555,9.62
2018,HI,880207,2710698,436266,32.47,906817,3033009,59661,29.9,937994,3593454,814,26.1,0,0,0,0.0,2725018,9337161,496741,29.18
2018,IA,1817122,14840349,1385756,12.24,1202569,12417671,239703,9.68,1546011,23952635,7890,6.45,0,0,0,0.0,4565702,51210655,1633349,8.92
2018,ID,855157,8427578,743567,10.15,510534,6436893,110797,7.93,575247,8889037,28418,6.47,0,0,0,0.0,1940939,23753508,882782,8.17
2018,IL,6028532,47225915,5289573,12.77,4631432,50762829,616192,9.12,2998939,44114711,5717,6.8,37205,551353,3,6.75,13696108,142654808,5911485,9.6
2018,IN,4239862,34574664,2863358,12.26,2575962,24305199,354730,10.6,3343388,45293322,17763,7.38,2213,21191,1,10.44,10161425,104194376,3235852,9.75
2018,KS,1894142,14187192,1266044,13.35,1723136,16168750,234091,10.66,887449,11681037,24185,7.6,0,0,0,0.0,4504726,42036979,1524320,10.72
2018,KY,2936379,27712722,1980209,10.6,1945913,19980485,305417,9.74,1642598,28917429,6750,5.68,0,0,0,0.0,6524890,76610636,2292376,8.52
2018,LA,3074086,32065538,2085055,9.59,2184935,24690904,292752,8.85,2002500,37416715,19558,5.35,1189,12915,1,9.21,7262710,94186072,2397366,7.71
2018,MA,4383449,20284674,2784243,21.61,4456596,25952481,408972,17.17,997600,6699302,10503,14.89,22255,348572,2,6.38,9859899,53285029,3203720,18.5
2018,MD,3741620,28138474,2332517,13.3,3082523,29547518,254163,10.43,318402,3870188,8801,8.23,39440,530275,5,7.44,7181985,62086455,2595486,11.57
2018,ME,820564,4872001,709848,16.84,556411,4447245,96066,12.51,282922,3035573,3064,9.32,0,0,0,0.0,1659897,12354819,808978,13.44
2018,MI,5426835,35131422,4365529,15.45,4339291,38925268,543261,11.15,2187188,30806023,5972,7.1,730,6783,2,10.76,11954044,104869496,4914764,11.4
2018,MN,3001391,22837140,2420325,13.14,2429217,23398557,295855,10.38,1688832,22446853,9066,7.52,2475,25832,1,9.58,7121914,68708382,2725247,10.37
2018,MO,4248638,37463390,2792459,11.34,2931288,31179283,384493,9.4,966201,13389587,8085,7.22,2008,23575,2,8.52,8148136,82055835,3185039,9.93
2018,MS,2146535,19310527,1290281,11.12,1515723,14530226,236871,10.43,993099,16549315,10988,6.0,0,0,0,0.0,4655357,50390068,1538140,9.24
2018,MT,569768,5197686,509526,10.96,497390,4921231,108695,10.11,245120,4719928,9915,5.19,0,0,0,0.0,1312279,14838845,628136,8.84
2018,NC,6834735,61622454,4550420,11.09,4228751,49298402,691673,8.58,1732371,27353560,10025,6.33,1042,12988,1,8.02,12796899,138287404,5252119,9.25
2018,ND,526145,5133171,382596,10.25,621753,6835913,75148,9.1,694475,8700422,8985,7.98,0,0,0,0.0,1842373,20669506,466729,8.91
2018,NE,1114442,10412008,849898,10.7,843309,9553396,153749,8.83,833976,10974088,61968,7.6,0,0,0,0.0,2791727,30939492,1065615,9.02
2018,NH,913613,4641013,622671,19.69,702541,4442560,107805,15.81,263361,1962711,3176,13.42,0,0,0,0.0,1879514,11046284,733652,17.01
2018,NJ,4550431,29530689,3568044,15.41,4736982,38807065,521429,12.21,741934,7369106,11877,10.07,28094,309902,6,9.07,10057440,76016762,4101356,13.23
2018,NM,865755,6826442,889841,12.68,905498,9035272,143874,10.02,478397,8186897,9360,5.84,0,0,0,0.0,2249649,24048611,1043075,9.35
2018,NV,1593360,13449743,1183660,11.85,938631,12123896,164982,7.74,744443,12198273,3446,6.1,694,8351,1,8.31,3277128,37780263,1352089,8.67
2018,NY,9658622,52153246,7190906,18.52,11128003,76745463,1106650,14.5,1087828,18076792,6884,6.02,358602,2954350,8,12.14,22233054,149929851,8304448,14.83
2018,OH,6839823,54451714,4964855,12.56,4768817,47191540,630210,10.11,3591707,51235995,18715,7.01,2632,35918,2,7.33,15202980,152915167,5613782,9.94
2018,OK,2484031,24116808,1764980,10.3,1712885,21229143,282875,8.07,1027324,19229365,18700,5.34,0,0,0,0.0,5224240,64575316,2066555,8.09
2018,OR,2079228,18930583,1750240,10.98,1467790,16470027,237942,8.91,814163,13899298,24821,5.86,2381,25996,2,9.16,4363562,49325904,2013005,8.85
2018,PA,7764870,55896453,5390428,13.89,3864304,43221520,716936,8.94,3361585,49155499,11743,6.84,54696,703259,6,7.78,15045455,148976731,6119113,10.1
2018,RI,642041,3124168,442005,20.55,613083,3697587,60128,16.58,113051,734618,1773,15.39,4586,26966,1,17.01,1372759,7583339,503907,18.1
2018,SC,3962861,31852419,2290200,12.44,2247543,22232833,376842,10.11,1680837,27555886,4324,6.1,0,0,0,0.0,7891241,81641138,2671366,9.67
2018,SD,581764,5018360,400150,11.59,471755,4903243,72106,9.62,228011,2935335,3923,7.77,0,0,0,0.0,1281530,12856938,476179,9.97
2018,TN,4751657,44381957,2882992,10.71,3881859,36930451,491567,10.51,1227684,21598775,1010,5.68,0,0,0,0.0,9861200,102911183,3375569,9.58
2018,TX,17609632,157267913,11148784,11.2,11714651,143524631,1591150,8.16,6654236,123438829,125714,5.39,15123,187255,3,8.08,35993641,424418628,12865651,8.48
2018,UT,1011446,9714507,1091162,10.41,994353,12083833,130053,8.23,553971,9392709,9666,5.9,5439,51359,1,10.59,2565210,31242408,1230882,8.21
2018,VA,5624478,47962606,3431574,11.73,4346838,52268211,431058,8.32,1216724,17736936,3704,6.86,16434,198595,1,8.28,11204475,118166348,3866337,9.48
2018,VT,381309,2116045,315138,18.02,305338,2003515,57037,15.24,150385,1411388,204,10.66,0,0,0,0.0,837032,5530948,372379,15.13
2018,WA,3446381,35338978,3076868,9.75,2562244,29396404,384366,8.72,1191154,25263272,27284,4.72,670,7137,6,9.38,7200449,90005791,3488524,8.0
2018,WI,3146091,22441335,2700245,14.02,2571408,24093421,354557,10.67,1790668,24424585,5789,7.33,29,208,1,13.85,7508196,70959549,3060592,10.58
2018,WV,1306097,11679455,859039,11.18,718595,7774429,144478,9.24,907954,14192929,11515,6.4,0,0,0,0.0,2932646,33646813,1015032,8.72
2018,WY,310226,2748356,272427,11.29,359772,3757211,58318,9.58,694804,10359111,10940,6.71,0,0,0,0.0,1364803,16864678,341685,8.09
2018,US,189032969,1469093059,133893321,12.87,147425170,1381754845,18605393,10.67,69218432,1000672553,840321,6.92,743609,7664804,83,9.7,406420180,3859185261,153339118,10.53
2017,AK,438240,2060349,285697,21.27,510932,2704890,53472,18.89,232117,1420560,1374,16.34,0,0,0,0.0,1181289,6185799,340543,19.1
2017,AL,3786699,30181045,2213592,12.55,2637503,22743813,369984,11.6,2052257,33316872,8047,6.16,0,0,0,0.0,8476458,86241730,2591623,9.83
2017,AR,1749676,17026779,1380157,10.28,1013943,11912518,191879,8.51,1041103,17146265,35595,6.07,48,389,2,12.26,3804770,46085951,1607633,8.26
2017,AZ,4259275,34251220,2764355,12.44,3115269,29681441,320562,10.5,884209,13706041,8133,6.45,730,7560,2,9.65,8259483,77646262,3093052,10.64
2017,CA,16500848,90123505,13548295,18.31,18552245,117682380,1696071,15.76,6189685,48627406,147754,12.73,72460,834646,15,8.68,41315237,257267937,15392135,16.06
2017,CO,2264556,18615000,2288358,12.17,2041429,20640793,370691,9.89,1163087,15501238,16228,7.5,7144,73155,1,9.77,5476216,54830186,2675278,9.99
2017,CT,2512033,12379520,1495577,20.29,1981398,12335414,152903,16.06,424986,3243615,4385,13.1,19380,176981,4,10.95,4937798,28135530,1652869,17.55
2017,DC,309764,2394652,267448,12.94,933369,8006225,26111,11.66,14826,180183,1,8.23,29842,335386,3,8.9,1287801,10916446,293563,11.8
2017,DE,622385,4662598,426071,13.35,413794,4184668,54105,9.89,177390,2281337,854,7.78,0,0,0,0.0,1213569,11128603,481030,10.91
2017,FL,14097730,121462622,9291707,11.61,8881601,95003681,1216939,9.35,1299364,16601941,21289,7.83,7443,86305,2,8.62,24286139,233154549,10529937,10.42
2017,GA,6516806,54771449,4296977,11.9,4667211,46265427,572861,10.09,1921632,32250691,23108,5.96,9036,169053,1,5.35,13114685,133456620,4892947,9.83
2017,HI,775853,2629679,432952,29.5,825062,3081632,61236,26.77,828074,3612890,782,22.92,0,0,0,0.0,2428989,9324201,494970,26.05
2017,IA,1692832,13721869,1375599,12.34,1148435,12135026,237942,9.46,1431706,23065102,7747,6.21,0,0,0,0.0,4272972,48921997,1621288,8.73
2017,ID,876364,8727901,727568,10.04,512664,6421001,108965,7.98,575797,8644888,28138,6.66,0,0,0,0.0,1964825,23793790,864671,8.26
2017,IL,5661904,43717391,5264333,12.95,4542608,49987885,611670,9.09,2782185,42970694,5693,6.47,33051,520340,3,6.35,13019748,137196310,5881699,9.49
2017,IN,3878281,31551558,2834090,12.29,2494593,23656990,352015,10.54,3298049,43737384,17917,7.54,2249,20036,1,11.23,9673171,98965968,3204023,9.77
2017,KS,1732461,13013422,1259226,13.31,1667404,15739290,232078,10.59,870243,11535075,24322,7.54,0,0,0,0.0,4270108,40287787,1515626,10.6
2017,KY,2699918,24882582,1971002,10.85,1900421,19292518,304457,9.85,1626511,28459287,7010,5.72,0,0,0,0.0,6226850,72634387,2282469,8.57
2017,LA,2874957,29531960,2073615,9.74,2192502,24500349,291404,8.95,2035903,37160685,19611,5.48,1286,12941,1,9.93,7104647,91205935,2384631,7.79
2017,MA,3879096,19337799,2766154,20.06,4138004,25968044,409715,15.94,952295,6859215,10358,13.88,21659,348263,2,6.22,8991053,52513321,3186229,17.12
2017,MD,3640765,26084176,2313189,13.96,3106559,28893046,252966,10.75,317893,3797822,8754,8.37,40932,528841,5,7.74,7106149,59303885,2574914,11.98
2017,ME,740677,4638535,707792,15.97,474531,3916786,99331,12.12,244676,2658353,3100,9.2,0,0,0,0.0,1459884,11213674,810223,13.02
2017,MI,5078011,32977374,4344321,15.4,4217018,38325322,542959,11.0,2200758,30590574,6196,7.19,698,5823,2,11.99,11496486,101899093,4893478,11.28
2017,MN,2813969,21573800,2403168,13.04,2438774,23273897,292859,10.48,1642588,22280917,8984,7.37,2291,23966,1,9.56,6897622,67152580,2705012,10.27
2017,MO,3843968,33051080,2771123,11.63,2858219,30176974,381634,9.47,968061,13210525,8191,7.33,1924,22840,2,8.42,7672172,76461419,3160950,10.03
2017,MS,1932657,17444016,1284578,11.08,1449402,14256157,235245,10.17,965966,16128614,11156,5.99,0,0,0,0.0,4348025,47828787,1530979,9.09
2017,MT,572287,5224588,503313,10.95,502970,4970119,107147,10.12,236952,4514949,9893,5.25,0,0,0,0.0,1312209,14709656,620353,8.92
2017,NC,6138404,56133960,4488039,10.94,4042918,47890455,680967,8.44,1699347,27393364,10045,6.2,303,3540,1,8.55,11880971,131421319,5179052,9.04
2017,ND,498902,4848305,380101,10.29,600239,6529910,74527,9.19,668782,8762211,8708,7.63,0,0,0,0.0,1767923,20140426,463336,8.78
2017,NE,1060436,9667990,841965,10.97,822118,9293401,151485,8.85,873216,11397616,62066,7.66,0,0,0,0.0,2755770,30359007,1055516,9.08
2017,NH,852981,4441497,618356,19.2,649944,4389838,107436,14.81,241347,1955926,3220,12.34,0,0,0,0.0,1744272,10787261,729012,16.17
2017,NJ,4344094,27761879,3536087,15.65,4663077,37971404,517404,12.28,742874,7343012,11773,10.12,27027,306645,6,8.81,9777072,73382940,4065270,13.32
2017,NM,836772,6497207,880867,12.88,895321,8784312,143326,10.19,475597,7728065,9395,6.15,0,0,0,0.0,2207689,23009584,1033588,9.59
2017,NV,1550498,12936791,1263101,11.99,885747,11122755,163356,7.96,774689,12589549,3447,6.15,748,8691,1,8.61,3211682,36657786,1429905,8.76
2017,NY,8849146,49080757,7144413,18.03,11111277,75333485,1089889,14.75,1055297,17811455,6997,5.92,350433,2766736,8,12.67,21366152,144992433,8241307,14.74
2017,OH,6287043,49795540,4936471,12.63,4639989,46158399,627168,10.05,3503104,50650671,18664,6.92,2940,39221,2,7.5,14433075,146643831,5582305,9.84
2017,OK,2316983,21837596,1751034,10.61,1661847,20498860,281267,8.11,984080,18155672,18782,5.42,0,0,0,0.0,4962910,60492128,2051083,8.2
2017,OR,2138505,20065930,1725884,10.66,1467501,16570754,233823,8.86,800856,13381811,24383,5.98,2367,25321,2,9.35,4409228,50043816,1984092,8.81
2017,PA,7359033,51724498,5356693,14.23,3826399,42622565,698453,8.98,3241741,47889117,22726,6.77,54024,754716,6,7.16,14481197,142990896,6077878,10.13
2017,RI,554752,3028267,437124,18.32,547549,3603085,59447,15.2,105708,725767,1784,14.57,4707,27552,1,17.08,1212716,7384671,498356,16.42
2017,SC,3804261,29224971,2251558,13.02,2300878,21758082,373073,10.57,1677448,27113704,4379,6.19,0,0,0,0.0,7782586,78096757,2629010,9.97
2017,SD,547554,4652890,396564,11.77,459762,4722666,71263,9.74,230254,2938119,3892,7.84,0,0,0,0.0,1237570,12313675,471719,10.05
2017,TN,4213506,39292528,2847696,10.72,3558682,33727208,484324,10.55,1412830,24220149,1167,5.83,0,0,0,0.0,9185018,97239885,3333187,9.45
2017,TX,15886368,144242131,10809494,11.01,11352259,137485841,1514712,8.26,6424254,119970143,114857,5.35,14866,182259,3,8.16,33677747,401880374,12439066,8.38
2017,UT,1041820,9510783,1063292,10.95,1014847,11739121,127113,8.65,569088,9283036,9594,6.13,5752,56081,1,10.26,2631505,30589021,1200000,8.6
2017,VA,5078889,43982440,3398529,11.55,4023032,50200525,422256,8.01,1117710,17168820,3692,6.51,14431,177947,1,8.11,10234062,111529732,3824478,9.18
2017,VT,357641,2023424,313670,17.68,288831,1976594,56388,14.61,145424,1423644,187,10.21,0,0,0,0.0,791896,5423662,370245,14.6
2017,WA,3600615,37282901,3037674,9.66,2553289,29799505,381028,8.57,1143982,24858604,27825,4.6,658,7162,6,9.18,7298544,91948172,3446533,7.94
2017,WI,3045972,21233154,2681341,14.35,2570834,23641127,351707,10.87,1813523,24204631,5666,7.49,28,197,1,14.31,7430357,69079109,3038715,10.76
2017,WV,1229699,10573463,858961,11.63,722937,7549430,143951,9.58,902668,13586126,11529,6.64,0,0,0,0.0,2855303,31709019,1014441,9.0
2017,WY,315284,2772371,270576,11.37,364808,3762086,57863,9.7,708573,10243610,10931,6.92,0,0,0,0.0,1388664,16778067,339370,8.28
2017,US,177661167,1378647742,132579747,12.89,144241940,1352887694,18359427,10.66,67690702,984297945,840329,6.88,728456,7522593,86,9.68,390322265,3723355974,151779589,10.48
2016,AK,407365,2006392,283260,20.3,479547,2731499,52804,17.56,210807,1385311,1343,15.22,0,0,0,0.0,1097719,6123202,337407,17.93
2016,AL,3843395,32055546,2200574,11.99,2626821,23634474,367009,11.11,1966223,32535121,7266,6.04,0,0,0,0.0,8436439,88225141,2574849,9.56
2016,AR,1764930,17784233,1368867,9.92,1002233,12177633,190181,8.23,986087,16226147,36428,6.08,44,425,2,10.4,3753295,46188438,1595478,8.13
2016,AZ,4094426,33690783,2725510,12.15,3078184,29564157,318197,10.41,908697,14975656,8130,6.07,718,7232,2,9.93,8082024,78237828,3051839,10.33
2016,CA,15359796,88311069,13445133,17.39,17603177,116774684,1692326,15.07,6076719,50979124,148549,11.92,76635,781758,15,9.8,39116327,256846635,15286023,15.23
2016,CO,2273979,18833722,2260068,12.07,1996042,20800136,367001,9.6,1109890,15103434,16245,7.35,6348,64745,1,9.8,5386259,54802037,2643315,9.83
2016,CT,2536772,12676983,1486741,20.01,2000464,12701264,152182,15.75,431744,3370068,4408,12.81,19821,182772,4,10.84,4988800,28931087,1643335,17.24
2016,DC,307506,2501892,259392,12.29,980630,8368479,25924,11.72,16943,192454,1,8.8,31550,331178,3,9.53,1336629,11394003,285320,11.73
2016,DE,639086,4763106,419234,13.42,426492,4235231,53366,10.07,183385,2260101,873,8.11,0,0,0,0.0,1248963,11258438,473473,11.09
2016,FL,13545273,123320547,9149214,10.98,8506823,95547214,1199897,8.9,1288401,16758825,21162,7.69,7921,95236,2,8.32,23348418,235721822,10370275,9.91
2016,GA,6659243,57889379,4240421,11.5,4687610,47761768,567431,9.81,1884161,32290121,21774,5.84,8677,170971,1,5.08,13239690,138112239,4829627,9.59
2016,HI,717390,2611727,430941,27.47,766699,3111282,60836,24.64,770337,3722380,801,20.69,0,0,0,0.0,2254426,9445389,492578,23.87
2016,IA,1682433,14093678,1358902,11.94,1126795,12291332,235813,9.17,1333452,22046183,7724,6.05,0,0,0,0.0,4142680,48431193,1602439,8.55
2016,ID,813497,8172022,714365,9.95,487083,6279129,107551,7.76,564023,8611810,27847,6.55,0,0,0,0.0,1864603,23062961,849763,8.08
2016,IL,5764945,45990052,5231541,12.54,4591721,50910054,606954,9.02,2839682,43631754,6054,6.51,34577,518549,3,6.67,13230925,141050409,5844552,9.38
2016,IN,3892459,33025955,2821546,11.79,2425318,24228779,350645,10.01,3237626,46429174,18085,6.97,2054,20913,1,9.82,9557456,103704821,3190277,9.22
2016,KS,1764173,13509235,1252846,13.06,1663730,15887392,232926,10.47,854601,11413547,23729,7.49,0,0,0,0.0,4282504,40810174,1509501,10.49
2016,KY,2763077,26338437,1957188,10.49,1912414,19981122,302040,9.57,1600131,28234016,7308,5.67,0,0,0,0.0,6275622,74553575,2266536,8.42
2016,LA,2861963,30650067,2059699,9.34,2139380,24895713,289780,8.59,1822080,35894652,19231,5.08,1104,12227,1,9.03,6824527,91452659,2368711,7.46
2016,MA,3741859,19692896,2740865,19.0,4045730,25933809,402936,15.6,1004205,7507380,13675,13.38,20303,341803,2,5.94,8812097,53475888,3157478,16.48
2016,MD,3886430,27316871,2288301,14.23,3262005,29675993,250939,10.99,301389,3821476,8822,7.89,42342,539571,5,7.85,7492166,61353911,2548067,12.21
2016,ME,725746,4585825,699321,15.83,481742,3986488,97949,12.08,257723,2876638,3028,8.96,0,0,0,0.0,1465210,11448951,800298,12.8
2016,MI,5258083,34543262,4311008,15.22,4146763,38985906,538677,10.64,2137716,30934422,6191,6.91,491,4223,1,11.63,11543053,104467813,4855877,11.05
2016,MN,2762790,21803791,2378681,12.67,2316287,23501739,291569,9.86,1564118,21216798,9000,7.37,2432,24164,1,10.06,6645626,66546492,2679251,9.99
2016,MO,3850746,34354932,2751460,11.21,2845734,30728480,376711,9.26,962263,13513245,10169,7.12,1779,21399,2,8.31,7660522,78618056,3138342,9.74
2016,MS,1931958,18458928,1278616,10.47,1390347,14522538,232885,9.57,931023,16068698,11214,5.79,0,0,0,0.0,4253328,49050164,1522715,8.67
2016,MT,530661,4852547,497170,10.94,492348,4831636,105934,10.19,223302,4416418,9814,5.06,0,0,0,0.0,1246312,14100601,612918,8.84
2016,NC,6446114,58456809,4423532,11.03,4189494,48604221,672610,8.62,1725487,27336887,10052,6.31,505,6402,1,7.88,12361600,134404319,5106195,9.2
2016,ND,481747,4741298,377739,10.16,580437,6346158,73573,9.15,593271,7432732,8634,7.98,0,0,0,0.0,1655454,18520188,459946,8.94
2016,NE,1055594,9738351,834038,10.84,818933,9306827,149812,8.8,857693,11154176,61613,7.69,0,0,0,0.0,2732220,30199354,1045463,9.05
2016,NH,815783,4438407,612716,18.38,644623,4466192,106900,14.43,246798,2000357,3250,12.34,0,0,0,0.0,1707204,10904956,722866,15.66
2016,NJ,4573774,29090726,3510141,15.72,4740342,38672407,514579,12.26,741084,7293070,11929,10.16,26323,303168,7,8.68,10081522,75359371,4036656,13.38
2016,NM,799336,6642511,876921,12.03,858346,8805876,141723,9.75,443256,7591160,9325,5.84,0,0,0,0.0,2100939,23039547,1027969,9.12
2016,NV,1447619,12691942,1143667,11.41,787864,9929076,161594,7.93,794576,13515234,3654,5.88,656,8378,1,7.83,3030715,36144630,1308916,8.39
2016,NY,8933623,50831287,7118901,17.58,11054211,76506968,1072896,14.45,1067777,17709218,7646,6.03,332153,2755565,8,12.05,21387763,147803038,8199451,14.47
2016,OH,6551231,52524141,4911597,12.47,4762070,47742269,623730,9.97,3508525,50290693,19095,6.98,3228,40693,2,7.93,14825055,150597796,5554424,9.84
2016,OK,2323581,22789715,1736819,10.2,1585720,20695703,278027,7.66,904809,18031136,19096,5.02,0,0,0,0.0,4814110,61516554,2033942,7.83
2016,OR,1980615,18573242,1706622,10.66,1430623,16060478,231692,8.91,768364,12691616,24628,6.05,2224,24014,2,9.26,4181825,47349350,1962944,8.83
2016,PA,7470000,53877130,5335555,13.86,4013869,43535432,696080,9.22,3262271,47127932,23372,6.92,60120,787189,6,7.64,14806260,145327683,6055013,10.19
2016,RI,573662,3081562,438507,18.62,543194,3651317,58907,14.88,103047,764295,1821,13.48,5071,27096,1,18.71,1224972,7524270,499236,16.28
2016,SC,3873817,30615596,2209783,12.65,2288955,22274962,369409,10.28,1625453,26686992,4062,6.09,0,0,0,0.0,7788225,79577550,2583254,9.79
2016,SD,529582,4618724,392187,11.47,450258,4698053,70745,9.58,212936,2812753,3851,7.57,0,0,0,0.0,1192776,12129530,466783,9.83
2016,TN,4349574,41773888,2812287,10.41,3612206,35438903,480032,10.19,1337298,23545648,1193,5.68,0,0,0,0.0,9299078,100758439,3293512,9.23
2016,TX,16048319,145973181,10521732,10.99,11483766,139104274,1447247,8.26,6041600,113402713,105552,5.33,14385,181641,3,7.92,33588069,398661809,12074534,8.43
2016,UT,1032342,9370656,1041823,11.02,1012493,11565312,124540,8.75,581252,9186991,9570,6.33,5524,56575,1,9.76,2631611,30179534,1175934,8.72
2016,VA,5131025,45186057,3362985,11.36,3908785,49263847,430877,7.93,1156879,17648014,3708,6.56,14178,182747,1,7.76,10210868,112280665,3797571,9.09
2016,VT,357128,2056402,312239,17.37,292867,2014045,55601,14.54,147875,1446003,230,10.23,0,0,0,0.0,797871,5516450,368070,14.46
2016,WA,3244682,34211748,2985799,9.48,2443432,28989062,367847,8.43,1138532,25678420,29012,4.43,541,6086,6,8.89,6827187,88885316,3382664,7.68
2016,WI,3069410,21814249,2662284,14.07,2572429,23884088,349324,10.77,1801630,24037811,5537,7.5,28,190,1,14.68,7443497,69736338,3017146,10.67
2016,WV,1301903,11375581,860375,11.44,731809,7825670,142711,9.35,845770,12874895,11704,6.57,0,0,0,0.0,2879482,32076146,1014790,8.98
2016,WY,306298,2751073,269647,11.13,353660,3762315,57434,9.4,695166,10041482,10654,6.92,0,0,0,0.0,1355124,16554870,337735,8.19
2016,US,177076738,1411058153,131068760,12.55,142642502,1367191386,18148353,10.43,66068075,976715181,838059,6.76,721729,7496910,86,9.63,386509044,3762461630,150055258,10.27
2015,AK,405270,2044184,282282,19.83,481839,2763491,50642,17.44,196314,1351529,1299,14.53,0,0,0,0.0,1083422,6159204,334223,17.59
2015,AL,3731831,31908530,2182616,11.7,2538645,23437831,362871,10.83,2021316,33499182,7254,6.03,0,0,0,0.0,8291793,88845543,2552741,9.33
2015,AR,1794303,18273389,1356658,9.82,1011199,12153236,187706,8.32,998757,16038092,35868,6.23,49,437,2,11.21,3804308,46465154,1580234,8.19
2015,AZ,4023333,33167205,2689223,12.13,3042894,29284431,314756,10.39,932651,14891564,7759,6.26,584,6216,1,9.4,7999461,77349416,3011739,10.34
2015,CA,15187827,89386373,13380684,16.99,18627081,118384093,1685688,15.73,6394328,52562210,148069,12.17,75346,837761,13,8.99,40284581,261170437,15214454,15.42
2015,CO,2227990,18384936,2225725,12.12,2016563,20408085,365563,9.88,1129021,15258761,16229,7.4,6477,64264,1,10.08,5380050,54116046,2607518,9.94
2015,CT,2699306,12892862,1468958,20.94,2069571,12958570,152482,15.97,444588,3432002,4458,12.95,25399,192721,3,13.18,5238864,29476155,1625901,17.77
2015,DC,324309,2497559,247469,12.99,987107,8221610,25439,12.01,20928,238232,1,8.78,30043,333832,1,9.0,1362386,11291233,272910,12.07
2015,DE,650835,4848998,413445,13.42,432571,4219085,52786,10.25,201235,2430122,858,8.28,0,0,0,0.0,1284641,11498205,467089,11.17
2015,FL,14216590,122759472,8963967,11.58,9106202,95847051,1183241,9.5,1388136,16897415,19457,8.22,8515,95460,2,8.92,24719443,235599398,10166667,10.49
2015,GA,6511155,56421650,4191209,11.54,4662637,47151316,560950,9.89,1887035,32134396,20685,5.87,9004,170853,1,5.27,13069830,135878215,4772845,9.62
2015,HI,781896,2641336,428339,29.6,854791,3174462,60631,26.93,852083,3695554,740,23.06,0,0,0,0.0,2488769,9511352,489710,26.17
2015,IA,1603951,13786328,1356600,11.63,1076729,12071781,227544,8.92,1255122,21289184,7645,5.9,0,0,0,0.0,3935802,47147293,1591789,8.35
2015,ID,799700,8054693,701447,9.93,488546,6263642,106451,7.8,576477,8740479,27531,6.6,0,0,0,0.0,1864722,23058814,835429,8.09
2015,IL,5581101,44645638,5172653,12.5,4540480,50319815,603187,9.02,2875406,43130671,5997,6.67,35653,523846,3,6.81,13032639,138619970,5781840,9.4
2015,IN,3753084,32441693,2804861,11.57,2349168,24021689,350474,9.78,3294957,48030120,18213,6.86,2085,21016,1,9.92,9399293,104514518,3173549,8.99
2015,KS,1634552,13241682,1231830,12.34,1553019,15380339,228411,10.1,854187,11227106,24155,7.61,0,0,0,0.0,4041758,39849127,1484396,10.14
2015,KY,2680343,26168093,1947068,10.24,1848262,19589209,299462,9.44,1660850,30281328,7392,5.48,0,0,0,0.0,6189455,76038630,2253922,8.14
2015,LA,2943587,31545313,2043760,9.33,2165878,24996178,298170,8.66,1900895,35123169,19646,5.41,979,11829,1,8.28,7011339,91676489,2361577,7.65
2015,MA,4000022,20175317,2794918,19.83,4135789,26200307,407063,15.79,1068927,7892165,14100,13.54,27418,353299,3,7.76,9232156,54621088,3216084,16.9
2015,MD,3786876,27403336,2255556,13.82,3295693,29959115,249181,11.0,331187,3883315,8821,8.53,44707,535953,5,8.34,7458464,61781719,2513563,12.07
2015,ME,727922,4662301,699241,15.61,501148,4017822,97057,12.47,290360,3208045,2993,9.05,0,0,0,0.0,1519430,11888168,799291,12.78
2015,MI,4810815,33357876,4282858,14.42,4057255,38440734,532858,10.55,2154662,30677019,6041,7.02,491,4292,1,11.44,11023223,102479921,4821758,10.76
2015,MN,2630742,21713970,2374674,12.12,2207024,23388015,289044,9.44,1506272,21453040,9812,7.02,2300,24209,1,9.5,6346338,66579234,2673531,9.53
2015,MO,3799962,33911760,2734553,11.21,2797527,30535443,373622,9.16,1096388,17036256,10218,6.44,1724,20622,1,8.36,7695601,81504081,3118394,9.44
2015,MS,2092177,18561101,1270397,11.27,1517771,14391682,231388,10.55,1032686,15738746,10860,6.56,0,0,0,0.0,4642633,48691529,1512645,9.53
2015,MT,525004,4825213,491422,10.88,500514,4894095,104325,10.23,238769,4487603,9710,5.32,0,0,0,0.0,1264287,14206911,605457,8.9
2015,NC,6531847,57901557,4336698,11.28,4210468,48236147,665198,8.73,1804121,27701168,10284,6.51,684,8651,1,7.9,12547119,133847523,5012181,9.37
2015,ND,467895,4862542,371501,9.62,554633,6278868,71210,8.83,563700,6987538,8158,8.07,0,0,0,0.0,1586227,18128948,450869,8.75
2015,NE,1010527,9532132,825940,10.6,807429,9307834,149820,8.67,808820,10655107,60556,7.59,0,0,0,0.0,2626776,29495073,1036316,8.91
2015,NH,837549,4526948,607465,18.5,672092,4491173,105833,14.96,252331,1981028,3277,12.74,0,0,0,0.0,1761972,10999149,716575,16.02
2015,NJ,4607270,29142283,3489111,15.81,4952384,38722730,512894,12.79,778985,7320398,12191,10.64,31193,304212,6,10.25,10369832,75489623,4014202,13.74
2015,NM,828169,6641724,871047,12.47,914719,8877046,142031,10.3,479753,7574783,9348,6.33,0,0,0,0.0,2222641,23093553,1022426,9.62
2015,NV,1574103,12338538,1126220,12.76,889432,9613997,160492,9.25,948626,14058811,3682,6.75,760,8344,1,9.11,3412922,36019690,1290395,9.48
2015,NY,9456188,51012745,7079097,18.54,11785740,77005625,1055136,15.31,1140573,18079200,7630,6.31,364797,2816085,7,12.95,22747297,148913655,8141870,15.28
2015,OH,6590569,51492954,4892916,12.8,4743183,47123923,620810,10.07,3548736,50556675,19151,7.02,3049,39672,2,7.69,14885537,149213224,5532879,9.98
2015,OK,2293592,22615824,1723938,10.14,1588067,20691105,277386,7.68,964329,18029456,18688,5.35,0,0,0,0.0,4845987,61336385,2020012,7.9
2015,OR,1948315,18269007,1686973,10.66,1410427,16021066,229116,8.8,773009,12949776,25242,5.97,2205,24125,2,9.14,4133956,47263974,1941333,8.75
2015,PA,7423145,54418663,5304279,13.64,4199202,43745173,690881,9.6,3411815,47404272,23731,7.2,60692,775920,6,7.82,15094854,146344028,6018897,10.31
2015,RI,604825,3135506,440191,19.29,584484,3704812,58903,15.78,109866,798532,1853,13.76,4795,25868,1,18.54,1303970,7664718,500948,17.01
2015,SC,3778451,30059188,2185965,12.57,2239686,21927007,357724,10.21,1774038,29342051,4290,6.05,0,0,0,0.0,7792175,81328246,2547979,9.58
2015,SD,506522,4571325,388374,11.08,434765,4748637,69872,9.16,204932,2782017,3748,7.37,0,0,0,0.0,1146220,12101979,461994,9.47
2015,TN,4291880,41667411,2783058,10.3,3553029,34981552,476405,10.16,1418464,22983145,1245,6.17,0,0,0,0.0,9263373,99632108,3260708,9.3
2015,TX,16838434,145651913,10318006,11.56,11115260,136323562,1425780,8.15,6161020,110182265,105936,5.59,9585,179614,3,5.34,34124300,392337354,11849725,8.7
2015,UT,992264,9117153,1021839,10.88,1001542,11614593,121310,8.62,580074,9404984,9570,6.17,5589,55620,1,10.05,2579468,30192350,1152720,8.54
2015,VA,5221259,45928411,3332083,11.37,3969545,48347037,428369,8.21,1218736,17537165,3714,6.95,15929,196432,1,8.11,10425468,112009045,3764167,9.31
2015,VT,356986,2088940,312060,17.09,292344,2010568,53610,14.54,146022,1421601,231,10.27,0,0,0,0.0,795352,5521109,365901,14.41
2015,WA,3098110,34071987,2945760,9.09,2405629,29266512,365095,8.22,1164912,26772299,29163,4.35,433,5288,6,8.18,6669084,90116086,3340024,7.4
2015,WI,2994383,21214787,2647224,14.11,2561808,23514103,347456,10.89,1816081,23969851,5529,7.58,28,191,1,14.66,7372300,68698932,3000210,10.73
2015,WV,1153344,11437451,861334,10.08,671690,7800740,141681,8.61,795823,13064835,11949,6.09,0,0,0,0.0,2620857,32303026,1014964,8.11
2015,WY,293517,2676702,268226,10.97,358000,3924590,57686,9.12,697582,10323470,10559,6.76,0,0,0,0.0,1349099,16924762,336471,7.97
2015,US,177623623,1404096499,129811718,12.65,144781453,1360751527,17985690,10.64,68165883,986507732,835536,6.91,770510,7636632,78,10.09,391341468,3758992390,148633022,10.41
2014,AK,391068,2043614,281438,19.14,472078,2761518,51017,17.09,212988,1359680,1287,15.66,0,0,0,0.0,1076133,6164812,333742,17.46
2014,AL,3781917,32929598,2169790,11.48,2473586,22929309,360901,10.79,2130887,34634820,7236,6.15,0,0,0,0.0,8386390,90493727,2537927,9.27
2014,AR,1753284,18441119,1345009,9.51,964795,11988033,185842,8.05,1002428,16650718,35685,6.02,49,431,2,11.35,3720556,47080301,1566538,7.9
2014,AZ,3848998,32346079,2661694,11.9,2967741,29289879,312221,10.13,947683,14661727,7710,6.46,0,0,0,0.0,7764422,76297685,2981625,10.18
2014,CA,14517393,89360680,13256068,16.25,18663231,119494062,1676201,15.62,6525678,52898430,146944,12.34,74025,831614,13,8.9,39780326,262584786,15079226,15.15
2014,CO,2203838,18092932,2193520,12.18,2029053,20129360,360237,10.08,1129370,15110188,19234,7.47,6910,64041,1,10.79,5369170,53396521,2572992,10.06
2014,CT,2523349,12777579,1459239,19.75,2004629,12893531,155372,15.55,453957,3514798,4648,12.92,22043,168552,4,13.08,5003978,29354460,1619263,17.05
2014,DC,263973,2072205,239355,12.74,1042419,8548237,26463,12.19,20367,242149,1,8.41,29119,330998,1,8.8,1355878,11193589,265820,12.11
2014,DE,617400,4644841,407508,13.29,440657,4197298,52203,10.5,214197,2496338,862,8.58,0,0,0,0.0,1272255,11338477,460573,11.22
2014,FL,13854538,116535263,8891020,11.89,9169986,92925670,1180768,9.87,1306052,16522425,18779,7.9,8760,94753,2,9.25,24339336,226078111,10090569,10.77
2014,GA,6659464,57167387,4137057,11.65,4827025,46608275,552712,10.36,2115659,31849136,20300,6.64,11527,165134,1,6.98,13613674,135789932,4710070,10.03
2014,HI,957073,2583770,425168,37.04,1095476,3201898,60679,34.21,1114946,3689784,716,30.22,0,0,0,0.0,3167495,9475452,486563,33.43
2014,IA,1610036,14426582,1348641,11.16,1070319,12339098,224187,8.67,1166905,20436173,7399,5.71,0,0,0,0.0,3847259,47201853,1580227,8.15
2014,ID,791099,8134913,690277,9.72,476481,6127911,104463,7.78,573888,8970460,27127,6.4,0,0,0,0.0,1841468,23233284,821867,7.93
2014,IL,5481125,46009458,5145022,11.91,4687910,50619480,600246,9.26,3037246,44329683,6098,6.85,39853,581666,3,6.85,13246133,141540287,5751369,9.36
2014,IN,3861636,33703965,2784660,11.46,2403018,24129606,348699,9.96,3419485,49088427,18106,6.97,2091,20506,1,10.2,9686229,106942504,3151466,9.06
2014,KS,1665583,13684952,1228858,12.17,1558211,15382745,226043,10.13,896511,11493909,26787,7.8,0,0,0,0.0,4120305,40561606,1481688,10.16
2014,KY,2785001,27399768,1939489,10.16,1807976,19156540,297182,9.44,1832517,32282616,7376,5.68,0,0,0,0.0,6425494,78838924,2244047,8.15
2014,LA,3005472,31400683,2026223,9.57,2229210,24492775,297789,9.1,2099881,34723345,19553,6.05,1068,11513,1,9.27,7335630,90628316,2343566,8.09
2014,MA,3490569,20071160,2720128,17.39,3827051,26076208,398717,14.68,1014262,7960941,14896,12.74,31636,360983,3,8.76,8363519,54469292,3133744,15.35
2014,MD,3746115,27487633,2234962,13.63,3324584,29804342,248362,11.15,347692,3847954,8780,9.04,46246,543940,5,8.5,7464636,61683869,2492109,12.1
2014,ME,711813,4660605,706952,15.27,506147,3984570,91541,12.7,300412,3357486,3023,8.95,0,0,0,0.0,1518372,12002661,801516,12.65
2014,MI,4846496,33514991,4273126,14.46,4060031,37348927,522422,10.87,2491113,32445935,13289,7.68,400,4245,2,9.43,11398040,103314098,4808839,11.03
2014,MN,2737895,22791466,2345860,12.01,2249026,22827840,284978,9.85,1551691,23076348,9898,6.72,2321,23713,1,9.79,6540932,68719367,2640737,9.52
2014,MO,3807788,35792644,2724541,10.64,2728701,30665251,371495,8.9,1106218,17398747,10282,6.36,1700,21755,1,7.81,7644407,83878397,3106319,9.11
2014,MS,2141264,18922097,1263583,11.32,1525368,14174583,230416,10.76,1077019,16311951,10922,6.6,0,0,0,0.0,4743652,49408631,1504921,9.6
2014,MT,505962,4969243,485041,10.18,472750,4903160,103132,9.64,232314,4229989,9597,5.49,0,0,0,0.0,1211025,14102392,597770,8.59
2014,NC,6511383,58649994,4303476,11.1,4157748,47509563,655841,8.75,1751829,26964549,10356,6.5,680,8670,1,7.84,12421640,133132776,4969674,9.33
2014,ND,490071,5357514,360171,9.15,474723,5403497,67871,8.79,569870,7478721,8607,7.62,0,0,0,0.0,1534664,18239732,436649,8.41
2014,NE,1043023,10028238,817425,10.4,831284,9525524,151382,8.73,797052,10668406,57429,7.47,0,0,0,0.0,2671358,30222168,1026236,8.84
2014,NH,790656,4510487,606883,17.53,640173,4464530,105840,14.34,234900,1969064,3342,11.93,0,0,0,0.0,1665729,10944081,716065,15.22
2014,NJ,4400228,27892582,3470874,15.78,5015629,38154090,511335,13.15,855757,7516616,12313,11.38,31575,302790,6,10.43,10303188,73866078,3994528,13.95
2014,NM,812034,6611970,869875,12.28,921898,8976354,139873,10.27,497592,7526898,9112,6.61,0,0,0,0.0,2231524,23115222,1018860,9.65
2014,NV,1541121,11916521,1110535,12.93,892029,9418091,157984,9.47,977320,13732695,3691,7.12,768,8299,1,9.25,3411238,35075606,1272211,9.73
2014,NY,10031316,49974914,7046829,20.07,12340776,76540813,1045571,16.12,1184255,18002976,7862,6.58,394180,2853210,6,13.82,23950528,147371913,8100268,16.25
2014,OH,6598181,52804334,4882159,12.5,4618293,47004594,619293,9.83,3440917,50829251,19209,6.77,3646,41534,2,8.78,14661037,150679713,5520663,9.73
2014,OK,2343199,23351144,1710352,10.03,1654314,20448774,275276,8.09,1038884,17773456,18238,5.85,0,0,0,0.0,5036397,61573374,2003866,8.18
2014,OR,1948732,18617613,1669124,10.47,1403691,16039418,229832,8.75,755416,12654475,23356,5.97,2160,23447,4,9.21,4109998,47334953,1922316,8.68
2014,PA,7217831,54195335,5289211,13.32,4215606,43347918,690549,9.73,3580987,48317693,24222,7.41,63255,826752,5,7.65,15077678,146687698,6003987,10.28
2014,RI,527116,3070347,438879,17.17,532579,3657679,58346,14.56,114111,887150,1884,12.86,4158,27928,1,14.89,1177963,7643104,499110,15.41
2014,SC,3824288,30715986,2157091,12.45,2225574,21655593,349432,10.28,1839963,29248186,4566,6.29,0,0,0,0.0,7889824,81619765,2511089,9.67
2014,SD,505345,4827368,384749,10.47,406420,4572324,69703,8.89,206414,2955034,3801,6.99,0,0,0,0.0,1118180,12354726,458253,9.05
2014,TN,4392023,42538248,2756932,10.32,3476761,33497350,471794,10.38,1548714,24182470,1271,6.4,100,1162,1,8.57,9417597,100219230,3229998,9.4
2014,TX,16715817,140899744,10138874,11.86,11379847,139432095,1432478,8.16,6727425,109165495,101641,6.16,8909,172486,3,5.17,34831998,389669820,11672996,8.94
2014,UT,954231,8963971,1000416,10.65,943134,11053251,117921,8.53,606015,9965115,9658,6.08,6274,60682,1,10.34,2509653,30043019,1127996,8.35
2014,VA,5155281,46443716,3303676,11.1,3892715,47751655,422931,8.15,1219659,17700993,3653,6.89,16642,202017,1,8.24,10284297,112098381,3730261,9.17
2014,VT,370673,2121347,310932,17.47,295698,2030520,52453,14.56,145111,1417994,224,10.23,0,0,0,0.0,811481,5569861,363609,14.57
2014,WA,3040586,35082958,2907705,8.67,2313564,29040310,359219,7.97,1211294,28012775,30308,4.32,401,4734,6,8.48,6565845,92140777,3297238,7.13
2014,WI,2996152,21925712,2631430,13.67,2558476,23757494,345907,10.77,1790586,23811549,5465,7.52,0,0,0,0.0,7345214,69494755,2982802,10.57
2014,WV,1119698,11990728,862869,9.34,629468,7876429,140698,7.99,753085,12828949,12146,5.87,0,0,0,0.0,2502251,32696106,1015713,7.65
2014,WY,288879,2752313,265720,10.5,355296,4000291,58178,8.88,686237,10381471,10323,6.61,0,0,0,0.0,1330413,17134075,334221,7.76
2014,US,176178008,1407208311,128680416,12.52,145253154,1352158263,17853995,10.74,70854754,997576138,839212,7.1,810494,7757555,79,10.45,393096410,3764700267,147373702,10.44
2013,AK,381181,2103966,277275,18.12,440007,2824199,49182,15.58,212159,1340047,1314,15.83,0,0,0,0.0,1033347,6268212,327771,16.49
2013,AL,3532584,31378659,2158898,11.26,2376592,22603229,358712,10.51,2014487,33870219,7029,5.95,0,0,0,0.0,7923662,87852107,2524639,9.02
2013,AR,1746489,18219287,1339680,9.59,957321,11897953,182941,8.05,999852,16565377,34699,6.04,48,417,2,11.58,3703711,46683034,1557322,7.93
2013,AZ,3877986,33103602,2630595,11.71,2957978,30039018,308857,9.85,833358,12519417,7618,6.66,0,0,0,0.0,7669322,75662037,2947070,10.14
2013,CA,14481054,89241934,13256426,16.23,16597851,116857853,1691627,14.2,6222066,54396999,159483,11.44,71337,835673,13,8.54,37372308,261332459,15107549,14.3
2013,CO,2210316,18528908,2169365,11.93,1982037,20098218,358800,9.86,1082995,14752859,16172,7.34,6507,61664,1,10.55,5281854,53441649,2544338,9.88
2013,CT,2305821,13135451,1454963,17.55,1903714,13009103,150419,14.63,439987,3490140,4568,12.61,19563,189822,2,10.31,4669084,29824516,1609952,15.66
2013,DC,255575,2033618,235322,12.57,1014908,8499143,26530,11.94,12590,227385,1,5.54,30970,325373,1,9.52,1314044,11085519,261854,11.85
2013,DE,591965,4570013,403519,12.95,423911,4157793,51673,10.2,220967,2620050,848,8.43,0,0,0,0.0,1236843,11347856,456040,10.9
2013,FL,12770123,113293913,8756322,11.27,8653405,92144612,1175896,9.39,1246783,16389522,17865,7.61,7948,91467,2,8.69,22678259,221919514,9950085,10.22
2013,GA,6135755,53544411,4101351,11.46,4529223,45353153,554350,9.99,1972453,31443424,18981,6.27,12569,156482,1,8.03,12649999,130497470,4674683,9.69
2013,HI,964882,2608853,422386,36.98,1113961,3271200,60467,34.05,1082194,3623111,694,29.87,0,0,0,0.0,3161037,9503164,483547,33.26
2013,IA,1614968,14625866,1341807,11.04,1049965,12444635,222065,8.44,1104037,19634715,8412,5.62,0,0,0,0.0,3768970,46705216,1572284,8.07
2013,ID,803665,8619262,680930,9.32,460410,6250297,103400,7.37,568510,9338497,26847,6.09,0,0,0,0.0,1832584,24208056,811177,7.57
2013,IL,4927661,46372234,5120607,10.63,4110781,50472706,596672,8.14,2637816,44386770,6498,5.94,30584,573178,4,5.34,11706842,141804888,5723781,8.26
2013,IN,3672739,33406630,2771260,10.99,2328248,24252010,346933,9.6,3201509,47807527,18162,6.7,2096,21222,1,9.87,9204591,105487389,3136356,8.73
2013,KS,1582807,13593003,1222985,11.64,1475546,15245028,224515,9.68,813904,11009366,26394,7.39,0,0,0,0.0,3872257,39847397,1473894,9.72
2013,KY,2623038,26788098,1935245,9.79,1798004,21004194,297108,8.56,2094351,36971550,7185,5.66,0,0,0,0.0,6515394,84763842,2239538,7.69
2013,LA,2895482,30709206,2011044,9.43,2173960,24253945,281835,8.96,1825435,30833438,19019,5.92,1072,11343,1,9.45,6895949,85807932,2311899,8.04
2013,MA,3282074,20727624,2708759,15.83,2521429,17713103,391856,14.23,2169240,16463343,16594,13.18,47149,361004,2,13.06,8019892,55265074,3117211,14.51
2013,MD,3638091,27448367,2218948,13.25,3201690,29966199,247168,10.68,329886,3943942,8788,8.36,45807,540970,5,8.47,7215474,61899478,2474909,11.66
2013,ME,669227,4662303,704775,14.35,471461,4015604,89336,11.74,265002,3177140,2962,8.34,0,0,0,0.0,1405690,11855047,797073,11.86
2013,MI,4962369,34013168,4265264,14.59,4170783,37697520,520327,11.06,2416682,31321534,13419,7.72,533,6083,1,8.77,11550367,103038305,4799011,11.21
2013,MN,2698103,22849542,2329734,11.81,2170780,23041186,281187,9.42,1587306,22734273,11383,6.98,1870,19102,1,9.79,6458059,68644103,2622305,9.41
2013,MO,3745002,35318204,2708934,10.6,2686659,30515252,371712,8.8,1104696,17551296,10274,6.29,1735,22205,1,7.81,7538092,83406957,3090921,9.04
2013,MS,1989585,18462415,1260892,10.78,1433114,14187814,228508,10.1,1022567,16131761,7165,6.34,0,0,0,0.0,4445266,48781990,1496565,9.11
2013,MT,508873,4926471,477266,10.33,466259,4889642,101216,9.54,229520,4229061,8692,5.43,0,0,0,0.0,1204652,14045174,587174,8.58
2013,NC,6172487,56251297,4268019,10.97,4085188,46648766,654747,8.76,1732933,26872437,10276,6.45,588,7405,1,7.94,11991196,129779905,4933043,9.24
2013,ND,459360,5038846,348486,9.12,476912,5685146,66801,8.39,378338,5308975,6683,7.13,0,0,0,0.0,1314610,16032967,421970,8.2
2013,NE,1037786,10062159,810867,10.31,807459,9387074,148648,8.6,837384,11251372,56365,7.44,0,0,0,0.0,2682629,30700605,1015880,8.74
2013,NH,743587,4553871,603628,16.33,610718,4516866,105461,13.52,224839,1972539,3371,11.4,0,0,0,0.0,1579144,11043276,712460,14.3
2013,NJ,4489692,28544638,3461109,15.73,4883739,38231099,482105,12.77,816914,7565722,12369,10.8,31898,300940,5,10.6,10222244,74642399,3955588,13.7
2013,NM,794916,6803987,865195,11.68,874970,8982563,138801,9.74,462597,7278476,8676,6.36,0,0,0,0.0,2132483,23065026,1012672,9.25
2013,NV,1444315,12142431,1094770,11.89,838527,9301939,158355,9.01,896458,13758569,3783,6.52,701,8276,1,8.47,3180001,35211215,1256909,9.03
2013,NY,9543510,50777369,7027866,18.79,11721657,76342319,1040398,15.35,1179389,17910950,7960,6.58,391038,2864489,6,13.65,22835593,147895127,8076230,15.44
2013,OH,6264302,52158094,4875346,12.01,4367476,46717859,613964,9.35,3196429,51387011,19360,6.22,2917,44054,2,6.62,13831124,150307018,5508672,9.2
2013,OK,2244427,23199968,1693151,9.67,1541200,19843129,271698,7.77,927308,16886075,18471,5.49,0,0,0,0.0,4712935,59929172,1983320,7.86
2013,OR,1913137,19328558,1650803,9.9,1395822,16080354,235191,8.68,707974,12209593,23392,5.8,1996,22473,4,8.88,4018928,47640978,1909390,8.44
2013,PA,6938374,54251847,5272857,12.79,3990880,43145011,689355,9.25,3347992,48043117,24601,6.97,63526,813788,4,7.81,14340772,146253763,5986817,9.81
2013,RI,481014,3164692,438198,15.2,473699,3667095,58317,12.92,109106,922911,1913,11.82,3443,26424,1,13.03,1067261,7781122,498429,13.72
2013,SC,3455720,28812518,2135432,11.99,2086085,21120198,346026,9.88,1722902,28669378,4479,6.01,0,0,0,0.0,7264707,78602094,2485937,9.24
2013,SD,494855,4824150,381081,10.26,396838,4661845,69446,8.51,189746,2723804,3535,6.97,0,0,0,0.0,1081439,12209799,454062,8.86
2013,TN,4083088,40905924,2738547,9.98,3356761,33574605,469382,10.0,1412984,22461702,1191,6.29,208,1782,1,11.68,8853041,96944013,3209121,9.13
2013,TX,15926136,140272607,9954303,11.35,10944864,136516037,1366825,8.02,5920133,101967843,95881,5.81,6190,60767,3,10.19,32797323,378817254,11417012,8.66
2013,UT,974822,9401748,981194,10.37,915606,11007765,116263,8.32,587626,10010410,9629,5.87,5779,54111,1,10.68,2483833,30474034,1107087,8.15
2013,VA,4924510,45416253,3273502,10.84,3820166,47750595,422713,8.0,1136239,17150375,3585,6.63,15897,194604,1,8.17,9896812,110511827,3699801,8.96
2013,VT,364245,2125435,311308,17.14,295636,2016501,51733,14.66,156753,1445776,223,10.84,0,0,0,0.0,816634,5587712,363264,14.61
2013,WA,3129362,35983486,2880008,8.7,2307207,29658670,360855,7.78,1152363,27234626,27808,4.23,478,5941,6,8.04,6589411,92882723,3268677,7.09
2013,WI,2993098,22095922,2619676,13.55,2542086,23658373,341657,10.75,1729642,23369748,4725,7.4,0,0,0,0.0,7264826,69124043,2966058,10.51
2013,WV,1103102,11581825,863641,9.52,636469,7793517,139514,8.17,745335,12020526,12314,6.2,346,3982,1,8.68,2485252,31399850,1015470,7.91
2013,WY,287380,2829496,263614,10.16,348530,4066842,58015,8.57,652083,10157176,10134,6.42,0,0,0,0.0,1287993,17053514,331763,7.55
2013,US,169130640,1394812129,127777153,12.13,137188490,1337078777,17679562,10.26,67933816,985351874,831790,6.89,804792,7625041,75,10.55,375057738,3724867821,146288580,10.07
2012,AK,386304,2160196,275405,17.88,429152,2875038,48790,14.93,232325,1381177,1263,16.82,0,0,0,0.0,1047781,6416411,325458,16.33
2012,AL,3491380,30632261,2150977,11.4,2318146,21799181,357395,10.63,2100936,33751106,7168,6.22,0,0,0,0.0,7910462,86182548,2515540,9.18
2012,AR,1664696,17909301,1332154,9.3,933567,12102048,181823,7.71,971266,16847755,33926,5.77,52,463,2,11.23,3569581,46859567,1547905,7.62
2012,AZ,3718357,32922970,2585638,11.29,2829551,29692256,305250,9.53,813094,12448117,7740,6.53,0,0,0,0.0,7361001,75063343,2898628,9.81
2012,CA,13821565,90109995,13101887,15.34,16327164,121791536,1834779,13.41,4925482,46951714,73805,10.49,49095,684793,12,7.17,35123306,259538038,15010483,13.53
2012,CO,2087889,18220365,2149637,11.46,1878364,19997226,348752,9.39,1070816,15415235,16017,6.95,5083,52471,1,9.69,5042152,53685297,2514407,9.39
2012,CT,2212594,12757633,1454651,17.34,1901294,12976050,150435,14.65,451910,3565944,4647,12.67,18680,192711,2,9.69,4584478,29492338,1609735,15.54
2012,DC,245940,2002527,231550,12.28,1047560,8713337,26547,12.02,11919,218376,1,5.46,29239,324605,1,9.01,1334657,11258845,258099,11.85
2012,DE,614037,4521682,399998,13.58,429799,4243028,51056,10.13,230215,2754621,854,8.36,0,0,0,0.0,1274051,11519331,451908,11.06
2012,FL,12806820,112127056,8645207,11.42,8894821,92037801,1160572,9.66,1319868,16425581,17414,8.04,7093,83895,2,8.45,23028602,220674333,9823195,10.44
2012,GA,5996286,53660167,4071478,11.17,4400045,45937150,547610,9.58,1866393,31224600,17335,5.98,12015,156955,1,7.65,12274740,130978872,4636424,9.37
2012,HI,1022944,2739298,419612,37.34,1129545,3238180,60109,34.88,1128570,3661679,706,30.82,0,0,0,0.0,3281059,9639157,480427,34.04
2012,IA,1513376,13987613,1334596,10.82,977690,12209804,221154,8.01,1033194,19511683,7255,5.3,0,0,0,0.0,3524261,45709100,1563005,7.71
2012,ID,707181,8159349,673368,8.67,410328,5978118,102319,6.86,524514,9574392,26523,5.48,0,0,0,0.0,1642023,23711859,802210,6.92
2012,IL,5335088,46901870,5098647,11.38,4058476,50807913,590142,7.99,2625085,45277444,6042,5.8,33992,552777,3,6.15,12052640,143540004,5694834,8.4
2012,IN,3469890,32963522,2755595,10.53,2195779,24022068,344453,9.14,3053069,48167545,18525,6.34,1940,20290,1,9.56,8720678,105173425,3118574,8.29
2012,KS,1551102,13796679,1217256,11.24,1427425,15455686,223822,9.24,782714,11041111,25017,7.09,0,0,0,0.0,3761241,40293476,1466095,9.33
2012,KY,2460674,26096707,1924644,9.43,1637229,18755918,298211,8.73,2364592,44195865,7134,5.35,0,0,0,0.0,6462494,89048490,2229989,7.26
2012,LA,2514353,30026588,1995661,8.37,1879856,24244733,279613,7.75,1448981,30448836,18143,4.76,924,10586,1,8.72,5844114,84730743,2293418,6.9
2012,MA,3029292,20313469,2699141,14.91,2453106,17722811,389272,13.84,2127180,16927205,21145,12.57,17162,349839,2,4.91,7626740,55313324,3109560,13.79
2012,MD,3424556,26678158,2212287,12.84,3141296,30107526,246868,10.43,364075,4499827,8941,8.09,43786,528041,5,8.29,6973713,61813552,2468101,11.28
2012,ME,656822,4480736,703770,14.66,467228,4053188,89048,11.53,241624,3027135,2780,7.98,0,0,0,0.0,1365674,11561059,795598,11.81
2012,MI,4871034,34461140,4250620,14.13,4211356,38514266,521091,10.93,2427143,31835905,13074,7.62,556,6880,1,8.08,11510089,104818191,4784786,10.98
2012,MN,2504491,22059631,2317336,11.35,1988679,22495804,278466,8.84,1530592,23415791,11010,6.54,1500,17309,1,8.67,6025263,67988535,2606813,8.86
2012,MO,3491827,34336615,2699287,10.17,2499371,30482745,373022,8.2,1036772,17594410,8901,5.89,1504,21589,1,6.97,7029475,82435359,3081211,8.53
2012,MS,1846707,17992708,1256392,10.26,1266977,13584638,227384,9.33,1048844,16810329,7125,6.24,0,0,0,0.0,4162529,48387675,1490901,8.6
2012,MT,481814,4778365,473033,10.08,448886,4917509,101530,9.13,212720,4167509,7268,5.1,0,0,0,0.0,1143421,13863383,581831,8.25
2012,NC,5962720,54671521,4230588,10.91,4029839,46510125,652401,8.66,1727483,26896123,10399,6.42,562,7124,1,7.88,11720603,128084893,4893389,9.15
2012,ND,406332,4484758,342549,9.06,409867,5108616,63160,8.02,335697,5123582,4602,6.55,0,0,0,0.0,1151896,14716956,410311,7.83
2012,NE,972315,9680143,806524,10.04,773868,9232889,147463,8.38,834871,11914907,54160,7.01,0,0,0,0.0,2581053,30827939,1008147,8.37
2012,NH,713388,4439208,601697,16.07,598371,4478420,104978,13.36,231041,1952633,3444,11.83,0,0,0,0.0,1542800,10870261,710119,14.19
2012,NJ,4523770,28662958,3455302,15.78,4898822,38340478,489943,12.78,816326,7762331,12729,10.52,28067,287147,6,9.77,10266984,75052914,3957980,13.68
2012,NM,769384,6763820,859281,11.38,854645,9165533,137413,9.32,422675,7249215,8238,5.83,0,0,0,0.0,2046704,23178568,1004932,8.83
2012,NV,1433832,12122718,1080583,11.83,822471,9314611,155927,8.83,890523,13734461,3748,6.48,683,8128,1,8.4,3147509,35179918,1240259,8.95
2012,NY,8929713,50691506,7010740,17.62,11445525,76017962,1038268,15.06,917700,13705330,8144,6.7,390271,2747870,6,14.2,21683209,143162668,8057158,15.15
2012,OH,6148489,52287769,4869305,11.76,4428644,46755882,613259,9.47,3328313,53379284,19602,6.24,2368,33929,2,6.98,13907813,152456864,5502168,9.12
2012,OK,2168292,22809680,1679296,9.51,1461115,19961143,268014,7.32,842885,16569801,18242,5.09,0,0,0,0.0,4472291,59340624,1965552,7.54
2012,OR,1848670,18854659,1642444,9.8,1313512,15803814,237780,8.31,670720,12005579,23303,5.59,2044,24804,4,8.24,3834946,46688856,1903531,8.21
2012,PA,6741627,52876058,5261381,12.75,4050398,42919768,687750,9.44,3472258,48038858,24963,7.23,70607,875043,14,8.07,14334889,144709727,5974108,9.91
2012,RI,449604,3121367,435448,14.4,431952,3639866,57824,11.87,98597,923478,1927,10.68,1956,23623,1,8.28,982109,7708334,495200,12.74
2012,SC,3338098,28366263,2113144,11.77,2045995,21250734,342761,9.63,1695628,28163956,4392,6.02,0,0,0,0.0,7079722,77780953,2460297,9.1
2012,SD,448375,4453732,378633,10.07,368926,4556608,68880,8.1,178980,2723870,2891,6.57,0,0,0,0.0,996281,11734210,450404,8.49
2012,TN,4015594,39753631,2721099,10.1,2901670,28150141,466513,10.31,2015274,28475956,1957,7.08,197,1744,1,11.28,8932734,96381472,3189570,9.27
2012,TX,15087710,137411633,9802110,10.98,10856843,133104994,1355155,8.16,5265840,94517323,92377,5.57,7395,70181,2,10.54,31217788,365104131,11249644,8.55
2012,UT,912330,9188204,966063,9.93,870218,10802800,115880,8.06,544855,9694190,9417,5.62,3738,38174,1,9.79,2331140,29723368,1091361,7.84
2012,VA,4822893,43534675,3248518,11.08,3777882,46756658,419052,8.08,1162772,17315739,3973,6.72,15993,187913,1,8.51,9779539,107794985,3671544,9.07
2012,VT,356325,2095283,309019,17.01,285449,1993892,51216,14.32,141870,1421589,221,9.98,0,0,0,0.0,783644,5510764,360456,14.22
2012,WA,3028281,35510961,2852760,8.53,2244298,29239604,356028,7.68,1138881,27578904,27690,4.13,562,6972,6,8.06,6412022,92336441,3236484,6.94
2012,WI,2905404,22026353,2609168,13.19,2441891,23232827,341896,10.51,1730531,23560910,4572,7.34,0,0,0,0.0,7077825,68820090,2955636,10.28
2012,WV,1102691,11194679,865673,9.85,653726,7762823,138687,8.42,750338,11855567,12472,6.33,361,4172,1,8.66,2507116,30817241,1016833,8.14
2012,WY,267506,2716528,261191,9.85,349824,4245450,59268,8.24,603310,10009376,9163,6.03,0,0,0,0.0,1220640,16971354,329622,7.19
2012,US,163280360,1374514708,126832343,11.88,133898441,1327101196,17729029,10.09,65761258,985713854,732385,6.67,747421,7320028,83,10.21,363687480,3694649786,145293840,9.84
2011,AK,376005,2134422,273855,17.62,430938,2854410,48503,15.1,209034,1330708,1250,15.71,0,0,0,0.0,1015977,6319540,323608,16.08
2011,AL,3661470,33002815,2142625,11.09,2331377,22257127,356074,10.47,2107205,33735427,6491,6.25,0,0,0,0.0,8100051,88995369,2505190,9.1
2011,AR,1693836,18787349,1328286,9.02,911067,12146130,180291,7.5,957043,16993922,32761,5.63,48,428,2,11.1,3561993,47927829,1541340,7.43
2011,AZ,3666153,33079074,2575586,11.08,2802810,29512330,305340,9.5,809655,12352241,7212,6.55,0,0,0,0.0,7278618,74943645,2888138,9.71
2011,CA,13060946,88398416,13002980,14.78,16018054,122780917,1818049,13.05,5046467,49935776,73297,10.11,67248,826591,13,8.14,34192715,261941700,14894339,13.05
2011,CO,2059155,18276799,2141780,11.27,1877996,19889231,347903,9.44,1075882,15241814,16425,7.06,4939,50441,1,9.79,5017971,53458285,2506109,9.39
2011,CT,2338980,12918796,1453864,18.11,2037918,13087010,150087,15.57,485663,3668217,4757,13.24,18955,184970,4,10.25,4881516,29858993,1608712,16.35
2011,DC,276154,2061392,229450,13.4,1157023,8965834,26496,12.9,14896,216244,1,6.89,32464,318585,1,10.19,1480537,11562055,255948,12.81
2011,DE,634568,4632094,398109,13.7,453159,4259842,50369,10.64,230941,2591360,1238,8.91,0,0,0,0.0,1318669,11483296,449716,11.48
2011,FL,13388983,116341105,8575892,11.51,9039755,91778108,1139656,9.85,1443926,16885585,17335,8.55,7545,85624,3,8.81,23880209,225090422,9732886,10.61
2011,GA,6383601,57749519,4056147,11.05,4631317,46930109,548674,9.87,2080074,31521020,16241,6.6,13541,170501,1,7.94,13108534,136371149,4621063,9.61
2011,HI,1015685,2928743,417531,34.68,1090424,3368131,60043,32.37,1040801,3664779,698,28.4,0,0,0,0.0,3146910,9961653,478272,31.59
2011,IA,1499148,14326771,1329905,10.46,949311,12087902,219229,7.85,1002835,19240204,7378,5.21,0,0,0,0.0,3451294,45654877,1556512,7.56
2011,ID,660576,8389866,667243,7.87,382926,5969462,101424,6.41,454720,8912396,26258,5.1,0,0,0,0.0,1498222,23271724,794925,6.44
2011,IL,5545106,47057002,5089449,11.78,4361216,50468038,587337,8.64,2878997,44844111,5843,6.42,35185,516416,3,6.81,12820504,142885567,5682632,8.97
2011,IN,3410413,33912098,2744879,10.06,2115538,24111250,343626,8.77,2945751,47774083,17891,6.17,2017,20708,1,9.74,8473719,105818139,3106397,8.01
2011,KS,1527025,14343748,1215411,10.65,1370351,15609278,221844,8.78,725304,10807373,23986,6.71,0,0,0,0.0,3622679,40760399,1461241,8.89
2011,KY,2502968,27197836,1928523,9.2,1589301,18721081,294450,8.49,2326178,43619424,7426,5.33,0,0,0,0.0,6418447,89538341,2230399,7.17
2011,LA,2869880,32019040,1979175,8.96,2050406,24280780,277004,8.44,1710595,30058415,18090,5.69,904,10846,1,8.33,6631785,86369081,2274270,7.68
2011,MA,3003305,20472512,2693548,14.67,2546764,17766602,389864,14.33,2270382,16973507,21021,13.38,21944,357291,2,6.14,7842396,55569912,3104435,14.11
2011,MD,3634386,27295675,2208015,13.31,3467869,30749605,245003,11.28,438877,5007386,8900,8.76,49382,547045,5,9.03,7590514,63599711,2461923,11.93
2011,ME,674079,4381536,701335,15.38,493871,4018070,88791,12.29,267894,3015739,2823,8.88,0,0,0,0.0,1435843,11415345,792949,12.58
2011,MI,4621167,34811337,4249136,13.27,3988981,38612718,521322,10.33,2315040,31624220,12961,7.32,451,5283,1,8.53,10925638,105053558,4783420,10.4
2011,MN,2469487,22523727,2308736,10.96,1929925,22371109,276286,8.63,1527529,23618724,10673,6.47,1575,19148,1,8.23,5928515,68532708,2595696,8.65
2011,MO,3502911,35941243,2693261,9.75,2490868,30962081,370920,8.04,1013187,17329648,8759,5.85,1510,21869,1,6.9,7008476,84254841,3072941,8.32
2011,MS,1966085,19336430,1251640,10.17,1302168,13737924,226136,9.48,1062287,16263203,6931,6.53,0,0,0,0.0,4330540,49337557,1484707,8.78
2011,MT,479166,4913110,469963,9.75,445957,4892271,101512,9.12,210061,3982700,5877,5.27,0,0,0,0.0,1135184,13788081,577352,8.23
2011,NC,5954615,58055878,4201898,10.26,3779923,46467228,644926,8.13,1597233,26554615,10609,6.01,508,7212,1,7.04,11332279,131084933,4857434,8.65
2011,ND,390772,4552228,330738,8.58,370084,4866230,60017,7.61,269476,4318558,3639,6.24,0,0,0,0.0,1030332,13737016,394394,7.5
2011,NE,927342,9946973,805671,9.32,729849,9139410,148927,7.99,681020,10589701,51373,6.43,0,0,0,0.0,2338211,29676084,1005971,7.88
2011,NH,735832,4454088,599532,16.52,628829,4478106,104610,14.04,237521,1936413,3491,12.27,0,0,0,0.0,1602182,10868607,707633,14.74
2011,NJ,4772503,29398870,3457325,16.23,5267798,39117745,481663,13.47,918011,8033254,12715,11.43,33143,309893,6,10.69,10991455,76859762,3951709,14.3
2011,NM,755858,6873748,856128,11.0,840053,9257633,136678,9.07,418868,6910284,7603,6.06,0,0,0,0.0,2014778,23041665,1000409,8.74
2011,NV,1334069,11493279,1067944,11.61,814444,8995162,155395,9.05,891991,13419961,3506,6.65,693,8077,1,8.58,3041198,33916479,1226846,8.97
2011,NY,9356966,51239599,6987631,18.26,12079373,76405800,1035992,15.81,1051444,13420153,8222,7.83,400875,2981057,9,13.45,22888659,144046609,8031854,15.89
2011,OH,6133425,53687111,4874482,11.42,4534851,47111763,611235,9.63,3298277,53913437,19712,6.12,2258,33999,3,6.64,13968811,154746310,5505432,9.03
2011,OK,2313030,24425027,1667223,9.47,1489888,19612922,264782,7.6,863213,15808845,18242,5.46,0,0,0,0.0,4666131,59846794,1950247,7.8
2011,OR,1852603,19429175,1633551,9.54,1284342,15754249,238908,8.15,653955,11963131,23300,5.47,1964,24891,4,7.89,3792864,47171446,1895763,8.04
2011,PA,7265435,54795633,5249827,13.26,4365429,43535836,684757,10.03,3833723,49585444,25047,7.73,75031,840325,15,8.93,15539619,148757238,5959646,10.45
2011,RI,448530,3129446,432430,14.33,452707,3660143,57409,12.37,103254,915857,1958,11.27,3806,26974,1,14.11,1008297,7732420,491798,13.04
2011,SC,3404928,30801731,2101585,11.05,2007503,21592794,340193,9.3,1668821,28094021,4459,5.94,0,0,0,0.0,7081252,80488546,2446237,8.8
2011,SD,434655,4646384,374260,9.35,344870,4446864,68775,7.76,160315,2586352,2905,6.2,0,0,0,0.0,939840,11679600,445940,8.05
2011,TN,4298018,43067861,2708113,9.98,2980031,29025334,463992,10.27,2070122,28638453,2017,7.23,203,1681,1,12.07,9348374,100733329,3174123,9.28
2011,TX,16141983,145654228,9621481,11.08,11315395,128213690,1363629,8.83,6368043,102128869,99033,6.24,6889,68329,2,10.08,33832309,376065116,11084145,9.0
2011,UT,801966,8946741,946468,8.96,775447,10544326,122363,7.35,475870,9332992,9378,5.1,3225,34887,1,9.24,2056507,28858946,1078210,7.13
2011,VA,4871349,45771144,3225395,10.64,3742884,47051425,414137,7.95,1118027,17218005,4082,6.49,15473,187691,1,8.24,9747732,110228265,3643615,8.84
2011,VT,345525,2124533,308992,16.26,281101,2008547,50796,14.0,139239,1417104,221,9.83,0,0,0,0.0,765864,5550184,360009,13.8
2011,WA,3010493,36376143,2837631,8.28,2203291,29408904,354185,7.49,1141672,27932787,27845,4.09,605,7083,6,8.54,6356062,93724917,3219667,6.78
2011,WI,2884512,22149941,2601879,13.02,2403002,23054970,340623,10.42,1715020,23406711,4527,7.33,0,0,0,0.0,7002535,68611622,2947029,10.21
2011,WV,1103040,11746151,868036,9.39,632491,7767926,137965,8.14,724244,11720437,12446,6.18,365,4239,1,8.6,2460139,31238753,1018448,7.88
2011,WY,255263,2802726,258528,9.11,335841,4353082,59872,7.72,555109,10261954,9067,5.41,0,0,0,0.0,1146213,17417762,327467,6.58
2011,US,166713948,1422801093,126143072,11.72,135926713,1328057439,17638062,10.24,67605690,991315564,727920,6.82,802743,7672084,92,10.46,371049095,3749846180,144509146,9.9
2010,AK,340340,2093217,271956,16.26,394632,2829738,47844,13.95,187290,1324083,1350,14.14,0,0,0,0.0,922262,6247038,321150,14.76
2010,AL,3790734,35529292,2138911,10.67,2339092,22983768,356296,10.18,1945053,32349585,6915,6.01,0,0,0,0.0,8074879,90862645,2502122,8.89
2010,AR,1702938,19230961,1322833,8.86,890628,12188205,178962,7.31,913220,16774699,32408,5.44,48,420,2,11.33,3506833,48194285,1534205,7.28
2010,AZ,3558161,32448138,2554213,10.97,2741684,28942918,300507,9.47,758910,11441974,7143,6.63,0,0,0,0.0,7058754,72833030,2861863,9.69
2010,CA,12873565,87256946,12947917,14.75,15863515,121151697,1814634,13.09,4831623,49301025,75160,9.8,67926,821224,13,8.27,33636629,258530892,14837724,13.01
2010,CO,1997858,18102386,2128507,11.04,1790037,19597222,350073,9.13,1047503,15171843,15060,6.9,4329,46335,1,9.34,4839726,52917786,2493641,9.15
2010,CT,2514466,13065275,1451808,19.25,2208560,13427698,153847,16.45,538690,3712952,4973,14.51,21423,185841,2,11.53,5283139,30391766,1610630,17.38
2010,DC,297450,2123312,227550,14.01,1236304,9209486,26449,13.42,17777,229597,1,7.74,34461,314600,1,10.95,1585992,11876995,254001,13.35
2010,DE,657103,4759973,396114,13.8,490773,4320020,49986,11.36,241673,2525939,1241,9.57,0,0,0,0.0,1389549,11605932,447341,11.97
2010,FL,13982240,122244650,8529204,11.44,8941651,91614093,1127138,9.76,1528594,17265268,18048,8.85,7344,85603,25,8.58,24459829,231209614,9674415,10.58
2010,GA,6198370,61554498,4054145,10.07,4338100,47897477,546011,9.06,1932099,31046909,15648,6.22,12891,172696,1,7.46,12481460,140671580,4615805,8.87
2010,HI,840072,2989499,414568,28.1,869792,3354523,60479,25.93,805925,3672487,686,21.94,0,0,0,0.0,2515789,10016509,475733,25.12
2010,IA,1516862,14554888,1327896,10.42,951526,12025276,217704,7.91,1011344,18865105,6555,5.36,0,0,0,0.0,3479732,45445269,1552155,7.66
2010,ID,649759,8136736,664717,7.99,389390,5864885,101268,6.64,452704,8796047,26047,5.15,0,0,0,0.0,1491853,22797668,792032,6.54
2010,IL,5599019,48582984,5070056,11.52,4565265,51437414,578768,8.88,3011060,44180125,5991,6.82,37630,560151,4,6.72,13212973,144760674,5654819,9.13
2010,IN,3350355,35058372,2742789,9.56,2040756,24364616,341727,8.38,2734471,46551671,18796,5.87,1816,19717,1,9.21,8127398,105994376,3103313,7.67
2010,KS,1437102,14334086,1213036,10.03,1272739,15435825,220091,8.25,664062,10650764,23304,6.23,0,0,0,0.0,3373903,40420675,1456431,8.35
2010,KY,2496770,29136518,1930666,8.57,1529639,19410547,297050,7.88,2273807,45022361,7268,5.05,0,0,0,0.0,6300216,93569426,2234984,6.73
2010,LA,2935169,32678931,1973174,8.98,2057616,24203161,274177,8.5,1646496,28186816,18128,5.84,1020,10784,23,9.46,6640301,85079692,2265502,7.8
2010,MA,3124528,21409005,2674717,14.59,2651047,18243198,379709,14.53,2346600,17116157,16162,13.71,22719,355062,2,6.4,8144895,57123422,3070590,14.26
2010,MD,4142935,28934074,2200368,14.32,3617033,30771317,244264,11.75,486917,5083115,8766,9.58,54099,546992,5,9.89,8300984,65335498,2453403,12.71
2010,ME,687037,4371835,699625,15.72,513227,4100906,88266,12.52,280544,3058827,2821,9.17,0,0,0,0.0,1480808,11531568,790712,12.84
2010,MI,4320775,34680715,4245158,12.46,3740718,38123171,520233,9.81,2183317,30840513,12827,7.08,513,4820,1,10.65,10245323,103649219,4778219,9.88
2010,MN,2379113,22464797,2300291,10.59,1887110,22515351,276463,8.38,1433278,22797763,10150,6.29,1693,21795,1,7.77,5701194,67799706,2586905,8.41
2010,MO,3385582,37302279,2695809,9.08,2358019,31430653,370955,7.5,953656,17330169,8899,5.5,1351,22016,1,6.14,6698608,86085117,3075664,7.78
2010,MS,1991612,20174826,1250149,9.87,1285951,13804962,224517,9.32,992969,15707378,6797,6.32,0,0,0,0.0,4270532,49687166,1481463,8.59
2010,MT,434420,4742794,467878,9.16,409363,4789182,101129,8.55,235469,4239477,5218,5.55,0,0,0,0.0,1079252,13771453,574225,7.84
2010,NC,6288493,62160107,4185540,10.12,3910578,47931940,644609,8.16,1623228,26315850,11016,6.17,500,7050,8,7.09,11822798,136414947,4841173,8.67
2010,ND,357052,4392596,326409,8.13,340008,4714115,58568,7.21,223760,3849552,2641,5.81,0,0,0,0.0,920820,12956263,387618,7.11
2010,NE,903393,10106673,801101,8.94,727801,9532438,154015,7.64,612988,10210349,45032,6.0,0,0,0,0.0,2244182,29849460,1000148,7.52
2010,NH,732038,4485469,597411,16.32,635979,4462438,104612,14.25,247747,1942167,3495,12.76,0,0,0,0.0,1615764,10890074,705518,14.84
2010,NJ,5021997,30307268,3454840,16.57,5571154,40122547,478687,13.89,995278,8428639,12960,11.81,37651,320973,6,11.73,11626079,79179427,3946493,14.68
2010,NM,710548,6752473,853811,10.52,772589,9015729,135580,8.57,400122,6660142,7259,6.01,0,0,0,0.0,1883259,22428344,996650,8.4
2010,NV,1435699,11614669,1058519,12.36,877691,8969727,154455,9.79,971592,13179708,3484,7.37,798,8491,18,9.4,3285779,33772595,1216476,9.73
2010,NY,9547884,50945648,6954916,18.74,12601107,77275676,1038260,16.31,1184683,13480462,8364,8.79,401507,2921787,24,13.74,23735180,144623573,8001564,16.41
2010,OH,6161970,54474377,4877229,11.31,4528123,46525627,612974,9.73,3397912,53109368,20693,6.4,3108,36046,3,8.62,14091113,154145418,5510899,9.14
2010,OK,2164328,23688861,1660653,9.14,1415038,19005132,261932,7.45,810789,15151987,18356,5.35,0,0,0,0.0,4390155,57845980,1940941,7.59
2010,OR,1671727,18838666,1629076,8.87,1173041,15453588,238450,7.59,631878,11708420,22638,5.4,1765,25271,58,6.99,3478411,46025945,1890222,7.56
2010,PA,7017223,55252837,5244278,12.7,4783808,47366366,678774,10.1,3480921,45457627,27293,7.66,70129,887138,16,7.91,15352082,148963968,5950361,10.31
2010,RI,496481,3117808,430623,15.92,483825,3693289,56664,13.1,113621,960833,1975,11.83,3748,27297,1,13.73,1097676,7799227,489263,14.07
2010,SC,3449574,32852086,2089302,10.5,1986442,22320133,340365,8.9,1567886,27307074,4477,5.74,0,0,0,0.0,7003902,82479293,2434144,8.49
2010,SD,415338,4628123,370566,8.97,329832,4367781,66278,7.55,143156,2360245,3290,6.07,0,0,0,0.0,888325,11356149,440134,7.82
2010,TN,4172362,45191027,2704054,9.23,2838715,29399025,460404,9.66,1903857,28929637,2027,6.58,205,1848,1,11.09,8915139,103521537,3166486,8.61
2010,TX,15905877,137161402,9536778,11.6,11163356,121467292,1459667,9.19,6420039,99754412,127608,6.44,7311,74444,3,9.82,33496583,358457550,11124056,9.34
2010,UT,769145,8834230,936602,8.71,741023,10367847,122340,7.15,434488,8808211,9431,4.93,2928,33713,10,8.69,1947584,28044001,1068383,6.94
2010,VA,5061603,48438958,3258959,10.45,3676236,48036984,419950,7.65,1141321,17141224,5380,6.66,14552,188969,1,7.7,9893712,113806135,3684290,8.69
2010,VT,331390,2127935,307839,15.57,271532,2020937,50620,13.44,137851,1445961,219,9.53,0,0,0,0.0,740774,5594833,358678,13.24
2010,WA,2805591,34906926,2825281,8.04,2125160,28833281,353330,7.37,1085311,26632814,27970,4.08,516,6949,6,7.42,6016578,90379970,3206587,6.66
2010,WI,2820621,22299493,2594698,12.65,2296381,23001117,338406,9.98,1606232,23451807,4496,6.85,0,0,0,0.0,6723234,68752417,2937600,9.78
2010,WV,1094174,12442583,867948,8.79,610027,7961906,137209,7.66,681014,11622934,12348,5.86,365,4380,1,8.33,2385580,32031803,1017506,7.45
2010,WY,239198,2727201,257447,8.77,320135,4317140,59642,7.42,501285,10069117,8933,4.98,0,0,0,0.0,1060618,17113458,326022,6.2
2010,US,166778041,1445708403,125717935,11.54,135553746,1330199364,17674338,10.19,65772007,971221189,747747,6.77,814346,7712412,239,10.56,368918140,3754841368,144140259,9.83
