Year,State Code,Fuel Source,Nameplate Capacity (Megawatts),renew_share,ipp_share,fossil_share,res_price,com_price,ind_price
2014,AK,Coal,113.5,19.4,0.7,78.0,19.14,17.09,15.66
2014,AK,Hydroelectric,440.4,19.4,0.7,78.0,19.14,17.09,15.66
2014,AK,Natural Gas,1233.1999999999998,19.4,0.7,78.0,19.14,17.09,15.66
2014,AK,Other,70.0,19.4,0.7,78.0,19.14,17.09,15.66
2014,AK,Other Biomass,11.5,19.4,0.7,78.0,19.14,17.09,15.66
2014,AK,Petroleum,760.9,19.4,0.7,78.0,19.14,17.09,15.66
2014,AK,Wind,72.69999999999999,19.4,0.7,78.0,19.14,17.09,15.66
2014,AL,Coal,11741.6,11.6,23.3,73.1,11.48,10.79,6.15
2014,AL,Hydroelectric,3319.3,11.6,23.3,73.1,11.48,10.79,6.15
2014,AL,Natural Gas,13329.8,11.6,23.3,73.1,11.48,10.79,6.15
2014,AL,Nuclear,5270.4,11.6,23.3,73.1,11.48,10.79,6.15
2014,AL,Other Biomass,6.4,11.6,23.3,73.1,11.48,10.79,6.15
2014,AL,Other Gases,110.8,11.6,23.3,73.1,11.48,10.79,6.15
2014,AL,Petroleum,47.800000000000004,11.6,23.3,73.1,11.48,10.79,6.15
2014,AL,Wood and Wood Derived Fuels,669.3000000000001,11.6,23.3,73.1,11.48,10.79,6.15
2014,AR,Coal,5487.0,10.4,19.4,78.2,9.51,8.05,6.02
2014,AR,Hydroelectric,1320.9,10.4,19.4,78.2,9.51,8.05,6.02
2014,AR,Natural Gas,7286.3,10.4,19.4,78.2,9.51,8.05,6.02
2014,AR,Nuclear,1845.0,10.4,19.4,78.2,9.51,8.05,6.02
2014,AR,Other Biomass,28.1,10.4,19.4,78.2,9.51,8.05,6.02
2014,AR,Petroleum,12.3,10.4,19.4,78.2,9.51,8.05,6.02
2014,AR,Pumped Storage,28.0,10.4,19.4,78.2,9.51,8.05,6.02
2014,AR,Wood and Wood Derived Fuels,350.1,10.4,19.4,78.2,9.51,8.05,6.02
2014,AZ,Coal,6707.0,13.9,25.6,72.3,11.9,10.13,6.46
2014,AZ,Hydroelectric,2718.0,13.9,25.6,72.3,11.9,10.13,6.46
2014,AZ,Natural Gas,16121.3,13.9,25.6,72.3,11.9,10.13,6.46
2014,AZ,Nuclear,4209.6,13.9,25.6,72.3,11.9,10.13,6.46
2014,AZ,Other Biomass,11.0,13.9,25.6,72.3,11.9,10.13,6.46
2014,AZ,Petroleum,128.3,13.9,25.6,72.3,11.9,10.13,6.46
2014,AZ,Pumped Storage,194.1,13.9,25.6,72.3,11.9,10.13,6.46
2014,AZ,Solar Thermal and Photovoltaic,1402.6,13.9,25.6,72.3,11.9,10.13,6.46
2014,AZ,Wind,237.3,13.9,25.6,72.3,11.9,10.13,6.46
2014,AZ,Wood and Wood Derived Fuels,30.2,13.9,25.6,72.3,11.9,10.13,6.46
2014,CA,Coal,130.7,32.8,53.6,59.0,16.25,15.62,12.34
2014,CA,Geothermal,2940.9,32.8,53.6,59.0,16.25,15.62,12.34
2014,CA,Hydroelectric,10042.5,32.8,53.6,59.0,16.25,15.62,12.34
2014,CA,Natural Gas,46154.200000000004,32.8,53.6,59.0,16.25,15.62,12.34
2014,CA,Nuclear,2323.0,32.8,53.6,59.0,16.25,15.62,12.34
2014,CA,Other,511.20000000000005,32.8,53.6,59.0,16.25,15.62,12.34
2014,CA,Other Biomass,678.8,32.8,53.6,59.0,16.25,15.62,12.34
2014,CA,Other Gases,258.0,32.8,53.6,59.0,16.25,15.62,12.34
2014,CA,Petroleum,500.90000000000003,32.8,53.6,59.0,16.25,15.62,12.34
2014,CA,Pumped Storage,3751.0,32.8,53.6,59.0,16.25,15.62,12.34
2014,CA,Solar Thermal and Photovoltaic,5829.2,32.8,53.6,59.0,16.25,15.62,12.34
2014,CA,Wind,5832.8,32.8,53.6,59.0,16.25,15.62,12.34
2014,CA,Wood and Wood Derived Fuels,841.4,32.8,53.6,59.0,16.25,15.62,12.34
2014,CO,Coal,5780.2,20.5,29.4,76.4,12.18,10.08,7.47
2014,CO,Hydroelectric,661.1,20.5,29.4,76.4,12.18,10.08,7.47
2014,CO,Natural Gas,6790.0,20.5,29.4,76.4,12.18,10.08,7.47
2014,CO,Other,10.6,20.5,29.4,76.4,12.18,10.08,7.47
2014,CO,Other Biomass,21.4,20.5,29.4,76.4,12.18,10.08,7.47
2014,CO,Petroleum,202.7,20.5,29.4,76.4,12.18,10.08,7.47
2014,CO,Pumped Storage,508.5,20.5,29.4,76.4,12.18,10.08,7.47
2014,CO,Solar Thermal and Photovoltaic,129.6,20.5,29.4,76.4,12.18,10.08,7.47
2014,CO,Wind,2594.1,20.5,29.4,76.4,12.18,10.08,7.47
2014,CO,Wood and Wood Derived Fuels,11.3,20.5,29.4,76.4,12.18,10.08,7.47
2014,CT,Coal,400.0,4.1,94.4,72.9,19.75,15.55,12.92
2014,CT,Hydroelectric,118.5,4.1,94.4,72.9,19.75,15.55,12.92
2014,CT,Natural Gas,3430.4000000000005,4.1,94.4,72.9,19.75,15.55,12.92
2014,CT,Nuclear,2162.9,4.1,94.4,72.9,19.75,15.55,12.92
2014,CT,Other,36.3,4.1,94.4,72.9,19.75,15.55,12.92
2014,CT,Other Biomass,220.9,4.1,94.4,72.9,19.75,15.55,12.92
2014,CT,Petroleum,3214.3,4.1,94.4,72.9,19.75,15.55,12.92
2014,CT,Pumped Storage,31.0,4.1,94.4,72.9,19.75,15.55,12.92
2014,CT,Solar Thermal and Photovoltaic,10.0,4.1,94.4,72.9,19.75,15.55,12.92
2014,CT,Wood and Wood Derived Fuels,43.0,4.1,94.4,72.9,19.75,15.55,12.92
2014,DC,Natural Gas,10.8,,,,,,
2014,DE,Coal,445.5,1.3,83.2,98.7,13.29,10.5,8.58
2014,DE,Natural Gas,2515.2,1.3,83.2,98.7,13.29,10.5,8.58
2014,DE,Other Biomass,12.2,1.3,83.2,98.7,13.29,10.5,8.58
2014,DE,Other Gases,140.0,1.3,83.2,98.7,13.29,10.5,8.58
2014,DE,Petroleum,121.6,1.3,83.2,98.7,13.29,10.5,8.58
2014,DE,Solar Thermal and Photovoltaic,29.6,1.3,83.2,98.7,13.29,10.5,8.58
2014,DE,Wind,2.0,1.3,83.2,98.7,13.29,10.5,8.58
2014,FL,Coal,11343.3,2.3,8.9,90.7,11.89,9.87,7.9
2014,FL,Hydroelectric,55.7,2.3,8.9,90.7,11.89,9.87,7.9
2014,FL,Natural Gas,42453.899999999994,2.3,8.9,90.7,11.89,9.87,7.9
2014,FL,Nuclear,3797.2,2.3,8.9,90.7,11.89,9.87,7.9
2014,FL,Other,952.5,2.3,8.9,90.7,11.89,9.87,7.9
2014,FL,Other Biomass,930.0,2.3,8.9,90.7,11.89,9.87,7.9
2014,FL,Petroleum,8016.0,2.3,8.9,90.7,11.89,9.87,7.9
2014,FL,Solar Thermal and Photovoltaic,75.1,2.3,8.9,90.7,11.89,9.87,7.9
2014,FL,Wood and Wood Derived Fuels,491.1,2.3,8.9,90.7,11.89,9.87,7.9
2014,GA,Coal,13444.199999999999,6.8,22.1,79.3,11.65,10.36,6.64
2014,GA,Hydroelectric,1926.8,6.8,22.1,79.3,11.65,10.36,6.64
2014,GA,Natural Gas,17922.1,6.8,22.1,79.3,11.65,10.36,6.64
2014,GA,Nuclear,4041.8,6.8,22.1,79.3,11.65,10.36,6.64
2014,GA,Other,45.0,6.8,22.1,79.3,11.65,10.36,6.64
2014,GA,Other Biomass,37.699999999999996,6.8,22.1,79.3,11.65,10.36,6.64
2014,GA,Petroleum,1374.0,6.8,22.1,79.3,11.65,10.36,6.64
2014,GA,Pumped Storage,1634.6,6.8,22.1,79.3,11.65,10.36,6.64
2014,GA,Solar Thermal and Photovoltaic,68.6,6.8,22.1,79.3,11.65,10.36,6.64
2014,GA,Wood and Wood Derived Fuels,777.6,6.8,22.1,79.3,11.65,10.36,6.64
2014,HI,Coal,203.0,19.6,12.8,78.4,37.04,34.21,30.22
2014,HI,Geothermal,51.0,19.6,12.8,78.4,37.04,34.21,30.22
2014,HI,Hydroelectric,26.2,19.6,12.8,78.4,37.04,34.21,30.22
2014,HI,Other,60.1,19.6,12.8,78.4,37.04,34.21,30.22
2014,HI,Other Biomass,256.4,19.6,12.8,78.4,37.04,34.21,30.22
2014,HI,Other Gases,6.0,19.6,12.8,78.4,37.04,34.21,30.22
2014,HI,Petroleum,2076.5,19.6,12.8,78.4,37.04,34.21,30.22
2014,HI,Solar Thermal and Photovoltaic,32.2,19.6,12.8,78.4,37.04,34.21,30.22
2014,HI,Wind,205.6,19.6,12.8,78.4,37.04,34.21,30.22
2014,IA,Coal,7133.1,32.7,18.2,63.3,11.16,8.67,5.71
2014,IA,Hydroelectric,129.2,32.7,18.2,63.3,11.16,8.67,5.71
2014,IA,Natural Gas,2965.6000000000004,32.7,18.2,63.3,11.16,8.67,5.71
2014,IA,Nuclear,679.5,32.7,18.2,63.3,11.16,8.67,5.71
2014,IA,Other,22.5,32.7,18.2,63.3,11.16,8.67,5.71
2014,IA,Other Biomass,20.4,32.7,18.2,63.3,11.16,8.67,5.71
2014,IA,Petroleum,1166.5,32.7,18.2,63.3,11.16,8.67,5.71
2014,IA,Wind,5667.2,32.7,18.2,63.3,11.16,8.67,5.71
2014,ID,Coal,18.9,73.7,30.0,26.0,9.72,7.78,6.4
2014,ID,Geothermal,18.0,73.7,30.0,26.0,9.72,7.78,6.4
2014,ID,Hydroelectric,2541.2999999999997,73.7,30.0,26.0,9.72,7.78,6.4
2014,ID,Natural Gas,1270.9,73.7,30.0,26.0,9.72,7.78,6.4
2014,ID,Other,15.9,73.7,30.0,26.0,9.72,7.78,6.4
2014,ID,Other Biomass,35.300000000000004,73.7,30.0,26.0,9.72,7.78,6.4
2014,ID,Petroleum,5.0,73.7,30.0,26.0,9.72,7.78,6.4
2014,ID,Wind,966.6,73.7,30.0,26.0,9.72,7.78,6.4
2014,ID,Wood and Wood Derived Fuels,106.2,73.7,30.0,26.0,9.72,7.78,6.4
2014,IL,Coal,16984.600000000002,7.4,85.3,68.0,11.91,9.26,6.85
2014,IL,Hydroelectric,39.7,7.4,85.3,68.0,11.91,9.26,6.85
2014,IL,Natural Gas,16512.8,7.4,85.3,68.0,11.91,9.26,6.85
2014,IL,Nuclear,12415.1,7.4,85.3,68.0,11.91,9.26,6.85
2014,IL,Other,4.5,7.4,85.3,68.0,11.91,9.26,6.85
2014,IL,Other Biomass,142.0,7.4,85.3,68.0,11.91,9.26,6.85
2014,IL,Other Gases,117.7,7.4,85.3,68.0,11.91,9.26,6.85
2014,IL,Petroleum,807.1,7.4,85.3,68.0,11.91,9.26,6.85
2014,IL,Solar Thermal and Photovoltaic,31.900000000000002,7.4,85.3,68.0,11.91,9.26,6.85
2014,IL,Wind,3551.5,7.4,85.3,68.0,11.91,9.26,6.85
2014,IN,Coal,20847.600000000002,6.4,6.7,93.3,11.46,9.96,6.97
2014,IN,Hydroelectric,92.1,6.4,6.7,93.3,11.46,9.96,6.97
2014,IN,Natural Gas,6835.6,6.4,6.7,93.3,11.46,9.96,6.97
2014,IN,Other,94.6,6.4,6.7,93.3,11.46,9.96,6.97
2014,IN,Other Biomass,79.9,6.4,6.7,93.3,11.46,9.96,6.97
2014,IN,Other Gases,696.2,6.4,6.7,93.3,11.46,9.96,6.97
2014,IN,Petroleum,597.4999999999999,6.4,6.7,93.3,11.46,9.96,6.97
2014,IN,Solar Thermal and Photovoltaic,91.0,6.4,6.7,93.3,11.46,9.96,6.97
2014,IN,Wind,1739.7,6.4,6.7,93.3,11.46,9.96,6.97
2014,KS,Coal,5384.8,19.6,17.5,72.1,12.17,10.13,7.8
2014,KS,Hydroelectric,7.0,19.6,17.5,72.1,12.17,10.13,7.8
2014,KS,Natural Gas,5043.2,19.6,17.5,72.1,12.17,10.13,7.8
2014,KS,Nuclear,1267.7,19.6,17.5,72.1,12.17,10.13,7.8
2014,KS,Other,2.0,19.6,17.5,72.1,12.17,10.13,7.8
2014,KS,Other Biomass,31.099999999999998,19.6,17.5,72.1,12.17,10.13,7.8
2014,KS,Petroleum,628.5,19.6,17.5,72.1,12.17,10.13,7.8
2014,KS,Wind,2968.7,19.6,17.5,72.1,12.17,10.13,7.8
2014,KY,Coal,17645.0,3.7,7.2,96.3,10.16,9.44,5.68
2014,KY,Hydroelectric,804.1,3.7,7.2,96.3,10.16,9.44,5.68
2014,KY,Natural Gas,6239.4,3.7,7.2,96.3,10.16,9.44,5.68
2014,KY,Other Biomass,18.8,3.7,7.2,96.3,10.16,9.44,5.68
2014,KY,Petroleum,11.5,3.7,7.2,96.3,10.16,9.44,5.68
2014,KY,Wood and Wood Derived Fuels,93.0,3.7,7.2,96.3,10.16,9.44,5.68
2014,LA,Coal,3796.2,2.3,10.4,89.4,9.57,9.1,6.05
2014,LA,Hydroelectric,192.0,2.3,10.4,89.4,9.57,9.1,6.05
2014,LA,Natural Gas,22933.800000000003,2.3,10.4,89.4,9.57,9.1,6.05
2014,LA,Nuclear,2235.7,2.3,10.4,89.4,9.57,9.1,6.05
2014,LA,Other,348.9,2.3,10.4,89.4,9.57,9.1,6.05
2014,LA,Other Biomass,15.1,2.3,10.4,89.4,9.57,9.1,6.05
2014,LA,Other Gases,75.0,2.3,10.4,89.4,9.57,9.1,6.05
2014,LA,Petroleum,1050.6,2.3,10.4,89.4,9.57,9.1,6.05
2014,LA,Wood and Wood Derived Fuels,501.4,2.3,10.4,89.4,9.57,9.1,6.05
2014,MA,Coal,1130.3,6.9,85.0,78.0,17.39,14.68,12.74
2014,MA,Hydroelectric,268.9,6.9,85.0,78.0,17.39,14.68,12.74
2014,MA,Natural Gas,7400.299999999999,6.9,85.0,78.0,17.39,14.68,12.74
2014,MA,Nuclear,670.0,6.9,85.0,78.0,17.39,14.68,12.74
2014,MA,Other,3.0,6.9,85.0,78.0,17.39,14.68,12.74
2014,MA,Other Biomass,340.3,6.9,85.0,78.0,17.39,14.68,12.74
2014,MA,Petroleum,2847.7000000000003,6.9,85.0,78.0,17.39,14.68,12.74
2014,MA,Pumped Storage,1540.0,6.9,85.0,78.0,17.39,14.68,12.74
2014,MA,Solar Thermal and Photovoltaic,290.6,6.9,85.0,78.0,17.39,14.68,12.74
2014,MA,Wind,84.4,6.9,85.0,78.0,17.39,14.68,12.74
2014,MA,Wood and Wood Derived Fuels,18.0,6.9,85.0,78.0,17.39,14.68,12.74
2014,MD,Coal,5139.2,6.9,92.8,79.6,13.63,11.15,9.04
2014,MD,Hydroelectric,550.8,6.9,92.8,79.6,13.63,11.15,9.04
2014,MD,Natural Gas,2363.1,6.9,92.8,79.6,13.63,11.15,9.04
2014,MD,Nuclear,1828.7,6.9,92.8,79.6,13.63,11.15,9.04
2014,MD,Other Biomass,159.60000000000002,6.9,92.8,79.6,13.63,11.15,9.04
2014,MD,Petroleum,3310.1,6.9,92.8,79.6,13.63,11.15,9.04
2014,MD,Solar Thermal and Photovoltaic,67.0,6.9,92.8,79.6,13.63,11.15,9.04
2014,MD,Wind,160.0,6.9,92.8,79.6,13.63,11.15,9.04
2014,MD,Wood and Wood Derived Fuels,3.8,6.9,92.8,79.6,13.63,11.15,9.04
2014,ME,Coal,102.6,38.8,75.9,60.7,15.27,12.7,8.95
2014,ME,Hydroelectric,723.1,38.8,75.9,60.7,15.27,12.7,8.95
2014,ME,Natural Gas,1857.2999999999997,38.8,75.9,60.7,15.27,12.7,8.95
2014,ME,Other,22.0,38.8,75.9,60.7,15.27,12.7,8.95
2014,ME,Other Biomass,50.1,38.8,75.9,60.7,15.27,12.7,8.95
2014,ME,Petroleum,938.1,38.8,75.9,60.7,15.27,12.7,8.95
2014,ME,Wind,430.6,38.8,75.9,60.7,15.27,12.7,8.95
2014,ME,Wood and Wood Derived Fuels,648.8,38.8,75.9,60.7,15.27,12.7,8.95
2014,MI,Coal,12084.1,7.1,15.7,74.1,14.46,10.87,7.68
2014,MI,Hydroelectric,366.1,7.1,15.7,74.1,14.46,10.87,7.68
2014,MI,Natural Gas,12094.7,7.1,15.7,74.1,14.46,10.87,7.68
2014,MI,Nuclear,4314.1,7.1,15.7,74.1,14.46,10.87,7.68
2014,MI,Other,0.9,7.1,15.7,74.1,14.46,10.87,7.68
2014,MI,Other Biomass,233.10000000000002,7.1,15.7,74.1,14.46,10.87,7.68
2014,MI,Petroleum,675.3000000000001,7.1,15.7,74.1,14.46,10.87,7.68
2014,MI,Pumped Storage,1978.8,7.1,15.7,74.1,14.46,10.87,7.68
2014,MI,Wind,1529.5,7.1,15.7,74.1,14.46,10.87,7.68
2014,MI,Wood and Wood Derived Fuels,252.2,7.1,15.7,74.1,14.46,10.87,7.68
2014,MN,Coal,5257.7,21.4,20.2,67.9,12.01,9.85,6.72
2014,MN,Hydroelectric,215.3,21.4,20.2,67.9,12.01,9.85,6.72
2014,MN,Natural Gas,5834.3,21.4,20.2,67.9,12.01,9.85,6.72
2014,MN,Nuclear,1871.2,21.4,20.2,67.9,12.01,9.85,6.72
2014,MN,Other,23.2,21.4,20.2,67.9,12.01,9.85,6.72
2014,MN,Other Biomass,274.7,21.4,20.2,67.9,12.01,9.85,6.72
2014,MN,Petroleum,925.9,21.4,20.2,67.9,12.01,9.85,6.72
2014,MN,Solar Thermal and Photovoltaic,1.7,21.4,20.2,67.9,12.01,9.85,6.72
2014,MN,Wind,3049.5,21.4,20.2,67.9,12.01,9.85,6.72
2014,MN,Wood and Wood Derived Fuels,253.8,21.4,20.2,67.9,12.01,9.85,6.72
2014,MO,Coal,13133.7,4.1,4.6,88.2,10.64,8.9,6.36
2014,MO,Hydroelectric,506.0,4.1,4.6,88.2,10.64,8.9,6.36
2014,MO,Natural Gas,6562.0,4.1,4.6,88.2,10.64,8.9,6.36
2014,MO,Nuclear,1235.8,4.1,4.6,88.2,10.64,8.9,6.36
2014,MO,Other,1.0,4.1,4.6,88.2,10.64,8.9,6.36
2014,MO,Other Biomass,17.2,4.1,4.6,88.2,10.64,8.9,6.36
2014,MO,Petroleum,1349.0,4.1,4.6,88.2,10.64,8.9,6.36
2014,MO,Pumped Storage,600.4,4.1,4.6,88.2,10.64,8.9,6.36
2014,MO,Solar Thermal and Photovoltaic,7.7,4.1,4.6,88.2,10.64,8.9,6.36
2014,MO,Wind,458.5,4.1,4.6,88.2,10.64,8.9,6.36
2014,MS,Coal,2887.5,1.6,14.7,89.5,11.32,10.76,6.6
2014,MS,Natural Gas,13482.300000000001,1.6,14.7,89.5,11.32,10.76,6.6
2014,MS,Nuclear,1440.0,1.6,14.7,89.5,11.32,10.76,6.6
2014,MS,Other,199.7,1.6,14.7,89.5,11.32,10.76,6.6
2014,MS,Other Biomass,1.6,1.6,14.7,89.5,11.32,10.76,6.6
2014,MS,Petroleum,48.0,1.6,14.7,89.5,11.32,10.76,6.6
2014,MS,Wood and Wood Derived Fuels,294.3,1.6,14.7,89.5,11.32,10.76,6.6
2014,MT,Coal,2660.6,50.0,50.9,49.1,10.18,9.64,5.49
2014,MT,Hydroelectric,2627.5,50.0,50.9,49.1,10.18,9.64,5.49
2014,MT,Natural Gas,498.59999999999997,50.0,50.9,49.1,10.18,9.64,5.49
2014,MT,Other,60.0,50.0,50.9,49.1,10.18,9.64,5.49
2014,MT,Other Gases,1.6,50.0,50.9,49.1,10.18,9.64,5.49
2014,MT,Petroleum,68.0,50.0,50.9,49.1,10.18,9.64,5.49
2014,MT,Wind,662.3,50.0,50.9,49.1,10.18,9.64,5.49
2014,MT,Wood and Wood Derived Fuels,3.8,50.0,50.9,49.1,10.18,9.64,5.49
2014,NC,Coal,11004.0,9.8,8.4,73.4,11.1,8.75,6.5
2014,NC,Hydroelectric,1890.3999999999999,9.8,8.4,73.4,11.1,8.75,6.5
2014,NC,Natural Gas,12713.1,9.8,8.4,73.4,11.1,8.75,6.5
2014,NC,Nuclear,5394.7,9.8,8.4,73.4,11.1,8.75,6.5
2014,NC,Other,52.9,9.8,8.4,73.4,11.1,8.75,6.5
2014,NC,Other Biomass,87.6,9.8,8.4,73.4,11.1,8.75,6.5
2014,NC,Petroleum,504.2,9.8,8.4,73.4,11.1,8.75,6.5
2014,NC,Pumped Storage,95.0,9.8,8.4,73.4,11.1,8.75,6.5
2014,NC,Solar Thermal and Photovoltaic,681.4000000000001,9.8,8.4,73.4,11.1,8.75,6.5
2014,NC,Wood and Wood Derived Fuels,579.4,9.8,8.4,73.4,11.1,8.75,6.5
2014,ND,Coal,4350.1,33.8,17.2,66.2,9.15,8.79,7.62
2014,ND,Hydroelectric,614.0,33.8,17.2,66.2,9.15,8.79,7.62
2014,ND,Natural Gas,330.0,33.8,17.2,66.2,9.15,8.79,7.62
2014,ND,Other,5.3,33.8,17.2,66.2,9.15,8.79,7.62
2014,ND,Other Biomass,9.8,33.8,17.2,66.2,9.15,8.79,7.62
2014,ND,Other Gases,7.5,33.8,17.2,66.2,9.15,8.79,7.62
2014,ND,Petroleum,68.5,33.8,17.2,66.2,9.15,8.79,7.62
2014,ND,Wind,1802.4,33.8,17.2,66.2,9.15,8.79,7.62
2014,NE,Coal,4274.0,12.6,8.0,73.3,10.4,8.73,7.47
2014,NE,Hydroelectric,332.3,12.6,8.0,73.3,10.4,8.73,7.47
2014,NE,Natural Gas,2114.8,12.6,8.0,73.3,10.4,8.73,7.47
2014,NE,Nuclear,1303.0,12.6,8.0,73.3,10.4,8.73,7.47
2014,NE,Other Biomass,15.7,12.6,8.0,73.3,10.4,8.73,7.47
2014,NE,Petroleum,361.2,12.6,8.0,73.3,10.4,8.73,7.47
2014,NE,Wind,811.7,12.6,8.0,73.3,10.4,8.73,7.47
2014,NH,Coal,559.2,19.4,73.8,53.7,17.53,14.34,11.93
2014,NH,Hydroelectric,448.3,19.4,73.8,53.7,17.53,14.34,11.93
2014,NH,Natural Gas,1400.5,19.4,73.8,53.7,17.53,14.34,11.93
2014,NH,Nuclear,1242.0,19.4,73.8,53.7,17.53,14.34,11.93
2014,NH,Other Biomass,36.4,19.4,73.8,53.7,17.53,14.34,11.93
2014,NH,Petroleum,524.6999999999999,19.4,73.8,53.7,17.53,14.34,11.93
2014,NH,Wind,171.0,19.4,73.8,53.7,17.53,14.34,11.93
2014,NH,Wood and Wood Derived Fuels,243.4,19.4,73.8,53.7,17.53,14.34,11.93
2014,NJ,Coal,2003.0,3.2,86.7,74.7,15.78,13.15,11.38
2014,NJ,Hydroelectric,14.7,3.2,86.7,74.7,15.78,13.15,11.38
2014,NJ,Natural Gas,12514.1,3.2,86.7,74.7,15.78,13.15,11.38
2014,NJ,Nuclear,4180.7,3.2,86.7,74.7,15.78,13.15,11.38
2014,NJ,Other,11.2,3.2,86.7,74.7,15.78,13.15,11.38
2014,NJ,Other Biomass,266.29999999999995,3.2,86.7,74.7,15.78,13.15,11.38
2014,NJ,Petroleum,1186.6,3.2,86.7,74.7,15.78,13.15,11.38
2014,NJ,Pumped Storage,453.0,3.2,86.7,74.7,15.78,13.15,11.38
2014,NJ,Solar Thermal and Photovoltaic,392.4,3.2,86.7,74.7,15.78,13.15,11.38
2014,NJ,Wind,9.0,3.2,86.7,74.7,15.78,13.15,11.38
2014,NM,Coal,3741.2,13.1,20.9,86.9,12.28,10.27,6.61
2014,NM,Geothermal,4.0,13.1,20.9,86.9,12.28,10.27,6.61
2014,NM,Hydroelectric,81.7,13.1,20.9,86.9,12.28,10.27,6.61
2014,NM,Natural Gas,3841.5,13.1,20.9,86.9,12.28,10.27,6.61
2014,NM,Other,2.6,13.1,20.9,86.9,12.28,10.27,6.61
2014,NM,Other Biomass,2.2,13.1,20.9,86.9,12.28,10.27,6.61
2014,NM,Petroleum,76.8,13.1,20.9,86.9,12.28,10.27,6.61
2014,NM,Solar Thermal and Photovoltaic,250.7,13.1,20.9,86.9,12.28,10.27,6.61
2014,NM,Wind,812.3,13.1,20.9,86.9,12.28,10.27,6.61
2014,NV,Coal,1103.8,20.1,15.5,79.9,12.93,9.47,7.12
2014,NV,Geothermal,626.3,20.1,15.5,79.9,12.93,9.47,7.12
2014,NV,Hydroelectric,1052.2,20.1,15.5,79.9,12.93,9.47,7.12
2014,NV,Natural Gas,8625.199999999999,20.1,15.5,79.9,12.93,9.47,7.12
2014,NV,Other Biomass,3.2,20.1,15.5,79.9,12.93,9.47,7.12
2014,NV,Petroleum,6.0,20.1,15.5,79.9,12.93,9.47,7.12
2014,NV,Solar Thermal and Photovoltaic,617.5,20.1,15.5,79.9,12.93,9.47,7.12
2014,NV,Wind,150.0,20.1,15.5,79.9,12.93,9.47,7.12
2014,NY,Coal,2633.7000000000003,16.3,64.6,67.7,20.07,16.12,6.58
2014,NY,Hydroelectric,4671.7,16.3,64.6,67.7,20.07,16.12,6.58
2014,NY,Natural Gas,22436.2,16.3,64.6,67.7,20.07,16.12,6.58
2014,NY,Nuclear,5708.1,16.3,64.6,67.7,20.07,16.12,6.58
2014,NY,Other,20.0,16.3,64.6,67.7,20.07,16.12,6.58
2014,NY,Other Biomass,430.7,16.3,64.6,67.7,20.07,16.12,6.58
2014,NY,Petroleum,4380.8,16.3,64.6,67.7,20.07,16.12,6.58
2014,NY,Pumped Storage,1240.0,16.3,64.6,67.7,20.07,16.12,6.58
2014,NY,Solar Thermal and Photovoltaic,53.2,16.3,64.6,67.7,20.07,16.12,6.58
2014,NY,Wind,1751.1000000000001,16.3,64.6,67.7,20.07,16.12,6.58
2014,NY,Wood and Wood Derived Fuels,181.3,16.3,64.6,67.7,20.07,16.12,6.58
2014,OH,Coal,19400.6,2.3,62.8,91.2,12.5,9.83,6.77
2014,OH,Hydroelectric,128.6,2.3,62.8,91.2,12.5,9.83,6.77
2014,OH,Natural Gas,10943.699999999999,2.3,62.8,91.2,12.5,9.83,6.77
2014,OH,Nuclear,2236.8,2.3,62.8,91.2,12.5,9.83,6.77
2014,OH,Other,24.0,2.3,62.8,91.2,12.5,9.83,6.77
2014,OH,Other Biomass,100.4,2.3,62.8,91.2,12.5,9.83,6.77
2014,OH,Other Gases,254.5,2.3,62.8,91.2,12.5,9.83,6.77
2014,OH,Petroleum,888.3,2.3,62.8,91.2,12.5,9.83,6.77
2014,OH,Solar Thermal and Photovoltaic,36.7,2.3,62.8,91.2,12.5,9.83,6.77
2014,OH,Wind,424.09999999999997,2.3,62.8,91.2,12.5,9.83,6.77
2014,OH,Wood and Wood Derived Fuels,97.0,2.3,62.8,91.2,12.5,9.83,6.77
2014,OK,Coal,5844.0,18.1,26.4,80.8,10.03,8.09,5.85
2014,OK,Hydroelectric,809.3,18.1,26.4,80.8,10.03,8.09,5.85
2014,OK,Natural Gas,14982.800000000001,18.1,26.4,80.8,10.03,8.09,5.85
2014,OK,Other Biomass,20.0,18.1,26.4,80.8,10.03,8.09,5.85
2014,OK,Petroleum,80.3,18.1,26.4,80.8,10.03,8.09,5.85
2014,OK,Pumped Storage,288.0,18.1,26.4,80.8,10.03,8.09,5.85
2014,OK,Wind,3779.5,18.1,26.4,80.8,10.03,8.09,5.85
2014,OK,Wood and Wood Derived Fuels,68.0,18.1,26.4,80.8,10.03,8.09,5.85
2014,OR,Coal,642.2,73.0,21.9,27.0,10.47,8.75,5.97
2014,OR,Geothermal,33.0,73.0,21.9,27.0,10.47,8.75,5.97
2014,OR,Hydroelectric,8448.4,73.0,21.9,27.0,10.47,8.75,5.97
2014,OR,Natural Gas,3811.9,73.0,21.9,27.0,10.47,8.75,5.97
2014,OR,Other Biomass,56.5,73.0,21.9,27.0,10.47,8.75,5.97
2014,OR,Solar Thermal and Photovoltaic,13.899999999999999,73.0,21.9,27.0,10.47,8.75,5.97
2014,OR,Wind,3158.3999999999996,73.0,21.9,27.0,10.47,8.75,5.97
2014,OR,Wood and Wood Derived Fuels,359.9,73.0,21.9,27.0,10.47,8.75,5.97
2014,PA,Coal,15799.5,6.3,94.4,68.4,13.32,9.73,7.41
2014,PA,Hydroelectric,919.5,6.3,94.4,68.4,13.32,9.73,7.41
2014,PA,Natural Gas,13321.2,6.3,94.4,68.4,13.32,9.73,7.41
2014,PA,Nuclear,10322.4,6.3,94.4,68.4,13.32,9.73,7.41
2014,PA,Other,20.0,6.3,94.4,68.4,13.32,9.73,7.41
2014,PA,Other Biomass,511.2,6.3,94.4,68.4,13.32,9.73,7.41
2014,PA,Other Gases,116.0,6.3,94.4,68.4,13.32,9.73,7.41
2014,PA,Petroleum,2887.1,6.3,94.4,68.4,13.32,9.73,7.41
2014,PA,Pumped Storage,1541.0,6.3,94.4,68.4,13.32,9.73,7.41
2014,PA,Solar Thermal and Photovoltaic,48.49999999999999,6.3,94.4,68.4,13.32,9.73,7.41
2014,PA,Wind,1344.1,6.3,94.4,68.4,13.32,9.73,7.41
2014,PA,Wood and Wood Derived Fuels,144.1,6.3,94.4,68.4,13.32,9.73,7.41
2014,RI,Hydroelectric,2.8,2.8,98.4,97.2,17.17,14.56,12.86
2014,RI,Natural Gas,1971.1000000000001,2.8,98.4,97.2,17.17,14.56,12.86
2014,RI,Other Biomass,40.4,2.8,98.4,97.2,17.17,14.56,12.86
2014,RI,Petroleum,17.7,2.8,98.4,97.2,17.17,14.56,12.86
2014,RI,Solar Thermal and Photovoltaic,6.9,2.8,98.4,97.2,17.17,14.56,12.86
2014,RI,Wind,7.5,2.8,98.4,97.2,17.17,14.56,12.86
2014,SC,Coal,5922.7,7.5,4.2,54.4,12.45,10.28,6.29
2014,SC,Hydroelectric,1364.1,7.5,4.2,54.4,12.45,10.28,6.29
2014,SC,Natural Gas,6665.1,7.5,4.2,54.4,12.45,10.28,6.29
2014,SC,Nuclear,6875.1,7.5,4.2,54.4,12.45,10.28,6.29
2014,SC,Other Biomass,46.5,7.5,4.2,54.4,12.45,10.28,6.29
2014,SC,Petroleum,871.0,7.5,4.2,54.4,12.45,10.28,6.29
2014,SC,Pumped Storage,2581.2,7.5,4.2,54.4,12.45,10.28,6.29
2014,SC,Solar Thermal and Photovoltaic,2.5,7.5,4.2,54.4,12.45,10.28,6.29
2014,SC,Wood and Wood Derived Fuels,434.6,7.5,4.2,54.4,12.45,10.28,6.29
2014,SD,Coal,456.0,53.6,11.9,46.4,10.47,8.89,6.99
2014,SD,Hydroelectric,1602.1,53.6,11.9,46.4,10.47,8.89,6.99
2014,SD,Natural Gas,1207.0,53.6,11.9,46.4,10.47,8.89,6.99
2014,SD,Petroleum,292.4,53.6,11.9,46.4,10.47,8.89,6.99
2014,SD,Wind,660.0,53.6,11.9,46.4,10.47,8.89,6.99
2014,TN,Coal,9181.699999999999,11.6,0.4,65.6,10.32,10.38,6.4
2014,TN,Hydroelectric,2499.4,11.6,0.4,65.6,10.32,10.38,6.4
2014,TN,Natural Gas,6405.999999999999,11.6,0.4,65.6,10.32,10.38,6.4
2014,TN,Nuclear,3710.9,11.6,0.4,65.6,10.32,10.38,6.4
2014,TN,Other Biomass,14.6,11.6,0.4,65.6,10.32,10.38,6.4
2014,TN,Petroleum,57.6,11.6,0.4,65.6,10.32,10.38,6.4
2014,TN,Pumped Storage,1713.6,11.6,0.4,65.6,10.32,10.38,6.4
2014,TN,Solar Thermal and Photovoltaic,47.5,11.6,0.4,65.6,10.32,10.38,6.4
2014,TN,Wind,28.8,11.6,0.4,65.6,10.32,10.38,6.4
2014,TN,Wood and Wood Derived Fuels,185.7,11.6,0.4,65.6,10.32,10.38,6.4
2014,TX,Coal,25420.4,12.5,59.6,83.0,11.86,8.16,6.16
2014,TX,Hydroelectric,687.6,12.5,59.6,83.0,11.86,8.16,6.16
2014,TX,Natural Gas,76085.6,12.5,59.6,83.0,11.86,8.16,6.16
2014,TX,Nuclear,5138.6,12.5,59.6,83.0,11.86,8.16,6.16
2014,TX,Other,290.3,12.5,59.6,83.0,11.86,8.16,6.16
2014,TX,Other Biomass,134.3,12.5,59.6,83.0,11.86,8.16,6.16
2014,TX,Other Gases,334.3,12.5,59.6,83.0,11.86,8.16,6.16
2014,TX,Petroleum,65.8,12.5,59.6,83.0,11.86,8.16,6.16
2014,TX,Solar Thermal and Photovoltaic,186.6,12.5,59.6,83.0,11.86,8.16,6.16
2014,TX,Wind,14000.2,12.5,59.6,83.0,11.86,8.16,6.16
2014,TX,Wood and Wood Derived Fuels,383.6,12.5,59.6,83.0,11.86,8.16,6.16
2014,US,Coal,325831.5,14.8,36.1,74.2,12.52,10.74,7.1
2014,US,Geothermal,3757.0,14.8,36.1,74.2,12.52,10.74,7.1
2014,US,Hydroelectric,78792.9,14.8,36.1,74.2,12.52,10.74,7.1
2014,US,Natural Gas,495120.2,14.8,36.1,74.2,12.52,10.74,7.1
2014,US,Nuclear,103860.4,14.8,36.1,74.2,12.52,10.74,7.1
2014,US,Other,3267.7,14.8,36.1,74.2,12.52,10.74,7.1
2014,US,Other Biomass,5958.6,14.8,36.1,74.2,12.52,10.74,7.1
2014,US,Other Gases,2227.6,14.8,36.1,74.2,12.52,10.74,7.1
2014,US,Petroleum,46897.8,14.8,36.1,74.2,12.52,10.74,7.1
2014,US,Pumped Storage,21601.5,14.8,36.1,74.2,12.52,10.74,7.1
2014,US,Solar Thermal and Photovoltaic,10437.7,14.8,36.1,74.2,12.52,10.74,7.1
2014,US,Wind,65300.100000000006,14.8,36.1,74.2,12.52,10.74,7.1
2014,US,Wood and Wood Derived Fuels,9524.400000000001,14.8,36.1,74.2,12.52,10.74,7.1
2014,UT,Coal,5202.700000000001,7.5,8.7,92.2,10.65,8.53,6.08
2014,UT,Geothermal,83.8,7.5,8.7,92.2,10.65,8.53,6.08
2014,UT,Hydroelectric,262.1,7.5,8.7,92.2,10.65,8.53,6.08
2014,UT,Natural Gas,3233.3999999999996,7.5,8.7,92.2,10.65,8.53,6.08
2014,UT,Other,31.8,7.5,8.7,92.2,10.65,8.53,6.08
2014,UT,Other Biomass,12.799999999999999,7.5,8.7,92.2,10.65,8.53,6.08
2014,UT,Petroleum,29.3,7.5,8.7,92.2,10.65,8.53,6.08
2014,UT,Solar Thermal and Photovoltaic,1.3,7.5,8.7,92.2,10.65,8.53,6.08
2014,UT,Wind,324.4,7.5,8.7,92.2,10.65,8.53,6.08
2014,VA,Coal,5902.7,6.5,12.2,69.0,11.1,8.15,6.89
2014,VA,Hydroelectric,822.4,6.5,12.2,69.0,11.1,8.15,6.89
2014,VA,Natural Gas,10704.1,6.5,12.2,69.0,11.1,8.15,6.89
2014,VA,Nuclear,3654.4,6.5,12.2,69.0,11.1,8.15,6.89
2014,VA,Other,96.0,6.5,12.2,69.0,11.1,8.15,6.89
2014,VA,Other Biomass,348.2,6.5,12.2,69.0,11.1,8.15,6.89
2014,VA,Petroleum,2744.5000000000005,6.5,12.2,69.0,11.1,8.15,6.89
2014,VA,Pumped Storage,3109.3,6.5,12.2,69.0,11.1,8.15,6.89
2014,VA,Wood and Wood Derived Fuels,661.8,6.5,12.2,69.0,11.1,8.15,6.89
2014,VT,Hydroelectric,314.6,80.3,42.9,19.7,17.47,14.56,10.23
2014,VT,Other Biomass,3.2,80.3,42.9,19.7,17.47,14.56,10.23
2014,VT,Petroleum,135.7,80.3,42.9,19.7,17.47,14.56,10.23
2014,VT,Solar Thermal and Photovoltaic,30.3,80.3,42.9,19.7,17.47,14.56,10.23
2014,VT,Wind,121.0,80.3,42.9,19.7,17.47,14.56,10.23
2014,VT,Wood and Wood Derived Fuels,82.6,80.3,42.9,19.7,17.47,14.56,10.23
2014,WA,Coal,1459.8,77.3,10.5,17.4,8.67,7.97,4.32
2014,WA,Hydroelectric,20977.1,77.3,10.5,17.4,8.67,7.97,4.32
2014,WA,Natural Gas,4045.3,77.3,10.5,17.4,8.67,7.97,4.32
2014,WA,Nuclear,1200.0,77.3,10.5,17.4,8.67,7.97,4.32
2014,WA,Other,163.4,77.3,10.5,17.4,8.67,7.97,4.32
2014,WA,Other Biomass,71.0,77.3,10.5,17.4,8.67,7.97,4.32
2014,WA,Petroleum,15.5,77.3,10.5,17.4,8.67,7.97,4.32
2014,WA,Pumped Storage,314.0,77.3,10.5,17.4,8.67,7.97,4.32
2014,WA,Solar Thermal and Photovoltaic,0.5,77.3,10.5,17.4,8.67,7.97,4.32
2014,WA,Wind,3077.8,77.3,10.5,17.4,8.67,7.97,4.32
2014,WA,Wood and Wood Derived Fuels,335.09999999999997,77.3,10.5,17.4,8.67,7.97,4.32
2014,WI,Coal,8715.0,8.5,11.3,84.9,13.67,10.77,7.52
2014,WI,Hydroelectric,527.1,8.5,11.3,84.9,13.67,10.77,7.52
2014,WI,Natural Gas,7123.400000000001,8.5,11.3,84.9,13.67,10.77,7.52
2014,WI,Nuclear,1286.0,8.5,11.3,84.9,13.67,10.77,7.52
2014,WI,Other,20.8,8.5,11.3,84.9,13.67,10.77,7.52
2014,WI,Other Biomass,111.8,8.5,11.3,84.9,13.67,10.77,7.52
2014,WI,Petroleum,795.4000000000001,8.5,11.3,84.9,13.67,10.77,7.52
2014,WI,Solar Thermal and Photovoltaic,1.0,8.5,11.3,84.9,13.67,10.77,7.52
2014,WI,Wind,637.5,8.5,11.3,84.9,13.67,10.77,7.52
2014,WI,Wood and Wood Derived Fuels,378.6,8.5,11.3,84.9,13.67,10.77,7.52
2014,WV,Coal,14968.999999999998,5.3,25.7,94.5,9.34,7.99,5.87
2014,WV,Hydroelectric,326.6,5.3,25.7,94.5,9.34,7.99,5.87
2014,WV,Natural Gas,1205.0,5.3,25.7,94.5,9.34,7.99,5.87
2014,WV,Other,34.0,5.3,25.7,94.5,9.34,7.99,5.87
2014,WV,Other Biomass,2.2,5.3,25.7,94.5,9.34,7.99,5.87
2014,WV,Petroleum,18.5,5.3,25.7,94.5,9.34,7.99,5.87
2014,WV,Wind,583.3,5.3,25.7,94.5,9.34,7.99,5.87
2014,WY,Coal,7244.3,18.5,11.5,81.4,10.5,8.88,6.61
2014,WY,Hydroelectric,303.4,18.5,11.5,81.4,10.5,8.88,6.61
2014,WY,Natural Gas,298.1,18.5,11.5,81.4,10.5,8.88,6.61
2014,WY,Other,11.5,18.5,11.5,81.4,10.5,8.88,6.61
2014,WY,Other Gases,110.0,18.5,11.5,81.4,10.5,8.88,6.61
2014,WY,Petroleum,5.800000000000001,18.5,11.5,81.4,10.5,8.88,6.61
2014,WY,Wind,1433.0,18.5,11.5,81.4,10.5,8.88,6.61
2015,AK,Coal,113.5,18.5,0.7,80.5,19.83,17.44,14.53
2015,AK,Hydroelectric,445.9,18.5,0.7,80.5,19.83,17.44,14.53
2015,AK,Natural Gas,1365.8999999999999,18.5,0.7,80.5,19.83,17.44,14.53
2015,AK,Other,30.0,18.5,0.7,80.5,19.83,17.44,14.53
2015,AK,Other Biomass,11.5,18.5,0.7,80.5,19.83,17.44,14.53
2015,AK,Petroleum,779.4,18.5,0.7,80.5,19.83,17.44,14.53
2015,AK,Wind,60.6,18.5,0.7,80.5,19.83,17.44,14.53
2015,AL,Coal,9405.6,12.3,24.5,71.6,11.7,10.83,6.03
2015,AL,Hydroelectric,3319.3,12.3,24.5,71.6,11.7,10.83,6.03
2015,AL,Natural Gas,13969.8,12.3,24.5,71.6,11.7,10.83,6.03
2015,AL,Nuclear,5270.4,12.3,24.5,71.6,11.7,10.83,6.03
2015,AL,Other Biomass,6.4,12.3,24.5,71.6,11.7,10.83,6.03
2015,AL,Other Gases,110.8,12.3,24.5,71.6,11.7,10.83,6.03
2015,AL,Petroleum,47.800000000000004,12.3,24.5,71.6,11.7,10.83,6.03
2015,AL,Wood and Wood Derived Fuels,718.4000000000001,12.3,24.5,71.6,11.7,10.83,6.03
2015,AR,Coal,5487.0,10.5,19.4,78.1,9.82,8.32,6.23
2015,AR,Hydroelectric,1320.9,10.5,19.4,78.1,9.82,8.32,6.23
2015,AR,Natural Gas,7282.8,10.5,19.4,78.1,9.82,8.32,6.23
2015,AR,Nuclear,1845.0,10.5,19.4,78.1,9.82,8.32,6.23
2015,AR,Other Biomass,28.1,10.5,19.4,78.1,9.82,8.32,6.23
2015,AR,Petroleum,12.3,10.5,19.4,78.1,9.82,8.32,6.23
2015,AR,Pumped Storage,28.0,10.5,19.4,78.1,9.82,8.32,6.23
2015,AR,Solar Thermal and Photovoltaic,12.0,10.5,19.4,78.1,9.82,8.32,6.23
2015,AR,Wood and Wood Derived Fuels,350.1,10.5,19.4,78.1,9.82,8.32,6.23
2015,AZ,Coal,6418.1,14.4,26.2,71.7,12.13,10.39,6.26
2015,AZ,Hydroelectric,2718.0,14.4,26.2,71.7,12.13,10.39,6.26
2015,AZ,Natural Gas,16090.8,14.4,26.2,71.7,12.13,10.39,6.26
2015,AZ,Nuclear,4209.6,14.4,26.2,71.7,12.13,10.39,6.26
2015,AZ,Other Biomass,6.0,14.4,26.2,71.7,12.13,10.39,6.26
2015,AZ,Petroleum,128.3,14.4,26.2,71.7,12.13,10.39,6.26
2015,AZ,Pumped Storage,194.1,14.4,26.2,71.7,12.13,10.39,6.26
2015,AZ,Solar Thermal and Photovoltaic,1515.6,14.4,26.2,71.7,12.13,10.39,6.26
2015,AZ,Wind,267.3,14.4,26.2,71.7,12.13,10.39,6.26
2015,AZ,Wood and Wood Derived Fuels,30.2,14.4,26.2,71.7,12.13,10.39,6.26
2015,CA,Coal,100.7,34.1,54.5,58.1,16.99,15.73,12.17
2015,CA,Geothermal,2916.5,34.1,54.5,58.1,16.99,15.73,12.17
2015,CA,Hydroelectric,10043.6,34.1,54.5,58.1,16.99,15.73,12.17
2015,CA,Natural Gas,45581.200000000004,34.1,54.5,58.1,16.99,15.73,12.17
2015,CA,Nuclear,2323.0,34.1,54.5,58.1,16.99,15.73,12.17
2015,CA,Other,124.2,34.1,54.5,58.1,16.99,15.73,12.17
2015,CA,Other Biomass,630.7,34.1,54.5,58.1,16.99,15.73,12.17
2015,CA,Other Gases,258.0,34.1,54.5,58.1,16.99,15.73,12.17
2015,CA,Petroleum,539.7,34.1,54.5,58.1,16.99,15.73,12.17
2015,CA,Pumped Storage,3751.0,34.1,54.5,58.1,16.99,15.73,12.17
2015,CA,Solar Thermal and Photovoltaic,7056.9,34.1,54.5,58.1,16.99,15.73,12.17
2015,CA,Wind,5740.7,34.1,54.5,58.1,16.99,15.73,12.17
2015,CA,Wood and Wood Derived Fuels,883.1,34.1,54.5,58.1,16.99,15.73,12.17
2015,CO,Coal,5574.7,22.0,30.7,75.0,12.12,9.88,7.4
2015,CO,Hydroelectric,661.1,22.0,30.7,75.0,12.12,9.88,7.4
2015,CO,Natural Gas,7375.599999999999,22.0,30.7,75.0,12.12,9.88,7.4
2015,CO,Other,10.6,22.0,30.7,75.0,12.12,9.88,7.4
2015,CO,Other Biomass,21.4,22.0,30.7,75.0,12.12,9.88,7.4
2015,CO,Petroleum,202.7,22.0,30.7,75.0,12.12,9.88,7.4
2015,CO,Pumped Storage,508.5,22.0,30.7,75.0,12.12,9.88,7.4
2015,CO,Solar Thermal and Photovoltaic,194.0,22.0,30.7,75.0,12.12,9.88,7.4
2015,CO,Wind,2968.8,22.0,30.7,75.0,12.12,9.88,7.4
2015,CO,Wood and Wood Derived Fuels,11.3,22.0,30.7,75.0,12.12,9.88,7.4
2015,CT,Coal,400.0,4.0,94.5,72.9,20.94,15.97,12.95
2015,CT,Hydroelectric,118.5,4.0,94.5,72.9,20.94,15.97,12.95
2015,CT,Natural Gas,3793.2000000000003,4.0,94.5,72.9,20.94,15.97,12.95
2015,CT,Nuclear,2162.9,4.0,94.5,72.9,20.94,15.97,12.95
2015,CT,Other,31.3,4.0,94.5,72.9,20.94,15.97,12.95
2015,CT,Other Biomass,209.9,4.0,94.5,72.9,20.94,15.97,12.95
2015,CT,Petroleum,2816.8,4.0,94.5,72.9,20.94,15.97,12.95
2015,CT,Pumped Storage,31.0,4.0,94.5,72.9,20.94,15.97,12.95
2015,CT,Solar Thermal and Photovoltaic,10.0,4.0,94.5,72.9,20.94,15.97,12.95
2015,CT,Wood and Wood Derived Fuels,43.0,4.0,94.5,72.9,20.94,15.97,12.95
2015,DC,Natural Gas,10.8,56.6,,43.4,12.99,12.01,8.78
2015,DC,Other Biomass,14.1,56.6,,43.4,12.99,12.01,8.78
2015,DE,Coal,445.5,1.2,84.9,98.8,13.42,10.25,8.28
2015,DE,Natural Gas,2876.2,1.2,84.9,98.8,13.42,10.25,8.28
2015,DE,Other Biomass,12.2,1.2,84.9,98.8,13.42,10.25,8.28
2015,DE,Other Gases,140.0,1.2,84.9,98.8,13.42,10.25,8.28
2015,DE,Petroleum,121.6,1.2,84.9,98.8,13.42,10.25,8.28
2015,DE,Solar Thermal and Photovoltaic,30.8,1.2,84.9,98.8,13.42,10.25,8.28
2015,DE,Wind,2.0,1.2,84.9,98.8,13.42,10.25,8.28
2015,FL,Coal,11721.9,2.5,8.5,91.2,11.58,9.5,8.22
2015,FL,Hydroelectric,55.7,2.5,8.5,91.2,11.58,9.5,8.22
2015,FL,Natural Gas,42670.299999999996,2.5,8.5,91.2,11.58,9.5,8.22
2015,FL,Nuclear,3797.2,2.5,8.5,91.2,11.58,9.5,8.22
2015,FL,Other,402.3,2.5,8.5,91.2,11.58,9.5,8.22
2015,FL,Other Biomass,977.0,2.5,8.5,91.2,11.58,9.5,8.22
2015,FL,Petroleum,6837.599999999999,2.5,8.5,91.2,11.58,9.5,8.22
2015,FL,Solar Thermal and Photovoltaic,84.6,2.5,8.5,91.2,11.58,9.5,8.22
2015,FL,Wood and Wood Derived Fuels,589.5,2.5,8.5,91.2,11.58,9.5,8.22
2015,GA,Coal,10272.9,8.1,19.6,77.3,11.54,9.89,5.87
2015,GA,Hydroelectric,1964.8,8.1,19.6,77.3,11.54,9.89,5.87
2015,GA,Natural Gas,18686.4,8.1,19.6,77.3,11.54,9.89,5.87
2015,GA,Nuclear,4041.8,8.1,19.6,77.3,11.54,9.89,5.87
2015,GA,Other Biomass,37.3,8.1,19.6,77.3,11.54,9.89,5.87
2015,GA,Petroleum,1230.6000000000001,8.1,19.6,77.3,11.54,9.89,5.87
2015,GA,Pumped Storage,1634.6,8.1,19.6,77.3,11.54,9.89,5.87
2015,GA,Solar Thermal and Photovoltaic,241.2,8.1,19.6,77.3,11.54,9.89,5.87
2015,GA,Wood and Wood Derived Fuels,935.6,8.1,19.6,77.3,11.54,9.89,5.87
2015,HI,Coal,203.0,20.0,12.8,77.8,29.6,26.93,23.06
2015,HI,Geothermal,51.0,20.0,12.8,77.8,29.6,26.93,23.06
2015,HI,Hydroelectric,26.2,20.0,12.8,77.8,29.6,26.93,23.06
2015,HI,Other,66.1,20.0,12.8,77.8,29.6,26.93,23.06
2015,HI,Other Biomass,256.4,20.0,12.8,77.8,29.6,26.93,23.06
2015,HI,Other Gases,9.0,20.0,12.8,77.8,29.6,26.93,23.06
2015,HI,Petroleum,2059.5,20.0,12.8,77.8,29.6,26.93,23.06
2015,HI,Solar Thermal and Photovoltaic,44.2,20.0,12.8,77.8,29.6,26.93,23.06
2015,HI,Wind,205.6,20.0,12.8,77.8,29.6,26.93,23.06
2015,IA,Coal,6866.5,35.3,17.8,61.0,11.63,8.92,5.9
2015,IA,Hydroelectric,129.2,35.3,17.8,61.0,11.63,8.92,5.9
2015,IA,Natural Gas,3124.1000000000004,35.3,17.8,61.0,11.63,8.92,5.9
2015,IA,Nuclear,679.5,35.3,17.8,61.0,11.63,8.92,5.9
2015,IA,Other Biomass,23.2,35.3,17.8,61.0,11.63,8.92,5.9
2015,IA,Petroleum,1170.7999999999997,35.3,17.8,61.0,11.63,8.92,5.9
2015,IA,Wind,6314.0,35.3,17.8,61.0,11.63,8.92,5.9
2015,ID,Coal,18.9,73.6,31.1,26.1,9.93,7.8,6.6
2015,ID,Geothermal,18.0,73.6,31.1,26.1,9.93,7.8,6.6
2015,ID,Hydroelectric,2541.2999999999997,73.6,31.1,26.1,9.93,7.8,6.6
2015,ID,Natural Gas,1276.5,73.6,31.1,26.1,9.93,7.8,6.6
2015,ID,Other,15.9,73.6,31.1,26.1,9.93,7.8,6.6
2015,ID,Other Biomass,35.300000000000004,73.6,31.1,26.1,9.93,7.8,6.6
2015,ID,Petroleum,5.0,73.6,31.1,26.1,9.93,7.8,6.6
2015,ID,Wind,966.6,73.6,31.1,26.1,9.93,7.8,6.6
2015,ID,Wood and Wood Derived Fuels,106.2,73.6,31.1,26.1,9.93,7.8,6.6
2015,IL,Coal,16798.199999999997,7.8,88.0,68.0,12.5,9.02,6.67
2015,IL,Hydroelectric,39.7,7.8,88.0,68.0,12.5,9.02,6.67
2015,IL,Natural Gas,17374.1,7.8,88.0,68.0,12.5,9.02,6.67
2015,IL,Nuclear,12415.1,7.8,88.0,68.0,12.5,9.02,6.67
2015,IL,Other,72.6,7.8,88.0,68.0,12.5,9.02,6.67
2015,IL,Other Biomass,124.8,7.8,88.0,68.0,12.5,9.02,6.67
2015,IL,Other Gases,117.7,7.8,88.0,68.0,12.5,9.02,6.67
2015,IL,Petroleum,804.0,7.8,88.0,68.0,12.5,9.02,6.67
2015,IL,Solar Thermal and Photovoltaic,33.1,7.8,88.0,68.0,12.5,9.02,6.67
2015,IL,Wind,3824.5,7.8,88.0,68.0,12.5,9.02,6.67
2015,IN,Coal,19467.7,6.9,7.1,92.8,11.57,9.78,6.86
2015,IN,Hydroelectric,92.1,6.9,7.1,92.8,11.57,9.78,6.86
2015,IN,Natural Gas,6809.9,6.9,7.1,92.8,11.57,9.78,6.86
2015,IN,Other,95.6,6.9,7.1,92.8,11.57,9.78,6.86
2015,IN,Other Biomass,79.5,6.9,7.1,92.8,11.57,9.78,6.86
2015,IN,Other Gases,696.2,6.9,7.1,92.8,11.57,9.78,6.86
2015,IN,Petroleum,597.4999999999999,6.9,7.1,92.8,11.57,9.78,6.86
2015,IN,Solar Thermal and Photovoltaic,129.5,6.9,7.1,92.8,11.57,9.78,6.86
2015,IN,Wind,1739.7,6.9,7.1,92.8,11.57,9.78,6.86
2015,KS,Coal,4946.7,23.2,21.2,68.7,12.34,10.1,7.61
2015,KS,Hydroelectric,7.0,23.2,21.2,68.7,12.34,10.1,7.61
2015,KS,Natural Gas,5069.7,23.2,21.2,68.7,12.34,10.1,7.61
2015,KS,Nuclear,1267.7,23.2,21.2,68.7,12.34,10.1,7.61
2015,KS,Other,2.0,23.2,21.2,68.7,12.34,10.1,7.61
2015,KS,Other Biomass,9.2,23.2,21.2,68.7,12.34,10.1,7.61
2015,KS,Petroleum,629.3,23.2,21.2,68.7,12.34,10.1,7.61
2015,KS,Solar Thermal and Photovoltaic,1.0,23.2,21.2,68.7,12.34,10.1,7.61
2015,KS,Wind,3573.7,23.2,21.2,68.7,12.34,10.1,7.61
2015,KY,Coal,15948.2,3.8,4.8,96.2,10.24,9.44,5.48
2015,KY,Hydroelectric,804.1,3.8,4.8,96.2,10.24,9.44,5.48
2015,KY,Natural Gas,7046.4,3.8,4.8,96.2,10.24,9.44,5.48
2015,KY,Other Biomass,17.8,3.8,4.8,96.2,10.24,9.44,5.48
2015,KY,Petroleum,107.5,3.8,4.8,96.2,10.24,9.44,5.48
2015,KY,Wood and Wood Derived Fuels,93.0,3.8,4.8,96.2,10.24,9.44,5.48
2015,LA,Coal,3170.2,2.4,10.5,89.2,9.33,8.66,5.41
2015,LA,Hydroelectric,192.0,2.4,10.5,89.2,9.33,8.66,5.41
2015,LA,Natural Gas,22781.600000000002,2.4,10.5,89.2,9.33,8.66,5.41
2015,LA,Nuclear,2235.7,2.4,10.5,89.2,9.33,8.66,5.41
2015,LA,Other,348.9,2.4,10.5,89.2,9.33,8.66,5.41
2015,LA,Other Biomass,15.1,2.4,10.5,89.2,9.33,8.66,5.41
2015,LA,Other Gases,475.9,2.4,10.5,89.2,9.33,8.66,5.41
2015,LA,Petroleum,1046.2,2.4,10.5,89.2,9.33,8.66,5.41
2015,LA,Wood and Wood Derived Fuels,546.4,2.4,10.5,89.2,9.33,8.66,5.41
2015,MA,Coal,1124.6,7.2,84.9,77.7,19.83,15.79,13.54
2015,MA,Hydroelectric,268.9,7.2,84.9,77.7,19.83,15.79,13.54
2015,MA,Natural Gas,6799.2,7.2,84.9,77.7,19.83,15.79,13.54
2015,MA,Nuclear,670.0,7.2,84.9,77.7,19.83,15.79,13.54
2015,MA,Other,2.0,7.2,84.9,77.7,19.83,15.79,13.54
2015,MA,Other Biomass,340.3,7.2,84.9,77.7,19.83,15.79,13.54
2015,MA,Petroleum,3467.8,7.2,84.9,77.7,19.83,15.79,13.54
2015,MA,Pumped Storage,1540.0,7.2,84.9,77.7,19.83,15.79,13.54
2015,MA,Solar Thermal and Photovoltaic,343.6,7.2,84.9,77.7,19.83,15.79,13.54
2015,MA,Wind,84.4,7.2,84.9,77.7,19.83,15.79,13.54
2015,MA,Wood and Wood Derived Fuels,18.0,7.2,84.9,77.7,19.83,15.79,13.54
2015,MD,Coal,5126.8,7.2,93.0,79.4,13.82,11.0,8.53
2015,MD,Hydroelectric,550.8,7.2,93.0,79.4,13.82,11.0,8.53
2015,MD,Natural Gas,3822.1000000000004,7.2,93.0,79.4,13.82,11.0,8.53
2015,MD,Nuclear,1828.7,7.2,93.0,79.4,13.82,11.0,8.53
2015,MD,Other,11.0,7.2,93.0,79.4,13.82,11.0,8.53
2015,MD,Other Biomass,159.60000000000002,7.2,93.0,79.4,13.82,11.0,8.53
2015,MD,Petroleum,1992.1,7.2,93.0,79.4,13.82,11.0,8.53
2015,MD,Solar Thermal and Photovoltaic,90.5,7.2,93.0,79.4,13.82,11.0,8.53
2015,MD,Wind,190.0,7.2,93.0,79.4,13.82,11.0,8.53
2015,MD,Wood and Wood Derived Fuels,3.8,7.2,93.0,79.4,13.82,11.0,8.53
2015,ME,Hydroelectric,716.8,45.1,77.0,54.5,15.61,12.47,9.05
2015,ME,Natural Gas,1758.1999999999998,45.1,77.0,54.5,15.61,12.47,9.05
2015,ME,Other,22.0,45.1,77.0,54.5,15.61,12.47,9.05
2015,ME,Other Biomass,50.1,45.1,77.0,54.5,15.61,12.47,9.05
2015,ME,Petroleum,917.6,45.1,77.0,54.5,15.61,12.47,9.05
2015,ME,Wind,612.8,45.1,77.0,54.5,15.61,12.47,9.05
2015,ME,Wood and Wood Derived Fuels,833.9,45.1,77.0,54.5,15.61,12.47,9.05
2015,MI,Coal,11956.6,7.6,10.8,73.3,14.42,10.55,7.02
2015,MI,Hydroelectric,366.1,7.6,10.8,73.3,14.42,10.55,7.02
2015,MI,Natural Gas,11362.8,7.6,10.8,73.3,14.42,10.55,7.02
2015,MI,Nuclear,4314.1,7.6,10.8,73.3,14.42,10.55,7.02
2015,MI,Other Biomass,240.10000000000002,7.6,10.8,73.3,14.42,10.55,7.02
2015,MI,Other Gases,250.0,7.6,10.8,73.3,14.42,10.55,7.02
2015,MI,Petroleum,656.7,7.6,10.8,73.3,14.42,10.55,7.02
2015,MI,Pumped Storage,1978.8,7.6,10.8,73.3,14.42,10.55,7.02
2015,MI,Solar Thermal and Photovoltaic,2.0,7.6,10.8,73.3,14.42,10.55,7.02
2015,MI,Wind,1529.5,7.6,10.8,73.3,14.42,10.55,7.02
2015,MI,Wood and Wood Derived Fuels,374.6,7.6,10.8,73.3,14.42,10.55,7.02
2015,MN,Coal,4648.2,23.3,20.6,65.8,12.12,9.44,7.02
2015,MN,Hydroelectric,215.3,23.3,20.6,65.8,12.12,9.44,7.02
2015,MN,Natural Gas,5878.8,23.3,20.6,65.8,12.12,9.44,7.02
2015,MN,Nuclear,1871.2,23.3,20.6,65.8,12.12,9.44,7.02
2015,MN,Other,23.2,23.3,20.6,65.8,12.12,9.44,7.02
2015,MN,Other Biomass,212.39999999999998,23.3,20.6,65.8,12.12,9.44,7.02
2015,MN,Petroleum,929.1,23.3,20.6,65.8,12.12,9.44,7.02
2015,MN,Solar Thermal and Photovoltaic,4.0,23.3,20.6,65.8,12.12,9.44,7.02
2015,MN,Wind,3247.8999999999996,23.3,20.6,65.8,12.12,9.44,7.02
2015,MN,Wood and Wood Derived Fuels,371.8,23.3,20.6,65.8,12.12,9.44,7.02
2015,MO,Coal,12933.6,4.2,4.7,88.1,11.21,9.16,6.44
2015,MO,Hydroelectric,506.0,4.2,4.7,88.1,11.21,9.16,6.44
2015,MO,Natural Gas,6749.6,4.2,4.7,88.1,11.21,9.16,6.44
2015,MO,Nuclear,1235.8,4.2,4.7,88.1,11.21,9.16,6.44
2015,MO,Other,1.0,4.2,4.7,88.1,11.21,9.16,6.44
2015,MO,Other Biomass,17.2,4.2,4.7,88.1,11.21,9.16,6.44
2015,MO,Petroleum,1323.4,4.2,4.7,88.1,11.21,9.16,6.44
2015,MO,Pumped Storage,600.4,4.2,4.7,88.1,11.21,9.16,6.44
2015,MO,Solar Thermal and Photovoltaic,11.5,4.2,4.7,88.1,11.21,9.16,6.44
2015,MO,Wind,458.5,4.2,4.7,88.1,11.21,9.16,6.44
2015,MS,Coal,2010.3,1.6,10.1,90.4,11.27,10.55,6.56
2015,MS,Natural Gas,14370.0,1.6,10.1,90.4,11.27,10.55,6.56
2015,MS,Nuclear,1440.0,1.6,10.1,90.4,11.27,10.55,6.56
2015,MS,Other,1.6,1.6,10.1,90.4,11.27,10.55,6.56
2015,MS,Other Biomass,1.6,1.6,10.1,90.4,11.27,10.55,6.56
2015,MS,Petroleum,48.0,1.6,10.1,90.4,11.27,10.55,6.56
2015,MS,Wood and Wood Derived Fuels,294.3,1.6,10.1,90.4,11.27,10.55,6.56
2015,MT,Coal,2487.8,51.7,49.9,47.3,10.88,10.23,5.32
2015,MT,Hydroelectric,2627.5,51.7,49.9,47.3,10.88,10.23,5.32
2015,MT,Natural Gas,456.0,51.7,49.9,47.3,10.88,10.23,5.32
2015,MT,Other,60.0,51.7,49.9,47.3,10.88,10.23,5.32
2015,MT,Other Gases,1.6,51.7,49.9,47.3,10.88,10.23,5.32
2015,MT,Petroleum,68.0,51.7,49.9,47.3,10.88,10.23,5.32
2015,MT,Wind,662.3,51.7,49.9,47.3,10.88,10.23,5.32
2015,MT,Wood and Wood Derived Fuels,3.8,51.7,49.9,47.3,10.88,10.23,5.32
2015,NC,Coal,11494.2,11.3,10.1,72.1,11.28,8.73,6.51
2015,NC,Hydroelectric,1890.3999999999999,11.3,10.1,72.1,11.28,8.73,6.51
2015,NC,Natural Gas,12610.4,11.3,10.1,72.1,11.28,8.73,6.51
2015,NC,Nuclear,5394.7,11.3,10.1,72.1,11.28,8.73,6.51
2015,NC,Other,189.0,11.3,10.1,72.1,11.28,8.73,6.51
2015,NC,Other Biomass,92.0,11.3,10.1,72.1,11.28,8.73,6.51
2015,NC,Petroleum,491.0,11.3,10.1,72.1,11.28,8.73,6.51
2015,NC,Pumped Storage,95.0,11.3,10.1,72.1,11.28,8.73,6.51
2015,NC,Solar Thermal and Photovoltaic,1443.8999999999999,11.3,10.1,72.1,11.28,8.73,6.51
2015,NC,Wood and Wood Derived Fuels,435.0,11.3,10.1,72.1,11.28,8.73,6.51
2015,ND,Coal,4350.1,37.2,15.9,62.8,9.62,8.83,8.07
2015,ND,Hydroelectric,614.0,37.2,15.9,62.8,9.62,8.83,8.07
2015,ND,Natural Gas,451.0,37.2,15.9,62.8,9.62,8.83,8.07
2015,ND,Other,5.3,37.2,15.9,62.8,9.62,8.83,8.07
2015,ND,Other Biomass,9.8,37.2,15.9,62.8,9.62,8.83,8.07
2015,ND,Other Gases,7.5,37.2,15.9,62.8,9.62,8.83,8.07
2015,ND,Petroleum,68.5,37.2,15.9,62.8,9.62,8.83,8.07
2015,ND,Wind,2264.8999999999996,37.2,15.9,62.8,9.62,8.83,8.07
2015,NE,Coal,4274.0,13.3,8.8,72.7,10.6,8.67,7.59
2015,NE,Hydroelectric,332.3,13.3,8.8,72.7,10.6,8.67,7.59
2015,NE,Natural Gas,2114.8,13.3,8.8,72.7,10.6,8.67,7.59
2015,NE,Nuclear,1303.0,13.3,8.8,72.7,10.6,8.67,7.59
2015,NE,Other Biomass,15.7,13.3,8.8,72.7,10.6,8.67,7.59
2015,NE,Petroleum,361.2,13.3,8.8,72.7,10.6,8.67,7.59
2015,NE,Wind,885.1,13.3,8.8,72.7,10.6,8.67,7.59
2015,NH,Coal,559.2,19.0,73.6,54.0,18.5,14.96,12.74
2015,NH,Hydroelectric,424.8,19.0,73.6,54.0,18.5,14.96,12.74
2015,NH,Natural Gas,1400.5,19.0,73.6,54.0,18.5,14.96,12.74
2015,NH,Nuclear,1242.0,19.0,73.6,54.0,18.5,14.96,12.74
2015,NH,Other Biomass,36.4,19.0,73.6,54.0,18.5,14.96,12.74
2015,NH,Petroleum,524.6999999999999,19.0,73.6,54.0,18.5,14.96,12.74
2015,NH,Wind,171.0,19.0,73.6,54.0,18.5,14.96,12.74
2015,NH,Wood and Wood Derived Fuels,243.4,19.0,73.6,54.0,18.5,14.96,12.74
2015,NJ,Coal,1343.3,3.6,86.5,73.8,15.81,12.79,10.64
2015,NJ,Hydroelectric,14.7,3.6,86.5,73.8,15.81,12.79,10.64
2015,NJ,Natural Gas,13463.2,3.6,86.5,73.8,15.81,12.79,10.64
2015,NJ,Nuclear,4180.7,3.6,86.5,73.8,15.81,12.79,10.64
2015,NJ,Other,11.2,3.6,86.5,73.8,15.81,12.79,10.64
2015,NJ,Other Biomass,264.29999999999995,3.6,86.5,73.8,15.81,12.79,10.64
2015,NJ,Other Gases,30.0,3.6,86.5,73.8,15.81,12.79,10.64
2015,NJ,Petroleum,337.4,3.6,86.5,73.8,15.81,12.79,10.64
2015,NJ,Pumped Storage,453.0,3.6,86.5,73.8,15.81,12.79,10.64
2015,NJ,Solar Thermal and Photovoltaic,444.4,3.6,86.5,73.8,15.81,12.79,10.64
2015,NJ,Wind,9.0,3.6,86.5,73.8,15.81,12.79,10.64
2015,NM,Coal,3741.2,16.0,22.8,84.0,12.47,10.3,6.33
2015,NM,Geothermal,4.0,16.0,22.8,84.0,12.47,10.3,6.33
2015,NM,Hydroelectric,81.7,16.0,22.8,84.0,12.47,10.3,6.33
2015,NM,Natural Gas,3877.8,16.0,22.8,84.0,12.47,10.3,6.33
2015,NM,Other,2.6,16.0,22.8,84.0,12.47,10.3,6.33
2015,NM,Other Biomass,2.2,16.0,22.8,84.0,12.47,10.3,6.33
2015,NM,Petroleum,76.8,16.0,22.8,84.0,12.47,10.3,6.33
2015,NM,Solar Thermal and Photovoltaic,312.2,16.0,22.8,84.0,12.47,10.3,6.33
2015,NM,Wind,1062.3,16.0,22.8,84.0,12.47,10.3,6.33
2015,NV,Coal,1103.8,22.9,18.2,77.1,12.76,9.25,6.75
2015,NV,Geothermal,701.8,22.9,18.2,77.1,12.76,9.25,6.75
2015,NV,Hydroelectric,1052.2,22.9,18.2,77.1,12.76,9.25,6.75
2015,NV,Natural Gas,8625.199999999999,22.9,18.2,77.1,12.76,9.25,6.75
2015,NV,Other Biomass,3.2,22.9,18.2,77.1,12.76,9.25,6.75
2015,NV,Petroleum,6.0,22.9,18.2,77.1,12.76,9.25,6.75
2015,NV,Solar Thermal and Photovoltaic,978.9,22.9,18.2,77.1,12.76,9.25,6.75
2015,NV,Wind,150.0,22.9,18.2,77.1,12.76,9.25,6.75
2015,NY,Coal,2249.7000000000003,16.4,64.8,67.6,18.54,15.31,6.31
2015,NY,Hydroelectric,4671.7,16.4,64.8,67.6,18.54,15.31,6.31
2015,NY,Natural Gas,23325.6,16.4,64.8,67.6,18.54,15.31,6.31
2015,NY,Nuclear,5708.1,16.4,64.8,67.6,18.54,15.31,6.31
2015,NY,Other,20.0,16.4,64.8,67.6,18.54,15.31,6.31
2015,NY,Other Biomass,430.0,16.4,64.8,67.6,18.54,15.31,6.31
2015,NY,Petroleum,3838.6999999999994,16.4,64.8,67.6,18.54,15.31,6.31
2015,NY,Pumped Storage,1240.0,16.4,64.8,67.6,18.54,15.31,6.31
2015,NY,Solar Thermal and Photovoltaic,81.10000000000001,16.4,64.8,67.6,18.54,15.31,6.31
2015,NY,Wind,1751.1000000000001,16.4,64.8,67.6,18.54,15.31,6.31
2015,NY,Wood and Wood Derived Fuels,223.39999999999998,16.4,64.8,67.6,18.54,15.31,6.31
2015,OH,Coal,16374.800000000001,2.5,69.2,90.3,12.8,10.07,7.02
2015,OH,Hydroelectric,128.6,2.5,69.2,90.3,12.8,10.07,7.02
2015,OH,Natural Gas,11036.699999999999,2.5,69.2,90.3,12.8,10.07,7.02
2015,OH,Nuclear,2236.8,2.5,69.2,90.3,12.8,10.07,7.02
2015,OH,Other,28.0,2.5,69.2,90.3,12.8,10.07,7.02
2015,OH,Other Biomass,99.0,2.5,69.2,90.3,12.8,10.07,7.02
2015,OH,Other Gases,222.5,2.5,69.2,90.3,12.8,10.07,7.02
2015,OH,Petroleum,876.8,2.5,69.2,90.3,12.8,10.07,7.02
2015,OH,Solar Thermal and Photovoltaic,44.00000000000001,2.5,69.2,90.3,12.8,10.07,7.02
2015,OH,Wind,431.59999999999997,2.5,69.2,90.3,12.8,10.07,7.02
2015,OH,Wood and Wood Derived Fuels,80.5,2.5,69.2,90.3,12.8,10.07,7.02
2015,OK,Coal,5844.0,21.8,29.7,77.2,10.14,7.68,5.35
2015,OK,Hydroelectric,814.9,21.8,29.7,77.2,10.14,7.68,5.35
2015,OK,Natural Gas,15009.600000000002,21.8,29.7,77.2,10.14,7.68,5.35
2015,OK,Other Biomass,20.0,21.8,29.7,77.2,10.14,7.68,5.35
2015,OK,Petroleum,80.3,21.8,29.7,77.2,10.14,7.68,5.35
2015,OK,Pumped Storage,259.2,21.8,29.7,77.2,10.14,7.68,5.35
2015,OK,Solar Thermal and Photovoltaic,2.5,21.8,29.7,77.2,10.14,7.68,5.35
2015,OK,Wind,5012.099999999999,21.8,29.7,77.2,10.14,7.68,5.35
2015,OK,Wood and Wood Derived Fuels,68.0,21.8,29.7,77.2,10.14,7.68,5.35
2015,OR,Coal,642.2,72.9,21.9,27.0,10.66,8.8,5.97
2015,OR,Geothermal,36.7,72.9,21.9,27.0,10.66,8.8,5.97
2015,OR,Hydroelectric,8451.0,72.9,21.9,27.0,10.66,8.8,5.97
2015,OR,Natural Gas,3830.7,72.9,21.9,27.0,10.66,8.8,5.97
2015,OR,Other,5.0,72.9,21.9,27.0,10.66,8.8,5.97
2015,OR,Other Biomass,58.1,72.9,21.9,27.0,10.66,8.8,5.97
2015,OR,Solar Thermal and Photovoltaic,18.9,72.9,21.9,27.0,10.66,8.8,5.97
2015,OR,Wind,3158.3999999999996,72.9,21.9,27.0,10.66,8.8,5.97
2015,OR,Wood and Wood Derived Fuels,347.4,72.9,21.9,27.0,10.66,8.8,5.97
2015,PA,Coal,15150.5,6.4,94.5,67.9,13.64,9.6,7.2
2015,PA,Hydroelectric,919.5,6.4,94.5,67.9,13.64,9.6,7.2
2015,PA,Natural Gas,13978.2,6.4,94.5,67.9,13.64,9.6,7.2
2015,PA,Nuclear,10322.4,6.4,94.5,67.9,13.64,9.6,7.2
2015,PA,Other,20.0,6.4,94.5,67.9,13.64,9.6,7.2
2015,PA,Other Biomass,508.2,6.4,94.5,67.9,13.64,9.6,7.2
2015,PA,Other Gases,116.0,6.4,94.5,67.9,13.64,9.6,7.2
2015,PA,Petroleum,2176.1,6.4,94.5,67.9,13.64,9.6,7.2
2015,PA,Pumped Storage,1541.0,6.4,94.5,67.9,13.64,9.6,7.2
2015,PA,Solar Thermal and Photovoltaic,48.49999999999999,6.4,94.5,67.9,13.64,9.6,7.2
2015,PA,Wind,1333.7,6.4,94.5,67.9,13.64,9.6,7.2
2015,PA,Wood and Wood Derived Fuels,144.1,6.4,94.5,67.9,13.64,9.6,7.2
2015,RI,Hydroelectric,2.8,3.0,98.3,97.0,19.29,15.78,13.76
2015,RI,Natural Gas,1973.1000000000001,3.0,98.3,97.0,19.29,15.78,13.76
2015,RI,Other Biomass,40.4,3.0,98.3,97.0,19.29,15.78,13.76
2015,RI,Petroleum,17.7,3.0,98.3,97.0,19.29,15.78,13.76
2015,RI,Solar Thermal and Photovoltaic,10.2,3.0,98.3,97.0,19.29,15.78,13.76
2015,RI,Wind,7.5,3.0,98.3,97.0,19.29,15.78,13.76
2015,SC,Coal,5892.7,7.5,4.3,54.0,12.57,10.21,6.05
2015,SC,Hydroelectric,1364.1,7.5,4.3,54.0,12.57,10.21,6.05
2015,SC,Natural Gas,6682.2,7.5,4.3,54.0,12.57,10.21,6.05
2015,SC,Nuclear,6875.1,7.5,4.3,54.0,12.57,10.21,6.05
2015,SC,Other Biomass,49.7,7.5,4.3,54.0,12.57,10.21,6.05
2015,SC,Petroleum,704.1999999999999,7.5,4.3,54.0,12.57,10.21,6.05
2015,SC,Pumped Storage,2581.2,7.5,4.3,54.0,12.57,10.21,6.05
2015,SC,Solar Thermal and Photovoltaic,2.5,7.5,4.3,54.0,12.57,10.21,6.05
2015,SC,Wood and Wood Derived Fuels,434.6,7.5,4.3,54.0,12.57,10.21,6.05
2015,SD,Coal,456.0,55.5,13.6,44.5,11.08,9.16,7.37
2015,SD,Hydroelectric,1602.1,55.5,13.6,44.5,11.08,9.16,7.37
2015,SD,Natural Gas,1207.0,55.5,13.6,44.5,11.08,9.16,7.37
2015,SD,Petroleum,292.4,55.5,13.6,44.5,11.08,9.16,7.37
2015,SD,Wind,837.8000000000001,55.5,13.6,44.5,11.08,9.16,7.37
2015,TN,Coal,8189.5,12.2,0.4,64.1,10.3,10.16,6.17
2015,TN,Hydroelectric,2499.4,12.2,0.4,64.1,10.3,10.16,6.17
2015,TN,Natural Gas,6395.2,12.2,0.4,64.1,10.3,10.16,6.17
2015,TN,Nuclear,3710.9,12.2,0.4,64.1,10.3,10.16,6.17
2015,TN,Other Biomass,14.6,12.2,0.4,64.1,10.3,10.16,6.17
2015,TN,Petroleum,57.6,12.2,0.4,64.1,10.3,10.16,6.17
2015,TN,Pumped Storage,1713.6,12.2,0.4,64.1,10.3,10.16,6.17
2015,TN,Solar Thermal and Photovoltaic,47.5,12.2,0.4,64.1,10.3,10.16,6.17
2015,TN,Wind,28.8,12.2,0.4,64.1,10.3,10.16,6.17
2015,TN,Wood and Wood Derived Fuels,185.7,12.2,0.4,64.1,10.3,10.16,6.17
2015,TX,Coal,25420.4,15.1,60.6,80.6,11.56,8.15,5.59
2015,TX,Hydroelectric,707.3000000000001,15.1,60.6,80.6,11.56,8.15,5.59
2015,TX,Natural Gas,76540.7,15.1,60.6,80.6,11.56,8.15,5.59
2015,TX,Nuclear,5138.6,15.1,60.6,80.6,11.56,8.15,5.59
2015,TX,Other,308.2,15.1,60.6,80.6,11.56,8.15,5.59
2015,TX,Other Biomass,135.7,15.1,60.6,80.6,11.56,8.15,5.59
2015,TX,Other Gases,277.1,15.1,60.6,80.6,11.56,8.15,5.59
2015,TX,Petroleum,122.5,15.1,60.6,80.6,11.56,8.15,5.59
2015,TX,Solar Thermal and Photovoltaic,318.79999999999995,15.1,60.6,80.6,11.56,8.15,5.59
2015,TX,Wind,17664.0,15.1,60.6,80.6,11.56,8.15,5.59
2015,TX,Wood and Wood Derived Fuels,383.6,15.1,60.6,80.6,11.56,8.15,5.59
2015,US,Coal,304789.8,15.9,36.8,73.1,12.65,10.64,6.91
2015,US,Geothermal,3811.8,15.9,36.8,73.1,12.65,10.64,6.91
2015,US,Hydroelectric,78956.9,15.9,36.8,73.1,12.65,10.64,6.91
2015,US,Natural Gas,503936.9,15.9,36.8,73.1,12.65,10.64,6.91
2015,US,Nuclear,103860.4,15.9,36.8,73.1,12.65,10.64,6.91
2015,US,Other,2040.2,15.9,36.8,73.1,12.65,10.64,6.91
2015,US,Other Biomass,5880.6,15.9,36.8,73.1,12.65,10.64,6.91
2015,US,Other Gases,2824.0,15.9,36.8,73.1,12.65,10.64,6.91
2015,US,Petroleum,42321.3,15.9,36.8,73.1,12.65,10.64,6.91
2015,US,Pumped Storage,21572.7,15.9,36.8,73.1,12.65,10.64,6.91
2015,US,Solar Thermal and Photovoltaic,13758.3,15.9,36.8,73.1,12.65,10.64,6.91
2015,US,Wind,73393.2,15.9,36.8,73.1,12.65,10.64,6.91
2015,US,Wood and Wood Derived Fuels,10219.1,15.9,36.8,73.1,12.65,10.64,6.91
2015,UT,Coal,4994.1,9.3,9.1,90.3,10.88,8.62,6.17
2015,UT,Geothermal,83.8,9.3,9.1,90.3,10.88,8.62,6.17
2015,UT,Hydroelectric,262.1,9.3,9.1,90.3,10.88,8.62,6.17
2015,UT,Natural Gas,3241.0999999999995,9.3,9.1,90.3,10.88,8.62,6.17
2015,UT,Other,31.8,9.3,9.1,90.3,10.88,8.62,6.17
2015,UT,Other Biomass,15.1,9.3,9.1,90.3,10.88,8.62,6.17
2015,UT,Petroleum,29.3,9.3,9.1,90.3,10.88,8.62,6.17
2015,UT,Solar Thermal and Photovoltaic,166.4,9.3,9.1,90.3,10.88,8.62,6.17
2015,UT,Wind,324.4,9.3,9.1,90.3,10.88,8.62,6.17
2015,VA,Coal,4651.0,6.9,12.8,68.0,11.37,8.21,6.95
2015,VA,Hydroelectric,822.4,6.9,12.8,68.0,11.37,8.21,6.95
2015,VA,Natural Gas,10842.3,6.9,12.8,68.0,11.37,8.21,6.95
2015,VA,Nuclear,3654.4,6.9,12.8,68.0,11.37,8.21,6.95
2015,VA,Other Biomass,354.8,6.9,12.8,68.0,11.37,8.21,6.95
2015,VA,Petroleum,2749.9,6.9,12.8,68.0,11.37,8.21,6.95
2015,VA,Pumped Storage,3109.3,6.9,12.8,68.0,11.37,8.21,6.95
2015,VA,Wood and Wood Derived Fuels,661.8,6.9,12.8,68.0,11.37,8.21,6.95
2015,VT,Hydroelectric,325.0,80.6,44.0,19.4,17.09,14.54,10.27
2015,VT,Other Biomass,3.2,80.6,44.0,19.4,17.09,14.54,10.27
2015,VT,Petroleum,135.7,80.6,44.0,19.4,17.09,14.54,10.27
2015,VT,Solar Thermal and Photovoltaic,32.5,80.6,44.0,19.4,17.09,14.54,10.27
2015,VT,Wind,121.0,80.6,44.0,19.4,17.09,14.54,10.27
2015,VT,Wood and Wood Derived Fuels,82.4,80.6,44.0,19.4,17.09,14.54,10.27
2015,WA,Coal,1459.8,77.6,12.6,17.6,9.09,8.22,4.35
2015,WA,Hydroelectric,21088.0,77.6,12.6,17.6,9.09,8.22,4.35
2015,WA,Natural Gas,4114.2,77.6,12.6,17.6,9.09,8.22,4.35
2015,WA,Nuclear,1200.0,77.6,12.6,17.6,9.09,8.22,4.35
2015,WA,Other,1.0,77.6,12.6,17.6,9.09,8.22,4.35
2015,WA,Other Biomass,77.0,77.6,12.6,17.6,9.09,8.22,4.35
2015,WA,Petroleum,15.5,77.6,12.6,17.6,9.09,8.22,4.35
2015,WA,Pumped Storage,314.0,77.6,12.6,17.6,9.09,8.22,4.35
2015,WA,Solar Thermal and Photovoltaic,0.5,77.6,12.6,17.6,9.09,8.22,4.35
2015,WA,Wind,3077.8,77.6,12.6,17.6,9.09,8.22,4.35
2015,WA,Wood and Wood Derived Fuels,396.59999999999997,77.6,12.6,17.6,9.09,8.22,4.35
2015,WI,Coal,8064.099999999999,8.4,11.4,84.8,14.11,10.89,7.58
2015,WI,Hydroelectric,527.1,8.4,11.4,84.8,14.11,10.89,7.58
2015,WI,Natural Gas,7312.6,8.4,11.4,84.8,14.11,10.89,7.58
2015,WI,Nuclear,1286.0,8.4,11.4,84.8,14.11,10.89,7.58
2015,WI,Other,20.8,8.4,11.4,84.8,14.11,10.89,7.58
2015,WI,Other Biomass,111.8,8.4,11.4,84.8,14.11,10.89,7.58
2015,WI,Petroleum,795.4000000000001,8.4,11.4,84.8,14.11,10.89,7.58
2015,WI,Solar Thermal and Photovoltaic,1.0,8.4,11.4,84.8,14.11,10.89,7.58
2015,WI,Wind,637.5,8.4,11.4,84.8,14.11,10.89,7.58
2015,WI,Wood and Wood Derived Fuels,325.6,8.4,11.4,84.8,14.11,10.89,7.58
2015,WV,Coal,13633.899999999998,5.8,23.6,93.8,10.08,8.61,6.09
2015,WV,Hydroelectric,326.6,5.8,23.6,93.8,10.08,8.61,6.09
2015,WV,Natural Gas,1216.4,5.8,23.6,93.8,10.08,8.61,6.09
2015,WV,Other,65.5,5.8,23.6,93.8,10.08,8.61,6.09
2015,WV,Other Biomass,2.2,5.8,23.6,93.8,10.08,8.61,6.09
2015,WV,Petroleum,18.5,5.8,23.6,93.8,10.08,8.61,6.09
2015,WV,Wind,583.3,5.8,23.6,93.8,10.08,8.61,6.09
2015,WY,Coal,7254.1,18.4,9.1,81.5,10.97,9.12,6.76
2015,WY,Hydroelectric,303.4,18.4,9.1,81.5,10.97,9.12,6.76
2015,WY,Natural Gas,306.4,18.4,9.1,81.5,10.97,9.12,6.76
2015,WY,Other,11.5,18.4,9.1,81.5,10.97,9.12,6.76
2015,WY,Other Gases,111.7,18.4,9.1,81.5,10.97,9.12,6.76
2015,WY,Petroleum,5.800000000000001,18.4,9.1,81.5,10.97,9.12,6.76
2015,WY,Wind,1433.0,18.4,9.1,81.5,10.97,9.12,6.76
2016,AK,Coal,175.5,18.2,0.7,80.3,20.3,17.56,15.22
2016,AK,Hydroelectric,475.2,18.2,0.7,80.3,20.3,17.56,15.22
2016,AK,Natural Gas,1421.5,18.2,0.7,80.3,20.3,17.56,15.22
2016,AK,Other,45.0,18.2,0.7,80.3,20.3,17.56,15.22
2016,AK,Other Biomass,11.5,18.2,0.7,80.3,20.3,17.56,15.22
2016,AK,Petroleum,821.0,18.2,0.7,80.3,20.3,17.56,15.22
2016,AK,Wind,60.6,18.2,0.7,80.3,20.3,17.56,15.22
2016,AL,Coal,6671.2,12.5,25.9,70.7,11.99,11.11,6.04
2016,AL,Hydroelectric,3106.7,12.5,25.9,70.7,11.99,11.11,6.04
2016,AL,Natural Gas,15354.199999999999,12.5,25.9,70.7,11.99,11.11,6.04
2016,AL,Nuclear,5270.4,12.5,25.9,70.7,11.99,11.11,6.04
2016,AL,Other Biomass,6.4,12.5,25.9,70.7,11.99,11.11,6.04
2016,AL,Other Gases,28.8,12.5,25.9,70.7,11.99,11.11,6.04
2016,AL,Petroleum,47.800000000000004,12.5,25.9,70.7,11.99,11.11,6.04
2016,AL,Solar Thermal and Photovoltaic,75.0,12.5,25.9,70.7,11.99,11.11,6.04
2016,AL,Wood and Wood Derived Fuels,718.4000000000001,12.5,25.9,70.7,11.99,11.11,6.04
2016,AR,Coal,5487.0,10.6,19.5,77.9,9.92,8.23,6.08
2016,AR,Hydroelectric,1320.9,10.6,19.5,77.9,9.92,8.23,6.08
2016,AR,Natural Gas,7229.400000000001,10.6,19.5,77.9,9.92,8.23,6.08
2016,AR,Nuclear,1845.0,10.6,19.5,77.9,9.92,8.23,6.08
2016,AR,Other Biomass,28.1,10.6,19.5,77.9,9.92,8.23,6.08
2016,AR,Petroleum,12.3,10.6,19.5,77.9,9.92,8.23,6.08
2016,AR,Pumped Storage,28.0,10.6,19.5,77.9,9.92,8.23,6.08
2016,AR,Solar Thermal and Photovoltaic,13.0,10.6,19.5,77.9,9.92,8.23,6.08
2016,AR,Wood and Wood Derived Fuels,378.1,10.6,19.5,77.9,9.92,8.23,6.08
2016,AZ,Coal,6244.8,15.4,27.1,70.8,12.15,10.41,6.07
2016,AZ,Hydroelectric,2718.0,15.4,27.1,70.8,12.15,10.41,6.07
2016,AZ,Natural Gas,16264.7,15.4,27.1,70.8,12.15,10.41,6.07
2016,AZ,Nuclear,4209.6,15.4,27.1,70.8,12.15,10.41,6.07
2016,AZ,Other Biomass,6.0,15.4,27.1,70.8,12.15,10.41,6.07
2016,AZ,Petroleum,128.3,15.4,27.1,70.8,12.15,10.41,6.07
2016,AZ,Pumped Storage,194.1,15.4,27.1,70.8,12.15,10.41,6.07
2016,AZ,Solar Thermal and Photovoltaic,1889.5,15.4,27.1,70.8,12.15,10.41,6.07
2016,AZ,Wind,267.3,15.4,27.1,70.8,12.15,10.41,6.07
2016,AZ,Wood and Wood Derived Fuels,30.2,15.4,27.1,70.8,12.15,10.41,6.07
2016,CA,Coal,62.5,36.3,54.9,56.0,17.39,15.07,11.92
2016,CA,Geothermal,2907.6,36.3,54.9,56.0,17.39,15.07,11.92
2016,CA,Hydroelectric,10055.300000000001,36.3,54.9,56.0,17.39,15.07,11.92
2016,CA,Natural Gas,44949.6,36.3,54.9,56.0,17.39,15.07,11.92
2016,CA,Nuclear,2323.0,36.3,54.9,56.0,17.39,15.07,11.92
2016,CA,Other,233.2,36.3,54.9,56.0,17.39,15.07,11.92
2016,CA,Other Biomass,580.7,36.3,54.9,56.0,17.39,15.07,11.92
2016,CA,Other Gases,278.0,36.3,54.9,56.0,17.39,15.07,11.92
2016,CA,Petroleum,539.8000000000001,36.3,54.9,56.0,17.39,15.07,11.92
2016,CA,Pumped Storage,3745.6,36.3,54.9,56.0,17.39,15.07,11.92
2016,CA,Solar Thermal and Photovoltaic,9562.2,36.3,54.9,56.0,17.39,15.07,11.92
2016,CA,Wind,5670.7,36.3,54.9,56.0,17.39,15.07,11.92
2016,CA,Wood and Wood Derived Fuels,899.1,36.3,54.9,56.0,17.39,15.07,11.92
2016,CO,Coal,5524.7,23.3,31.8,73.8,12.07,9.6,7.35
2016,CO,Hydroelectric,669.9,23.3,31.8,73.8,12.07,9.6,7.35
2016,CO,Natural Gas,7441.599999999999,23.3,31.8,73.8,12.07,9.6,7.35
2016,CO,Other,10.6,23.3,31.8,73.8,12.07,9.6,7.35
2016,CO,Other Biomass,21.4,23.3,31.8,73.8,12.07,9.6,7.35
2016,CO,Petroleum,202.7,23.3,31.8,73.8,12.07,9.6,7.35
2016,CO,Pumped Storage,508.5,23.3,31.8,73.8,12.07,9.6,7.35
2016,CO,Solar Thermal and Photovoltaic,419.40000000000003,23.3,31.8,73.8,12.07,9.6,7.35
2016,CO,Wind,3027.1,23.3,31.8,73.8,12.07,9.6,7.35
2016,CO,Wood and Wood Derived Fuels,12.6,23.3,31.8,73.8,12.07,9.6,7.35
2016,CT,Coal,400.0,4.2,94.4,72.8,20.01,15.75,12.81
2016,CT,Hydroelectric,118.5,4.2,94.4,72.8,20.01,15.75,12.81
2016,CT,Natural Gas,3806.6000000000004,4.2,94.4,72.8,20.01,15.75,12.81
2016,CT,Nuclear,2162.9,4.2,94.4,72.8,20.01,15.75,12.81
2016,CT,Other,32.1,4.2,94.4,72.8,20.01,15.75,12.81
2016,CT,Other Biomass,211.3,4.2,94.4,72.8,20.01,15.75,12.81
2016,CT,Petroleum,2816.8,4.2,94.4,72.8,20.01,15.75,12.81
2016,CT,Pumped Storage,31.0,4.2,94.4,72.8,20.01,15.75,12.81
2016,CT,Solar Thermal and Photovoltaic,25.2,4.2,94.4,72.8,20.01,15.75,12.81
2016,CT,Wind,5.0,4.2,94.4,72.8,20.01,15.75,12.81
2016,CT,Wood and Wood Derived Fuels,43.0,4.2,94.4,72.8,20.01,15.75,12.81
2016,DC,Natural Gas,10.8,56.6,,43.4,12.29,11.72,8.8
2016,DC,Other Biomass,14.1,56.6,,43.4,12.29,11.72,8.8
2016,DE,Coal,445.5,1.2,84.9,98.8,13.42,10.07,8.11
2016,DE,Natural Gas,2876.2,1.2,84.9,98.8,13.42,10.07,8.11
2016,DE,Other Biomass,12.2,1.2,84.9,98.8,13.42,10.07,8.11
2016,DE,Other Gases,140.0,1.2,84.9,98.8,13.42,10.07,8.11
2016,DE,Petroleum,121.6,1.2,84.9,98.8,13.42,10.07,8.11
2016,DE,Solar Thermal and Photovoltaic,30.8,1.2,84.9,98.8,13.42,10.07,8.11
2016,DE,Wind,2.0,1.2,84.9,98.8,13.42,10.07,8.11
2016,FL,Coal,11090.3,2.9,8.6,90.8,10.98,8.9,7.69
2016,FL,Hydroelectric,55.7,2.9,8.6,90.8,10.98,8.9,7.69
2016,FL,Natural Gas,43830.1,2.9,8.6,90.8,10.98,8.9,7.69
2016,FL,Nuclear,3797.2,2.9,8.6,90.8,10.98,8.9,7.69
2016,FL,Other,402.3,2.9,8.6,90.8,10.98,8.9,7.69
2016,FL,Other Biomass,975.4000000000001,2.9,8.6,90.8,10.98,8.9,7.69
2016,FL,Petroleum,5663.299999999999,2.9,8.6,90.8,10.98,8.9,7.69
2016,FL,Solar Thermal and Photovoltaic,330.6,2.9,8.6,90.8,10.98,8.9,7.69
2016,FL,Wood and Wood Derived Fuels,560.5,2.9,8.6,90.8,10.98,8.9,7.69
2016,GA,Coal,10109.7,10.3,20.9,75.3,11.5,9.81,5.84
2016,GA,Hydroelectric,2175.7999999999997,10.3,20.9,75.3,11.5,9.81,5.84
2016,GA,Natural Gas,18652.3,10.3,20.9,75.3,11.5,9.81,5.84
2016,GA,Nuclear,4041.8,10.3,20.9,75.3,11.5,9.81,5.84
2016,GA,Other,46.0,10.3,20.9,75.3,11.5,9.81,5.84
2016,GA,Other Biomass,61.5,10.3,20.9,75.3,11.5,9.81,5.84
2016,GA,Petroleum,1162.6000000000001,10.3,20.9,75.3,11.5,9.81,5.84
2016,GA,Pumped Storage,1634.6,10.3,20.9,75.3,11.5,9.81,5.84
2016,GA,Solar Thermal and Photovoltaic,978.0999999999999,10.3,20.9,75.3,11.5,9.81,5.84
2016,GA,Wood and Wood Derived Fuels,890.6,10.3,20.9,75.3,11.5,9.81,5.84
2016,HI,Coal,203.0,19.1,13.5,78.5,27.47,24.64,20.69
2016,HI,Geothermal,51.0,19.1,13.5,78.5,27.47,24.64,20.69
2016,HI,Hydroelectric,27.1,19.1,13.5,78.5,27.47,24.64,20.69
2016,HI,Other,67.6,19.1,13.5,78.5,27.47,24.64,20.69
2016,HI,Other Biomass,219.6,19.1,13.5,78.5,27.47,24.64,20.69
2016,HI,Other Gases,6.0,19.1,13.5,78.5,27.47,24.64,20.69
2016,HI,Petroleum,2062.5,19.1,13.5,78.5,27.47,24.64,20.69
2016,HI,Solar Thermal and Photovoltaic,50.7,19.1,13.5,78.5,27.47,24.64,20.69
2016,HI,Wind,205.6,19.1,13.5,78.5,27.47,24.64,20.69
2016,IA,Coal,6034.5,38.4,17.7,57.9,11.94,9.17,6.05
2016,IA,Hydroelectric,129.2,38.4,17.7,57.9,11.94,9.17,6.05
2016,IA,Natural Gas,3488.5,38.4,17.7,57.9,11.94,9.17,6.05
2016,IA,Nuclear,679.5,38.4,17.7,57.9,11.94,9.17,6.05
2016,IA,Other Biomass,21.4,38.4,17.7,57.9,11.94,9.17,6.05
2016,IA,Petroleum,1168.4999999999998,38.4,17.7,57.9,11.94,9.17,6.05
2016,IA,Solar Thermal and Photovoltaic,2.6,38.4,17.7,57.9,11.94,9.17,6.05
2016,IA,Wind,6934.099999999999,38.4,17.7,57.9,11.94,9.17,6.05
2016,ID,Coal,10.2,74.3,32.7,25.3,9.95,7.76,6.55
2016,ID,Geothermal,18.0,74.3,32.7,25.3,9.95,7.76,6.55
2016,ID,Hydroelectric,2542.5,74.3,32.7,25.3,9.95,7.76,6.55
2016,ID,Natural Gas,1274.8,74.3,32.7,25.3,9.95,7.76,6.55
2016,ID,Other,15.9,74.3,32.7,25.3,9.95,7.76,6.55
2016,ID,Other Biomass,23.7,74.3,32.7,25.3,9.95,7.76,6.55
2016,ID,Petroleum,5.0,74.3,32.7,25.3,9.95,7.76,6.55
2016,ID,Solar Thermal and Photovoltaic,120.0,74.3,32.7,25.3,9.95,7.76,6.55
2016,ID,Wind,974.4,74.3,32.7,25.3,9.95,7.76,6.55
2016,ID,Wood and Wood Derived Fuels,106.2,74.3,32.7,25.3,9.95,7.76,6.55
2016,IL,Coal,15662.699999999999,8.3,87.6,67.0,12.54,9.02,6.51
2016,IL,Hydroelectric,39.7,8.3,87.6,67.0,12.54,9.02,6.51
2016,IL,Natural Gas,17481.300000000003,8.3,87.6,67.0,12.54,9.02,6.51
2016,IL,Nuclear,12415.1,8.3,87.6,67.0,12.54,9.02,6.51
2016,IL,Other,112.4,8.3,87.6,67.0,12.54,9.02,6.51
2016,IL,Other Biomass,138.6,8.3,87.6,67.0,12.54,9.02,6.51
2016,IL,Other Gases,117.7,8.3,87.6,67.0,12.54,9.02,6.51
2016,IL,Petroleum,808.2,8.3,87.6,67.0,12.54,9.02,6.51
2016,IL,Solar Thermal and Photovoltaic,33.1,8.3,87.6,67.0,12.54,9.02,6.51
2016,IL,Wind,4008.5,8.3,87.6,67.0,12.54,9.02,6.51
2016,IN,Coal,17585.399999999998,7.8,8.0,91.8,11.79,10.01,6.97
2016,IN,Hydroelectric,92.1,7.8,8.0,91.8,11.79,10.01,6.97
2016,IN,Natural Gas,7648.0,7.8,8.0,91.8,11.79,10.01,6.97
2016,IN,Other,117.6,7.8,8.0,91.8,11.79,10.01,6.97
2016,IN,Other Biomass,81.0,7.8,8.0,91.8,11.79,10.01,6.97
2016,IN,Other Gases,696.2,7.8,8.0,91.8,11.79,10.01,6.97
2016,IN,Petroleum,285.70000000000005,7.8,8.0,91.8,11.79,10.01,6.97
2016,IN,Solar Thermal and Photovoltaic,160.6,7.8,8.0,91.8,11.79,10.01,6.97
2016,IN,Wind,1889.7,7.8,8.0,91.8,11.79,10.01,6.97
2016,KS,Coal,4946.7,27.2,25.4,65.2,13.06,10.47,7.49
2016,KS,Hydroelectric,7.0,27.2,25.4,65.2,13.06,10.47,7.49
2016,KS,Natural Gas,5197.099999999999,27.2,25.4,65.2,13.06,10.47,7.49
2016,KS,Nuclear,1267.7,27.2,25.4,65.2,13.06,10.47,7.49
2016,KS,Other,2.0,27.2,25.4,65.2,13.06,10.47,7.49
2016,KS,Other Biomass,9.2,27.2,25.4,65.2,13.06,10.47,7.49
2016,KS,Petroleum,625.9,27.2,25.4,65.2,13.06,10.47,7.49
2016,KS,Solar Thermal and Photovoltaic,1.0,27.2,25.4,65.2,13.06,10.47,7.49
2016,KS,Wind,4469.8,27.2,25.4,65.2,13.06,10.47,7.49
2016,KY,Coal,15601.7,4.7,4.8,95.3,10.49,9.57,5.67
2016,KY,Hydroelectric,1016.6,4.7,4.8,95.3,10.49,9.57,5.67
2016,KY,Natural Gas,7326.9,4.7,4.8,95.3,10.49,9.57,5.67
2016,KY,Other Biomass,20.400000000000002,4.7,4.8,95.3,10.49,9.57,5.67
2016,KY,Petroleum,11.5,4.7,4.8,95.3,10.49,9.57,5.67
2016,KY,Solar Thermal and Photovoltaic,10.0,4.7,4.8,95.3,10.49,9.57,5.67
2016,KY,Wood and Wood Derived Fuels,93.0,4.7,4.8,95.3,10.49,9.57,5.67
2016,LA,Coal,3170.2,2.4,11.4,88.4,9.34,8.59,5.08
2016,LA,Hydroelectric,192.0,2.4,11.4,88.4,9.34,8.59,5.08
2016,LA,Natural Gas,20370.6,2.4,11.4,88.4,9.34,8.59,5.08
2016,LA,Nuclear,2235.7,2.4,11.4,88.4,9.34,8.59,5.08
2016,LA,Other,371.1,2.4,11.4,88.4,9.34,8.59,5.08
2016,LA,Other Biomass,15.1,2.4,11.4,88.4,9.34,8.59,5.08
2016,LA,Other Gases,475.9,2.4,11.4,88.4,9.34,8.59,5.08
2016,LA,Petroleum,1046.2,2.4,11.4,88.4,9.34,8.59,5.08
2016,LA,Wood and Wood Derived Fuels,475.0,2.4,11.4,88.4,9.34,8.59,5.08
2016,MA,Coal,1124.6,8.2,85.1,76.9,19.0,15.6,13.38
2016,MA,Hydroelectric,268.9,8.2,85.1,76.9,19.0,15.6,13.38
2016,MA,Natural Gas,6896.1,8.2,85.1,76.9,19.0,15.6,13.38
2016,MA,Nuclear,670.0,8.2,85.1,76.9,19.0,15.6,13.38
2016,MA,Other Biomass,340.3,8.2,85.1,76.9,19.0,15.6,13.38
2016,MA,Petroleum,3331.5,8.2,85.1,76.9,19.0,15.6,13.38
2016,MA,Pumped Storage,1540.0,8.2,85.1,76.9,19.0,15.6,13.38
2016,MA,Solar Thermal and Photovoltaic,483.59999999999997,8.2,85.1,76.9,19.0,15.6,13.38
2016,MA,Wind,96.4,8.2,85.1,76.9,19.0,15.6,13.38
2016,MA,Wood and Wood Derived Fuels,18.0,8.2,85.1,76.9,19.0,15.6,13.38
2016,MD,Coal,5126.8,7.6,92.9,78.9,14.23,10.99,7.89
2016,MD,Hydroelectric,550.8,7.6,92.9,78.9,14.23,10.99,7.89
2016,MD,Natural Gas,4306.1,7.6,92.9,78.9,14.23,10.99,7.89
2016,MD,Nuclear,1828.7,7.6,92.9,78.9,14.23,10.99,7.89
2016,MD,Other,11.0,7.6,92.9,78.9,14.23,10.99,7.89
2016,MD,Other Biomass,158.4,7.6,92.9,78.9,14.23,10.99,7.89
2016,MD,Petroleum,1387.3,7.6,92.9,78.9,14.23,10.99,7.89
2016,MD,Solar Thermal and Photovoltaic,144.4,7.6,92.9,78.9,14.23,10.99,7.89
2016,MD,Wind,190.0,7.6,92.9,78.9,14.23,10.99,7.89
2016,MD,Wood and Wood Derived Fuels,3.8,7.6,92.9,78.9,14.23,10.99,7.89
2016,ME,Hydroelectric,714.8,47.9,78.6,51.4,15.83,12.08,8.96
2016,ME,Natural Gas,1758.1999999999998,47.9,78.6,51.4,15.83,12.08,8.96
2016,ME,Other,38.7,47.9,78.6,51.4,15.83,12.08,8.96
2016,ME,Other Biomass,50.1,47.9,78.6,51.4,15.83,12.08,8.96
2016,ME,Petroleum,917.6,47.9,78.6,51.4,15.83,12.08,8.96
2016,ME,Wind,898.8,47.9,78.6,51.4,15.83,12.08,8.96
2016,ME,Wood and Wood Derived Fuels,832.6,47.9,78.6,51.4,15.83,12.08,8.96
2016,MI,Coal,10354.2,8.1,11.2,72.1,15.22,10.64,6.91
2016,MI,Hydroelectric,361.6,8.1,11.2,72.1,15.22,10.64,6.91
2016,MI,Natural Gas,11781.0,8.1,11.2,72.1,15.22,10.64,6.91
2016,MI,Nuclear,4314.1,8.1,11.2,72.1,15.22,10.64,6.91
2016,MI,Other Biomass,240.10000000000002,8.1,11.2,72.1,15.22,10.64,6.91
2016,MI,Other Gases,250.0,8.1,11.2,72.1,15.22,10.64,6.91
2016,MI,Petroleum,607.7,8.1,11.2,72.1,15.22,10.64,6.91
2016,MI,Pumped Storage,1978.8,8.1,11.2,72.1,15.22,10.64,6.91
2016,MI,Solar Thermal and Photovoltaic,12.5,8.1,11.2,72.1,15.22,10.64,6.91
2016,MI,Wind,1608.9,8.1,11.2,72.1,15.22,10.64,6.91
2016,MI,Wood and Wood Derived Fuels,374.6,8.1,11.2,72.1,15.22,10.64,6.91
2016,MN,Coal,4655.7,25.0,22.0,64.3,12.67,9.86,7.37
2016,MN,Hydroelectric,215.3,25.0,22.0,64.3,12.67,9.86,7.37
2016,MN,Natural Gas,5785.1,25.0,22.0,64.3,12.67,9.86,7.37
2016,MN,Nuclear,1871.2,25.0,22.0,64.3,12.67,9.86,7.37
2016,MN,Other,23.2,25.0,22.0,64.3,12.67,9.86,7.37
2016,MN,Other Biomass,212.39999999999998,25.0,22.0,64.3,12.67,9.86,7.37
2016,MN,Petroleum,921.2,25.0,22.0,64.3,12.67,9.86,7.37
2016,MN,Solar Thermal and Photovoltaic,256.2,25.0,22.0,64.3,12.67,9.86,7.37
2016,MN,Wind,3368.2,25.0,22.0,64.3,12.67,9.86,7.37
2016,MN,Wood and Wood Derived Fuels,371.8,25.0,22.0,64.3,12.67,9.86,7.37
2016,MO,Coal,12490.6,5.1,5.6,87.2,11.21,9.26,7.12
2016,MO,Hydroelectric,506.0,5.1,5.6,87.2,11.21,9.26,7.12
2016,MO,Natural Gas,6905.6,5.1,5.6,87.2,11.21,9.26,7.12
2016,MO,Nuclear,1235.8,5.1,5.6,87.2,11.21,9.26,7.12
2016,MO,Other,1.0,5.1,5.6,87.2,11.21,9.26,7.12
2016,MO,Other Biomass,17.2,5.1,5.6,87.2,11.21,9.26,7.12
2016,MO,Petroleum,1316.6000000000001,5.1,5.6,87.2,11.21,9.26,7.12
2016,MO,Pumped Storage,600.4,5.1,5.6,87.2,11.21,9.26,7.12
2016,MO,Solar Thermal and Photovoltaic,25.7,5.1,5.6,87.2,11.21,9.26,7.12
2016,MO,Wind,659.4,5.1,5.6,87.2,11.21,9.26,7.12
2016,MS,Coal,2010.3,1.7,10.2,90.4,10.47,9.57,5.79
2016,MS,Natural Gas,14275.0,1.7,10.2,90.4,10.47,9.57,5.79
2016,MS,Nuclear,1440.0,1.7,10.2,90.4,10.47,9.57,5.79
2016,MS,Other,1.6,1.7,10.2,90.4,10.47,9.57,5.79
2016,MS,Other Biomass,1.6,1.7,10.2,90.4,10.47,9.57,5.79
2016,MS,Petroleum,48.0,1.7,10.2,90.4,10.47,9.57,5.79
2016,MS,Solar Thermal and Photovoltaic,3.1,1.7,10.2,90.4,10.47,9.57,5.79
2016,MS,Wood and Wood Derived Fuels,294.3,1.7,10.2,90.4,10.47,9.57,5.79
2016,MT,Coal,2487.8,52.0,49.6,47.0,10.94,10.19,5.06
2016,MT,Hydroelectric,2664.6,52.0,49.6,47.0,10.94,10.19,5.06
2016,MT,Natural Gas,474.59999999999997,52.0,49.6,47.0,10.94,10.19,5.06
2016,MT,Other,60.0,52.0,49.6,47.0,10.94,10.19,5.06
2016,MT,Other Gases,1.6,52.0,49.6,47.0,10.94,10.19,5.06
2016,MT,Petroleum,68.0,52.0,49.6,47.0,10.94,10.19,5.06
2016,MT,Wind,687.3,52.0,49.6,47.0,10.94,10.19,5.06
2016,MT,Wood and Wood Derived Fuels,2.8,52.0,49.6,47.0,10.94,10.19,5.06
2016,NC,Coal,11494.2,14.6,12.9,69.7,11.03,8.62,6.31
2016,NC,Hydroelectric,1890.3999999999999,14.6,12.9,69.7,11.03,8.62,6.31
2016,NC,Natural Gas,12610.4,14.6,12.9,69.7,11.03,8.62,6.31
2016,NC,Nuclear,5394.7,14.6,12.9,69.7,11.03,8.62,6.31
2016,NC,Other,54.0,14.6,12.9,69.7,11.03,8.62,6.31
2016,NC,Other Biomass,95.30000000000001,14.6,12.9,69.7,11.03,8.62,6.31
2016,NC,Petroleum,490.8,14.6,12.9,69.7,11.03,8.62,6.31
2016,NC,Pumped Storage,95.0,14.6,12.9,69.7,11.03,8.62,6.31
2016,NC,Solar Thermal and Photovoltaic,2431.4,14.6,12.9,69.7,11.03,8.62,6.31
2016,NC,Wind,208.0,14.6,12.9,69.7,11.03,8.62,6.31
2016,NC,Wood and Wood Derived Fuels,545.0,14.6,12.9,69.7,11.03,8.62,6.31
2016,ND,Coal,4350.1,41.4,19.2,58.5,10.16,9.15,7.98
2016,ND,Hydroelectric,614.0,41.4,19.2,58.5,10.16,9.15,7.98
2016,ND,Natural Gas,451.0,41.4,19.2,58.5,10.16,9.15,7.98
2016,ND,Other,5.3,41.4,19.2,58.5,10.16,9.15,7.98
2016,ND,Other Biomass,9.8,41.4,19.2,58.5,10.16,9.15,7.98
2016,ND,Other Gases,7.5,41.4,19.2,58.5,10.16,9.15,7.98
2016,ND,Petroleum,68.5,41.4,19.2,58.5,10.16,9.15,7.98
2016,ND,Wind,2828.3999999999996,41.4,19.2,58.5,10.16,9.15,7.98
2016,NE,Coal,3982.9,17.1,14.0,74.0,10.84,8.8,7.69
2016,NE,Hydroelectric,200.0,17.1,14.0,74.0,10.84,8.8,7.69
2016,NE,Natural Gas,2358.5,17.1,14.0,74.0,10.84,8.8,7.69
2016,NE,Nuclear,801.0,17.1,14.0,74.0,10.84,8.8,7.69
2016,NE,Other Biomass,15.7,17.1,14.0,74.0,10.84,8.8,7.69
2016,NE,Petroleum,360.7,17.1,14.0,74.0,10.84,8.8,7.69
2016,NE,Solar Thermal and Photovoltaic,6.3,17.1,14.0,74.0,10.84,8.8,7.69
2016,NE,Wind,1329.3999999999999,17.1,14.0,74.0,10.84,8.8,7.69
2016,NH,Coal,559.2,19.2,73.7,53.8,18.38,14.43,12.34
2016,NH,Hydroelectric,424.8,19.2,73.7,53.8,18.38,14.43,12.34
2016,NH,Natural Gas,1814.5,19.2,73.7,53.8,18.38,14.43,12.34
2016,NH,Nuclear,1242.0,19.2,73.7,53.8,18.38,14.43,12.34
2016,NH,Other Biomass,33.5,19.2,73.7,53.8,18.38,14.43,12.34
2016,NH,Petroleum,110.0,19.2,73.7,53.8,18.38,14.43,12.34
2016,NH,Wind,185.3,19.2,73.7,53.8,18.38,14.43,12.34
2016,NH,Wood and Wood Derived Fuels,243.4,19.2,73.7,53.8,18.38,14.43,12.34
2016,NJ,Coal,1343.3,4.3,86.6,73.3,15.72,12.26,10.16
2016,NJ,Hydroelectric,14.7,4.3,86.6,73.3,15.72,12.26,10.16
2016,NJ,Natural Gas,13543.300000000001,4.3,86.6,73.3,15.72,12.26,10.16
2016,NJ,Nuclear,4180.7,4.3,86.6,73.3,15.72,12.26,10.16
2016,NJ,Other,11.2,4.3,86.6,73.3,15.72,12.26,10.16
2016,NJ,Other Biomass,262.29999999999995,4.3,86.6,73.3,15.72,12.26,10.16
2016,NJ,Other Gases,30.0,4.3,86.6,73.3,15.72,12.26,10.16
2016,NJ,Petroleum,276.4,4.3,86.6,73.3,15.72,12.26,10.16
2016,NJ,Pumped Storage,453.0,4.3,86.6,73.3,15.72,12.26,10.16
2016,NJ,Solar Thermal and Photovoltaic,613.9,4.3,86.6,73.3,15.72,12.26,10.16
2016,NJ,Wind,9.0,4.3,86.6,73.3,15.72,12.26,10.16
2016,NM,Coal,3741.2,18.1,25.0,81.9,12.03,9.75,5.84
2016,NM,Geothermal,4.0,18.1,25.0,81.9,12.03,9.75,5.84
2016,NM,Hydroelectric,81.7,18.1,25.0,81.9,12.03,9.75,5.84
2016,NM,Natural Gas,3763.4,18.1,25.0,81.9,12.03,9.75,5.84
2016,NM,Other,2.6,18.1,25.0,81.9,12.03,9.75,5.84
2016,NM,Other Biomass,5.6,18.1,25.0,81.9,12.03,9.75,5.84
2016,NM,Petroleum,76.8,18.1,25.0,81.9,12.03,9.75,5.84
2016,NM,Solar Thermal and Photovoltaic,472.2,18.1,25.0,81.9,12.03,9.75,5.84
2016,NM,Wind,1112.3,18.1,25.0,81.9,12.03,9.75,5.84
2016,NV,Coal,1103.8,28.2,23.8,71.7,11.41,7.93,5.88
2016,NV,Geothermal,703.5,28.2,23.8,71.7,11.41,7.93,5.88
2016,NV,Hydroelectric,1052.2,28.2,23.8,71.7,11.41,7.93,5.88
2016,NV,Natural Gas,8616.199999999999,28.2,23.8,71.7,11.41,7.93,5.88
2016,NV,Other,7.5,28.2,23.8,71.7,11.41,7.93,5.88
2016,NV,Other Biomass,15.2,28.2,23.8,71.7,11.41,7.93,5.88
2016,NV,Petroleum,6.0,28.2,23.8,71.7,11.41,7.93,5.88
2016,NV,Solar Thermal and Photovoltaic,1902.8000000000002,28.2,23.8,71.7,11.41,7.93,5.88
2016,NV,Wind,150.0,28.2,23.8,71.7,11.41,7.93,5.88
2016,NY,Coal,1849.7,16.6,64.4,67.2,17.58,14.45,6.03
2016,NY,Hydroelectric,4677.7,16.6,64.4,67.2,17.58,14.45,6.03
2016,NY,Natural Gas,23357.0,16.6,64.4,67.2,17.58,14.45,6.03
2016,NY,Nuclear,5708.1,16.6,64.4,67.2,17.58,14.45,6.03
2016,NY,Other,20.0,16.6,64.4,67.2,17.58,14.45,6.03
2016,NY,Other Biomass,434.0,16.6,64.4,67.2,17.58,14.45,6.03
2016,NY,Petroleum,3882.1,16.6,64.4,67.2,17.58,14.45,6.03
2016,NY,Pumped Storage,1240.0,16.6,64.4,67.2,17.58,14.45,6.03
2016,NY,Solar Thermal and Photovoltaic,110.3,16.6,64.4,67.2,17.58,14.45,6.03
2016,NY,Wind,1828.8000000000002,16.6,64.4,67.2,17.58,14.45,6.03
2016,NY,Wood and Wood Derived Fuels,147.7,16.6,64.4,67.2,17.58,14.45,6.03
2016,OH,Coal,16273.800000000001,2.8,69.3,89.9,12.47,9.97,6.98
2016,OH,Hydroelectric,128.6,2.8,69.3,89.9,12.47,9.97,6.98
2016,OH,Natural Gas,11059.9,2.8,69.3,89.9,12.47,9.97,6.98
2016,OH,Nuclear,2236.8,2.8,69.3,89.9,12.47,9.97,6.98
2016,OH,Other,53.0,2.8,69.3,89.9,12.47,9.97,6.98
2016,OH,Other Biomass,99.0,2.8,69.3,89.9,12.47,9.97,6.98
2016,OH,Other Gases,222.5,2.8,69.3,89.9,12.47,9.97,6.98
2016,OH,Petroleum,870.4000000000001,2.8,69.3,89.9,12.47,9.97,6.98
2016,OH,Solar Thermal and Photovoltaic,48.800000000000004,2.8,69.3,89.9,12.47,9.97,6.98
2016,OH,Wind,533.9,2.8,69.3,89.9,12.47,9.97,6.98
2016,OH,Wood and Wood Derived Fuels,80.5,2.8,69.3,89.9,12.47,9.97,6.98
2016,OK,Coal,5371.0,26.7,34.2,72.4,10.2,7.66,5.02
2016,OK,Hydroelectric,809.3,26.7,34.2,72.4,10.2,7.66,5.02
2016,OK,Natural Gas,15053.300000000001,26.7,34.2,72.4,10.2,7.66,5.02
2016,OK,Other Biomass,20.0,26.7,34.2,72.4,10.2,7.66,5.02
2016,OK,Petroleum,80.3,26.7,34.2,72.4,10.2,7.66,5.02
2016,OK,Pumped Storage,259.2,26.7,34.2,72.4,10.2,7.66,5.02
2016,OK,Solar Thermal and Photovoltaic,2.5,26.7,34.2,72.4,10.2,7.66,5.02
2016,OK,Wind,6654.8,26.7,34.2,72.4,10.2,7.66,5.02
2016,OK,Wood and Wood Derived Fuels,68.0,26.7,34.2,72.4,10.2,7.66,5.02
2016,OR,Coal,642.2,70.9,21.7,29.1,10.66,8.91,6.05
2016,OR,Geothermal,36.7,70.9,21.7,29.1,10.66,8.91,6.05
2016,OR,Hydroelectric,8451.0,70.9,21.7,29.1,10.66,8.91,6.05
2016,OR,Natural Gas,4330.7,70.9,21.7,29.1,10.66,8.91,6.05
2016,OR,Other,5.0,70.9,21.7,29.1,10.66,8.91,6.05
2016,OR,Other Biomass,58.1,70.9,21.7,29.1,10.66,8.91,6.05
2016,OR,Solar Thermal and Photovoltaic,99.9,70.9,21.7,29.1,10.66,8.91,6.05
2016,OR,Wind,3161.2,70.9,21.7,29.1,10.66,8.91,6.05
2016,OR,Wood and Wood Derived Fuels,294.1,70.9,21.7,29.1,10.66,8.91,6.05
2016,PA,Coal,14155.0,6.2,94.7,68.7,13.86,9.22,6.92
2016,PA,Hydroelectric,919.5,6.2,94.7,68.7,13.86,9.22,6.92
2016,PA,Natural Gas,16717.2,6.2,94.7,68.7,13.86,9.22,6.92
2016,PA,Nuclear,10485.2,6.2,94.7,68.7,13.86,9.22,6.92
2016,PA,Other,50.4,6.2,94.7,68.7,13.86,9.22,6.92
2016,PA,Other Biomass,509.8,6.2,94.7,68.7,13.86,9.22,6.92
2016,PA,Other Gases,116.0,6.2,94.7,68.7,13.86,9.22,6.92
2016,PA,Petroleum,2160.1,6.2,94.7,68.7,13.86,9.22,6.92
2016,PA,Pumped Storage,1541.0,6.2,94.7,68.7,13.86,9.22,6.92
2016,PA,Solar Thermal and Photovoltaic,54.199999999999996,6.2,94.7,68.7,13.86,9.22,6.92
2016,PA,Wind,1373.4,6.2,94.7,68.7,13.86,9.22,6.92
2016,PA,Wood and Wood Derived Fuels,144.1,6.2,94.7,68.7,13.86,9.22,6.92
2016,RI,Hydroelectric,2.8,5.0,98.4,95.0,18.62,14.88,13.48
2016,RI,Natural Gas,1973.1000000000001,5.0,98.4,95.0,18.62,14.88,13.48
2016,RI,Other Biomass,40.4,5.0,98.4,95.0,18.62,14.88,13.48
2016,RI,Petroleum,16.4,5.0,98.4,95.0,18.62,14.88,13.48
2016,RI,Solar Thermal and Photovoltaic,10.2,5.0,98.4,95.0,18.62,14.88,13.48
2016,RI,Wind,51.0,5.0,98.4,95.0,18.62,14.88,13.48
2016,SC,Coal,5526.9,8.1,4.3,53.4,12.65,10.28,6.09
2016,SC,Hydroelectric,1397.2,8.1,4.3,53.4,12.65,10.28,6.09
2016,SC,Natural Gas,6974.7,8.1,4.3,53.4,12.65,10.28,6.09
2016,SC,Nuclear,6875.1,8.1,4.3,53.4,12.65,10.28,6.09
2016,SC,Other Biomass,49.7,8.1,4.3,53.4,12.65,10.28,6.09
2016,SC,Petroleum,704.1999999999999,8.1,4.3,53.4,12.65,10.28,6.09
2016,SC,Pumped Storage,2657.2,8.1,4.3,53.4,12.65,10.28,6.09
2016,SC,Solar Thermal and Photovoltaic,19.3,8.1,4.3,53.4,12.65,10.28,6.09
2016,SC,Wood and Wood Derived Fuels,533.8,8.1,4.3,53.4,12.65,10.28,6.09
2016,SD,Coal,450.0,58.3,16.0,41.7,11.47,9.58,7.57
2016,SD,Hydroelectric,1734.4,58.3,16.0,41.7,11.47,9.58,7.57
2016,SD,Natural Gas,1207.0,58.3,16.0,41.7,11.47,9.58,7.57
2016,SD,Petroleum,292.4,58.3,16.0,41.7,11.47,9.58,7.57
2016,SD,Solar Thermal and Photovoltaic,1.0,58.3,16.0,41.7,11.47,9.58,7.57
2016,SD,Wind,987.8000000000001,58.3,16.0,41.7,11.47,9.58,7.57
2016,TN,Coal,8126.5,11.6,0.5,60.6,10.41,10.19,5.68
2016,TN,Hydroelectric,2499.4,11.6,0.5,60.6,10.41,10.19,5.68
2016,TN,Natural Gas,6452.999999999999,11.6,0.5,60.6,10.41,10.19,5.68
2016,TN,Nuclear,4980.8,11.6,0.5,60.6,10.41,10.19,5.68
2016,TN,Other Biomass,14.6,11.6,0.5,60.6,10.41,10.19,5.68
2016,TN,Petroleum,47.6,11.6,0.5,60.6,10.41,10.19,5.68
2016,TN,Pumped Storage,1713.6,11.6,0.5,60.6,10.41,10.19,5.68
2016,TN,Solar Thermal and Photovoltaic,72.60000000000001,11.6,0.5,60.6,10.41,10.19,5.68
2016,TN,Wind,28.8,11.6,0.5,60.6,10.41,10.19,5.68
2016,TN,Wood and Wood Derived Fuels,185.7,11.6,0.5,60.6,10.41,10.19,5.68
2016,TX,Coal,24862.4,17.1,61.0,78.7,10.99,8.26,5.33
2016,TX,Hydroelectric,708.6,17.1,61.0,78.7,10.99,8.26,5.33
2016,TX,Natural Gas,76032.7,17.1,61.0,78.7,10.99,8.26,5.33
2016,TX,Nuclear,5138.6,17.1,61.0,78.7,10.99,8.26,5.33
2016,TX,Other,296.9,17.1,61.0,78.7,10.99,8.26,5.33
2016,TX,Other Biomass,124.5,17.1,61.0,78.7,10.99,8.26,5.33
2016,TX,Other Gases,277.1,17.1,61.0,78.7,10.99,8.26,5.33
2016,TX,Petroleum,122.5,17.1,61.0,78.7,10.99,8.26,5.33
2016,TX,Solar Thermal and Photovoltaic,584.8,17.1,61.0,78.7,10.99,8.26,5.33
2016,TX,Wind,20187.8,17.1,61.0,78.7,10.99,8.26,5.33
2016,TX,Wood and Wood Derived Fuels,339.6,17.1,61.0,78.7,10.99,8.26,5.33
2016,US,Coal,290426.3,17.3,37.6,71.8,12.55,10.43,6.76
2016,US,Geothermal,3804.6,17.3,37.6,71.8,12.55,10.43,6.76
2016,US,Hydroelectric,79376.3,17.3,37.6,71.8,12.55,10.43,6.76
2016,US,Natural Gas,512528.2,17.3,37.6,71.8,12.55,10.43,6.76
2016,US,Nuclear,104791.1,17.3,37.6,71.8,12.55,10.43,6.76
2016,US,Other,2243.5,17.3,37.6,71.8,12.55,10.43,6.76
2016,US,Other Biomass,5829.599999999999,17.3,37.6,71.8,12.55,10.43,6.76
2016,US,Other Gases,2759.0,17.3,37.6,71.8,12.55,10.43,6.76
2016,US,Petroleum,39447.799999999996,17.3,37.6,71.8,12.55,10.43,6.76
2016,US,Pumped Storage,21643.3,17.3,37.6,71.8,12.55,10.43,6.76
2016,US,Solar Thermal and Photovoltaic,22121.899999999998,17.3,37.6,71.8,12.55,10.43,6.76
2016,US,Wind,82048.0,17.3,37.6,71.8,12.55,10.43,6.76
2016,US,Wood and Wood Derived Fuels,10163.7,17.3,37.6,71.8,12.55,10.43,6.76
2016,UT,Coal,4894.1,16.4,16.1,83.2,11.02,8.75,6.33
2016,UT,Geothermal,83.8,16.4,16.1,83.2,11.02,8.75,6.33
2016,UT,Hydroelectric,262.1,16.4,16.1,83.2,11.02,8.75,6.33
2016,UT,Natural Gas,3228.5999999999995,16.4,16.1,83.2,11.02,8.75,6.33
2016,UT,Other,41.3,16.4,16.1,83.2,11.02,8.75,6.33
2016,UT,Other Biomass,15.1,16.4,16.1,83.2,11.02,8.75,6.33
2016,UT,Petroleum,29.3,16.4,16.1,83.2,11.02,8.75,6.33
2016,UT,Solar Thermal and Photovoltaic,855.8,16.4,16.1,83.2,11.02,8.75,6.33
2016,UT,Wind,388.2,16.4,16.1,83.2,11.02,8.75,6.33
2016,VA,Coal,4054.9,7.0,12.0,69.2,11.36,7.93,6.56
2016,VA,Hydroelectric,822.4,7.0,12.0,69.2,11.36,7.93,6.56
2016,VA,Natural Gas,12794.6,7.0,12.0,69.2,11.36,7.93,6.56
2016,VA,Nuclear,3654.4,7.0,12.0,69.2,11.36,7.93,6.56
2016,VA,Other Biomass,356.4,7.0,12.0,69.2,11.36,7.93,6.56
2016,VA,Petroleum,2757.6000000000004,7.0,12.0,69.2,11.36,7.93,6.56
2016,VA,Pumped Storage,3109.3,7.0,12.0,69.2,11.36,7.93,6.56
2016,VA,Solar Thermal and Photovoltaic,139.0,7.0,12.0,69.2,11.36,7.93,6.56
2016,VA,Wood and Wood Derived Fuels,661.8,7.0,12.0,69.2,11.36,7.93,6.56
2016,VT,Hydroelectric,327.4,81.6,43.4,18.1,17.37,14.54,10.23
2016,VT,Other,2.0,81.6,43.4,18.1,17.37,14.54,10.23
2016,VT,Other Biomass,3.2,81.6,43.4,18.1,17.37,14.54,10.23
2016,VT,Petroleum,132.9,81.6,43.4,18.1,17.37,14.54,10.23
2016,VT,Solar Thermal and Photovoltaic,66.0,81.6,43.4,18.1,17.37,14.54,10.23
2016,VT,Wind,121.0,81.6,43.4,18.1,17.37,14.54,10.23
2016,VT,Wood and Wood Derived Fuels,82.4,81.6,43.4,18.1,17.37,14.54,10.23
2016,WA,Coal,1459.8,77.6,12.8,17.6,9.48,8.43,4.43
2016,WA,Hydroelectric,21123.0,77.6,12.8,17.6,9.48,8.43,4.43
2016,WA,Natural Gas,4116.400000000001,77.6,12.8,17.6,9.48,8.43,4.43
2016,WA,Nuclear,1200.0,77.6,12.8,17.6,9.48,8.43,4.43
2016,WA,Other,5.2,77.6,12.8,17.6,9.48,8.43,4.43
2016,WA,Other Biomass,77.0,77.6,12.8,17.6,9.48,8.43,4.43
2016,WA,Petroleum,15.5,77.6,12.8,17.6,9.48,8.43,4.43
2016,WA,Pumped Storage,314.0,77.6,12.8,17.6,9.48,8.43,4.43
2016,WA,Solar Thermal and Photovoltaic,0.5,77.6,12.8,17.6,9.48,8.43,4.43
2016,WA,Wind,3074.0,77.6,12.8,17.6,9.48,8.43,4.43
2016,WA,Wood and Wood Derived Fuels,407.4,77.6,12.8,17.6,9.48,8.43,4.43
2016,WI,Coal,7744.7,8.5,11.4,84.7,14.07,10.77,7.5
2016,WI,Hydroelectric,536.9,8.5,11.4,84.7,14.07,10.77,7.5
2016,WI,Natural Gas,7621.0,8.5,11.4,84.7,14.07,10.77,7.5
2016,WI,Nuclear,1286.0,8.5,11.4,84.7,14.07,10.77,7.5
2016,WI,Other,20.8,8.5,11.4,84.7,14.07,10.77,7.5
2016,WI,Other Biomass,112.7,8.5,11.4,84.7,14.07,10.77,7.5
2016,WI,Petroleum,795.4000000000001,8.5,11.4,84.7,14.07,10.77,7.5
2016,WI,Solar Thermal and Photovoltaic,3.1,8.5,11.4,84.7,14.07,10.77,7.5
2016,WI,Wind,637.5,8.5,11.4,84.7,14.07,10.77,7.5
2016,WI,Wood and Wood Derived Fuels,325.6,8.5,11.4,84.7,14.07,10.77,7.5
2016,WV,Coal,13510.899999999998,6.6,24.0,93.0,11.44,9.35,6.57
2016,WV,Hydroelectric,370.6,6.6,24.0,93.0,11.44,9.35,6.57
2016,WV,Natural Gas,1339.4,6.6,24.0,93.0,11.44,9.35,6.57
2016,WV,Other,65.5,6.6,24.0,93.0,11.44,9.35,6.57
2016,WV,Petroleum,18.5,6.6,24.0,93.0,11.44,9.35,6.57
2016,WV,Wind,686.3,6.6,24.0,93.0,11.44,9.35,6.57
2016,WY,Coal,7254.1,18.9,9.9,81.0,11.13,9.4,6.92
2016,WY,Hydroelectric,303.4,18.9,9.9,81.0,11.13,9.4,6.92
2016,WY,Natural Gas,306.4,18.9,9.9,81.0,11.13,9.4,6.92
2016,WY,Other,11.5,18.9,9.9,81.0,11.13,9.4,6.92
2016,WY,Other Gases,111.7,18.9,9.9,81.0,11.13,9.4,6.92
2016,WY,Petroleum,5.800000000000001,18.9,9.9,81.0,11.13,9.4,6.92
2016,WY,Wind,1487.3,18.9,9.9,81.0,11.13,9.4,6.92
2017,AK,Coal,175.5,18.1,0.7,80.3,21.27,18.89,16.34
2017,AK,Hydroelectric,475.5,18.1,0.7,80.3,21.27,18.89,16.34
2017,AK,Natural Gas,1424.3999999999999,18.1,0.7,80.3,21.27,18.89,16.34
2017,AK,Other,46.2,18.1,0.7,80.3,21.27,18.89,16.34
2017,AK,Other Biomass,11.5,18.1,0.7,80.3,21.27,18.89,16.34
2017,AK,Petroleum,826.7,18.1,0.7,80.3,21.27,18.89,16.34
2017,AK,Wind,60.6,18.1,0.7,80.3,21.27,18.89,16.34
2017,AL,Coal,5719.2,12.9,26.1,70.4,12.55,11.6,6.16
2017,AL,Hydroelectric,3106.7,12.9,26.1,70.4,12.55,11.6,6.16
2017,AL,Natural Gas,16334.599999999999,12.9,26.1,70.4,12.55,11.6,6.16
2017,AL,Nuclear,5270.4,12.9,26.1,70.4,12.55,11.6,6.16
2017,AL,Other,1.0,12.9,26.1,70.4,12.55,11.6,6.16
2017,AL,Other Biomass,6.4,12.9,26.1,70.4,12.55,11.6,6.16
2017,AL,Other Gases,28.8,12.9,26.1,70.4,12.55,11.6,6.16
2017,AL,Petroleum,47.800000000000004,12.9,26.1,70.4,12.55,11.6,6.16
2017,AL,Solar Thermal and Photovoltaic,182.2,12.9,26.1,70.4,12.55,11.6,6.16
2017,AL,Wood and Wood Derived Fuels,756.7,12.9,26.1,70.4,12.55,11.6,6.16
2017,AR,Coal,5487.0,10.6,4.7,77.9,10.28,8.51,6.07
2017,AR,Hydroelectric,1320.9,10.6,4.7,77.9,10.28,8.51,6.07
2017,AR,Natural Gas,7229.400000000001,10.6,4.7,77.9,10.28,8.51,6.07
2017,AR,Nuclear,1845.0,10.6,4.7,77.9,10.28,8.51,6.07
2017,AR,Other Biomass,28.1,10.6,4.7,77.9,10.28,8.51,6.07
2017,AR,Petroleum,12.3,10.6,4.7,77.9,10.28,8.51,6.07
2017,AR,Pumped Storage,28.0,10.6,4.7,77.9,10.28,8.51,6.07
2017,AR,Solar Thermal and Photovoltaic,19.0,10.6,4.7,77.9,10.28,8.51,6.07
2017,AR,Wood and Wood Derived Fuels,363.1,10.6,4.7,77.9,10.28,8.51,6.07
2017,AZ,Coal,6244.8,15.8,25.1,70.4,12.44,10.5,6.45
2017,AZ,Hydroelectric,2718.0,15.8,25.1,70.4,12.44,10.5,6.45
2017,AZ,Natural Gas,16264.7,15.8,25.1,70.4,12.44,10.5,6.45
2017,AZ,Nuclear,4209.6,15.8,25.1,70.4,12.44,10.5,6.45
2017,AZ,Other,20.0,15.8,25.1,70.4,12.44,10.5,6.45
2017,AZ,Other Biomass,6.0,15.8,25.1,70.4,12.44,10.5,6.45
2017,AZ,Petroleum,128.3,15.8,25.1,70.4,12.44,10.5,6.45
2017,AZ,Pumped Storage,194.1,15.8,25.1,70.4,12.44,10.5,6.45
2017,AZ,Solar Thermal and Photovoltaic,2058.6,15.8,25.1,70.4,12.44,10.5,6.45
2017,AZ,Wind,267.3,15.8,25.1,70.4,12.44,10.5,6.45
2017,AZ,Wood and Wood Derived Fuels,30.2,15.8,25.1,70.4,12.44,10.5,6.45
2017,CA,Coal,62.5,37.7,54.7,54.5,18.31,15.76,12.73
2017,CA,Geothermal,2788.0,37.7,54.7,54.5,18.31,15.76,12.73
2017,CA,Hydroelectric,10061.1,37.7,54.7,54.5,18.31,15.76,12.73
2017,CA,Natural Gas,43423.8,37.7,54.7,54.5,18.31,15.76,12.73
2017,CA,Nuclear,2323.0,37.7,54.7,54.5,18.31,15.76,12.73
2017,CA,Other,275.2,37.7,54.7,54.5,18.31,15.76,12.73
2017,CA,Other Biomass,590.9000000000001,37.7,54.7,54.5,18.31,15.76,12.73
2017,CA,Other Gases,270.1,37.7,54.7,54.5,18.31,15.76,12.73
2017,CA,Petroleum,575.1,37.7,54.7,54.5,18.31,15.76,12.73
2017,CA,Pumped Storage,3745.6,37.7,54.7,54.5,18.31,15.76,12.73
2017,CA,Solar Thermal and Photovoltaic,10457.5,37.7,54.7,54.5,18.31,15.76,12.73
2017,CA,Wind,5871.8,37.7,54.7,54.5,18.31,15.76,12.73
2017,CA,Wood and Wood Derived Fuels,832.8000000000001,37.7,54.7,54.5,18.31,15.76,12.73
2017,CO,Coal,4948.5,24.1,32.7,73.0,12.17,9.89,7.5
2017,CO,Hydroelectric,672.3,24.1,32.7,73.0,12.17,9.89,7.5
2017,CO,Natural Gas,7822.4,24.1,32.7,73.0,12.17,9.89,7.5
2017,CO,Other,11.6,24.1,32.7,73.0,12.17,9.89,7.5
2017,CO,Other Biomass,21.4,24.1,32.7,73.0,12.17,9.89,7.5
2017,CO,Petroleum,202.7,24.1,32.7,73.0,12.17,9.89,7.5
2017,CO,Pumped Storage,508.5,24.1,32.7,73.0,12.17,9.89,7.5
2017,CO,Solar Thermal and Photovoltaic,462.1,24.1,32.7,73.0,12.17,9.89,7.5
2017,CO,Wind,3107.2000000000003,24.1,32.7,73.0,12.17,9.89,7.5
2017,CO,Wood and Wood Derived Fuels,12.6,24.1,32.7,73.0,12.17,9.89,7.5
2017,CT,Coal,400.0,4.3,94.3,69.6,20.29,16.06,13.1
2017,CT,Hydroelectric,118.5,4.3,94.3,69.6,20.29,16.06,13.1
2017,CT,Natural Gas,3968.4,4.3,94.3,69.6,20.29,16.06,13.1
2017,CT,Nuclear,2162.9,4.3,94.3,69.6,20.29,16.06,13.1
2017,CT,Other,332.9,4.3,94.3,69.6,20.29,16.06,13.1
2017,CT,Other Biomass,211.3,4.3,94.3,69.6,20.29,16.06,13.1
2017,CT,Petroleum,2356.8,4.3,94.3,69.6,20.29,16.06,13.1
2017,CT,Pumped Storage,31.0,4.3,94.3,69.6,20.29,16.06,13.1
2017,CT,Solar Thermal and Photovoltaic,33.8,4.3,94.3,69.6,20.29,16.06,13.1
2017,CT,Wind,5.0,4.3,94.3,69.6,20.29,16.06,13.1
2017,CT,Wood and Wood Derived Fuels,43.0,4.3,94.3,69.6,20.29,16.06,13.1
2017,DC,Natural Gas,10.8,69.9,,30.1,12.94,11.66,8.23
2017,DC,Other Biomass,25.1,69.9,,30.1,12.94,11.66,8.23
2017,DE,Coal,445.5,1.3,84.8,98.7,13.35,9.89,7.78
2017,DE,Natural Gas,2838.6,1.3,84.8,98.7,13.35,9.89,7.78
2017,DE,Other Biomass,12.2,1.3,84.8,98.7,13.35,9.89,7.78
2017,DE,Other Gases,140.0,1.3,84.8,98.7,13.35,9.89,7.78
2017,DE,Petroleum,121.6,1.3,84.8,98.7,13.35,9.89,7.78
2017,DE,Solar Thermal and Photovoltaic,32.0,1.3,84.8,98.7,13.35,9.89,7.78
2017,DE,Wind,2.0,1.3,84.8,98.7,13.35,9.89,7.78
2017,FL,Coal,10956.9,3.1,7.7,90.6,11.61,9.35,7.83
2017,FL,Hydroelectric,55.7,3.1,7.7,90.6,11.61,9.35,7.83
2017,FL,Natural Gas,44266.3,3.1,7.7,90.6,11.61,9.35,7.83
2017,FL,Nuclear,3797.2,3.1,7.7,90.6,11.61,9.35,7.83
2017,FL,Other,402.3,3.1,7.7,90.6,11.61,9.35,7.83
2017,FL,Other Biomass,981.0,3.1,7.7,90.6,11.61,9.35,7.83
2017,FL,Petroleum,5796.7,3.1,7.7,90.6,11.61,9.35,7.83
2017,FL,Solar Thermal and Photovoltaic,517.6999999999999,3.1,7.7,90.6,11.61,9.35,7.83
2017,FL,Wood and Wood Derived Fuels,560.5,3.1,7.7,90.6,11.61,9.35,7.83
2017,GA,Coal,10109.7,10.4,20.9,75.3,11.9,10.09,5.96
2017,GA,Hydroelectric,2175.7999999999997,10.4,20.9,75.3,11.9,10.09,5.96
2017,GA,Natural Gas,18717.4,10.4,20.9,75.3,11.9,10.09,5.96
2017,GA,Nuclear,4041.8,10.4,20.9,75.3,11.9,10.09,5.96
2017,GA,Other,46.0,10.4,20.9,75.3,11.9,10.09,5.96
2017,GA,Other Biomass,63.1,10.4,20.9,75.3,11.9,10.09,5.96
2017,GA,Petroleum,1156.8000000000002,10.4,20.9,75.3,11.9,10.09,5.96
2017,GA,Pumped Storage,1634.6,10.4,20.9,75.3,11.9,10.09,5.96
2017,GA,Solar Thermal and Photovoltaic,985.9000000000001,10.4,20.9,75.3,11.9,10.09,5.96
2017,GA,Wood and Wood Derived Fuels,898.6,10.4,20.9,75.3,11.9,10.09,5.96
2017,HI,Coal,203.0,20.6,15.2,76.6,29.5,26.77,22.92
2017,HI,Geothermal,51.0,20.6,15.2,76.6,29.5,26.77,22.92
2017,HI,Hydroelectric,27.1,20.6,15.2,76.6,29.5,26.77,22.92
2017,HI,Other,83.6,20.6,15.2,76.6,29.5,26.77,22.92
2017,HI,Other Biomass,229.6,20.6,15.2,76.6,29.5,26.77,22.92
2017,HI,Other Gases,6.0,20.6,15.2,76.6,29.5,26.77,22.92
2017,HI,Petroleum,2062.5,20.6,15.2,76.6,29.5,26.77,22.92
2017,HI,Solar Thermal and Photovoltaic,98.3,20.6,15.2,76.6,29.5,26.77,22.92
2017,HI,Wind,205.6,20.6,15.2,76.6,29.5,26.77,22.92
2017,IA,Coal,5994.5,38.1,16.9,58.3,12.34,9.46,6.21
2017,IA,Hydroelectric,129.2,38.1,16.9,58.3,12.34,9.46,6.21
2017,IA,Natural Gas,4163.7,38.1,16.9,58.3,12.34,9.46,6.21
2017,IA,Nuclear,679.5,38.1,16.9,58.3,12.34,9.46,6.21
2017,IA,Other Biomass,21.4,38.1,16.9,58.3,12.34,9.46,6.21
2017,IA,Petroleum,938.2,38.1,16.9,58.3,12.34,9.46,6.21
2017,IA,Solar Thermal and Photovoltaic,7.7,38.1,16.9,58.3,12.34,9.46,6.21
2017,IA,Wind,7094.9,38.1,16.9,58.3,12.34,9.46,6.21
2017,ID,Coal,10.2,75.1,33.3,24.6,10.04,7.98,6.66
2017,ID,Geothermal,18.0,75.1,33.3,24.6,10.04,7.98,6.66
2017,ID,Hydroelectric,2540.7999999999997,75.1,33.3,24.6,10.04,7.98,6.66
2017,ID,Natural Gas,1264.4,75.1,33.3,24.6,10.04,7.98,6.66
2017,ID,Other,15.9,75.1,33.3,24.6,10.04,7.98,6.66
2017,ID,Other Biomass,23.7,75.1,33.3,24.6,10.04,7.98,6.66
2017,ID,Petroleum,5.0,75.1,33.3,24.6,10.04,7.98,6.66
2017,ID,Solar Thermal and Photovoltaic,240.0,75.1,33.3,24.6,10.04,7.98,6.66
2017,ID,Wind,974.4,75.1,33.3,24.6,10.04,7.98,6.66
2017,ID,Wood and Wood Derived Fuels,106.2,75.1,33.3,24.6,10.04,7.98,6.66
2017,IL,Coal,15665.499999999998,8.8,87.6,66.4,12.95,9.09,6.47
2017,IL,Hydroelectric,39.7,8.8,87.6,66.4,12.95,9.09,6.47
2017,IL,Natural Gas,17349.199999999997,8.8,87.6,66.4,12.95,9.09,6.47
2017,IL,Nuclear,12415.1,8.8,87.6,66.4,12.95,9.09,6.47
2017,IL,Other,190.4,8.8,87.6,66.4,12.95,9.09,6.47
2017,IL,Other Biomass,133.1,8.8,87.6,66.4,12.95,9.09,6.47
2017,IL,Other Gases,39.7,8.8,87.6,66.4,12.95,9.09,6.47
2017,IL,Petroleum,796.0,8.8,87.6,66.4,12.95,9.09,6.47
2017,IL,Solar Thermal and Photovoltaic,35.1,8.8,87.6,66.4,12.95,9.09,6.47
2017,IL,Wind,4286.5,8.8,87.6,66.4,12.95,9.09,6.47
2017,IN,Coal,17579.899999999998,8.6,12.9,91.0,12.29,10.54,7.54
2017,IN,Hydroelectric,92.1,8.6,12.9,91.0,12.29,10.54,7.54
2017,IN,Natural Gas,7759.2,8.6,12.9,91.0,12.29,10.54,7.54
2017,IN,Other,117.6,8.6,12.9,91.0,12.29,10.54,7.54
2017,IN,Other Biomass,80.0,8.6,12.9,91.0,12.29,10.54,7.54
2017,IN,Other Gases,696.2,8.6,12.9,91.0,12.29,10.54,7.54
2017,IN,Petroleum,285.70000000000005,8.6,12.9,91.0,12.29,10.54,7.54
2017,IN,Solar Thermal and Photovoltaic,196.8,8.6,12.9,91.0,12.29,10.54,7.54
2017,IN,Wind,2109.4,8.6,12.9,91.0,12.29,10.54,7.54
2017,KS,Coal,4946.7,29.9,26.5,62.8,13.31,10.59,7.54
2017,KS,Hydroelectric,7.0,29.9,26.5,62.8,13.31,10.59,7.54
2017,KS,Natural Gas,5241.4,29.9,26.5,62.8,13.31,10.59,7.54
2017,KS,Nuclear,1267.7,29.9,26.5,62.8,13.31,10.59,7.54
2017,KS,Other,2.0,29.9,26.5,62.8,13.31,10.59,7.54
2017,KS,Other Biomass,9.2,29.9,26.5,62.8,13.31,10.59,7.54
2017,KS,Petroleum,643.6,29.9,26.5,62.8,13.31,10.59,7.54
2017,KS,Solar Thermal and Photovoltaic,4.0,29.9,26.5,62.8,13.31,10.59,7.54
2017,KS,Wind,5132.6,29.9,26.5,62.8,13.31,10.59,7.54
2017,KY,Coal,14193.7,5.2,4.8,94.8,10.85,9.85,5.72
2017,KY,Hydroelectric,1092.5,5.2,4.8,94.8,10.85,9.85,5.72
2017,KY,Natural Gas,8486.9,5.2,4.8,94.8,10.85,9.85,5.72
2017,KY,Other Biomass,20.400000000000002,5.2,4.8,94.8,10.85,9.85,5.72
2017,KY,Petroleum,11.5,5.2,4.8,94.8,10.85,9.85,5.72
2017,KY,Solar Thermal and Photovoltaic,26.3,5.2,4.8,94.8,10.85,9.85,5.72
2017,KY,Wood and Wood Derived Fuels,93.0,5.2,4.8,94.8,10.85,9.85,5.72
2017,LA,Coal,3170.2,2.7,11.6,88.0,9.74,8.95,5.48
2017,LA,Hydroelectric,192.0,2.7,11.6,88.0,9.74,8.95,5.48
2017,LA,Natural Gas,19782.300000000003,2.7,11.6,88.0,9.74,8.95,5.48
2017,LA,Nuclear,2235.7,2.7,11.6,88.0,9.74,8.95,5.48
2017,LA,Other,364.4,2.7,11.6,88.0,9.74,8.95,5.48
2017,LA,Other Biomass,15.1,2.7,11.6,88.0,9.74,8.95,5.48
2017,LA,Other Gases,475.9,2.7,11.6,88.0,9.74,8.95,5.48
2017,LA,Petroleum,1044.2,2.7,11.6,88.0,9.74,8.95,5.48
2017,LA,Solar Thermal and Photovoltaic,1.1,2.7,11.6,88.0,9.74,8.95,5.48
2017,LA,Wood and Wood Derived Fuels,541.4,2.7,11.6,88.0,9.74,8.95,5.48
2017,MA,Hydroelectric,270.4,10.3,83.5,73.2,20.06,15.94,13.88
2017,MA,Natural Gas,6965.1,10.3,83.5,73.2,20.06,15.94,13.88
2017,MA,Nuclear,670.0,10.3,83.5,73.2,20.06,15.94,13.88
2017,MA,Other,3.0,10.3,83.5,73.2,20.06,15.94,13.88
2017,MA,Other Biomass,342.6,10.3,83.5,73.2,20.06,15.94,13.88
2017,MA,Petroleum,2857.3,10.3,83.5,73.2,20.06,15.94,13.88
2017,MA,Pumped Storage,1540.0,10.3,83.5,73.2,20.06,15.94,13.88
2017,MA,Solar Thermal and Photovoltaic,652.8,10.3,83.5,73.2,20.06,15.94,13.88
2017,MA,Wind,93.0,10.3,83.5,73.2,20.06,15.94,13.88
2017,MA,Wood and Wood Derived Fuels,18.0,10.3,83.5,73.2,20.06,15.94,13.88
2017,MD,Coal,5126.8,7.4,93.3,79.8,13.96,10.75,8.37
2017,MD,Hydroelectric,550.8,7.4,93.3,79.8,13.96,10.75,8.37
2017,MD,Natural Gas,5052.099999999999,7.4,93.3,79.8,13.96,10.75,8.37
2017,MD,Nuclear,1828.7,7.4,93.3,79.8,13.96,10.75,8.37
2017,MD,Other,13.0,7.4,93.3,79.8,13.96,10.75,8.37
2017,MD,Other Biomass,158.4,7.4,93.3,79.8,13.96,10.75,8.37
2017,MD,Petroleum,1387.3,7.4,93.3,79.8,13.96,10.75,8.37
2017,MD,Solar Thermal and Photovoltaic,174.7,7.4,93.3,79.8,13.96,10.75,8.37
2017,MD,Wind,190.0,7.4,93.3,79.8,13.96,10.75,8.37
2017,MD,Wood and Wood Derived Fuels,3.8,7.4,93.3,79.8,13.96,10.75,8.37
2017,ME,Hydroelectric,714.8,46.2,79.0,53.1,15.97,12.12,9.2
2017,ME,Natural Gas,1851.1999999999998,46.2,79.0,53.1,15.97,12.12,9.2
2017,ME,Other,38.7,46.2,79.0,53.1,15.97,12.12,9.2
2017,ME,Other Biomass,50.1,46.2,79.0,53.1,15.97,12.12,9.2
2017,ME,Petroleum,917.6,46.2,79.0,53.1,15.97,12.12,9.2
2017,ME,Solar Thermal and Photovoltaic,5.6,46.2,79.0,53.1,15.97,12.12,9.2
2017,ME,Wind,921.6,46.2,79.0,53.1,15.97,12.12,9.2
2017,ME,Wood and Wood Derived Fuels,719.0,46.2,79.0,53.1,15.97,12.12,9.2
2017,MI,Coal,10132.2,9.0,11.9,71.4,15.4,11.0,7.19
2017,MI,Hydroelectric,361.6,9.0,11.9,71.4,15.4,11.0,7.19
2017,MI,Natural Gas,11987.9,9.0,11.9,71.4,15.4,11.0,7.19
2017,MI,Nuclear,4314.1,9.0,11.9,71.4,15.4,11.0,7.19
2017,MI,Other Biomass,238.70000000000002,9.0,11.9,71.4,15.4,11.0,7.19
2017,MI,Other Gases,250.0,9.0,11.9,71.4,15.4,11.0,7.19
2017,MI,Petroleum,599.7,9.0,11.9,71.4,15.4,11.0,7.19
2017,MI,Pumped Storage,1978.8,9.0,11.9,71.4,15.4,11.0,7.19
2017,MI,Solar Thermal and Photovoltaic,73.0,9.0,11.9,71.4,15.4,11.0,7.19
2017,MI,Wind,1857.9,9.0,11.9,71.4,15.4,11.0,7.19
2017,MI,Wood and Wood Derived Fuels,374.6,9.0,11.9,71.4,15.4,11.0,7.19
2017,MN,Coal,4655.7,26.9,24.0,62.6,13.04,10.48,7.37
2017,MN,Hydroelectric,215.3,26.9,24.0,62.6,13.04,10.48,7.37
2017,MN,Natural Gas,5758.6,26.9,24.0,62.6,13.04,10.48,7.37
2017,MN,Nuclear,1871.2,26.9,24.0,62.6,13.04,10.48,7.37
2017,MN,Other,23.2,26.9,24.0,62.6,13.04,10.48,7.37
2017,MN,Other Biomass,212.39999999999998,26.9,24.0,62.6,13.04,10.48,7.37
2017,MN,Petroleum,917.2,26.9,24.0,62.6,13.04,10.48,7.37
2017,MN,Solar Thermal and Photovoltaic,505.6,26.9,24.0,62.6,13.04,10.48,7.37
2017,MN,Wind,3572.8,26.9,24.0,62.6,13.04,10.48,7.37
2017,MN,Wood and Wood Derived Fuels,371.8,26.9,24.0,62.6,13.04,10.48,7.37
2017,MO,Coal,11982.6,6.4,6.9,85.9,11.63,9.47,7.33
2017,MO,Hydroelectric,506.0,6.4,6.9,85.9,11.63,9.47,7.33
2017,MO,Natural Gas,7251.7,6.4,6.9,85.9,11.63,9.47,7.33
2017,MO,Nuclear,1235.8,6.4,6.9,85.9,11.63,9.47,7.33
2017,MO,Other,2.2,6.4,6.9,85.9,11.63,9.47,7.33
2017,MO,Other Biomass,17.2,6.4,6.9,85.9,11.63,9.47,7.33
2017,MO,Petroleum,1278.8000000000002,6.4,6.9,85.9,11.63,9.47,7.33
2017,MO,Pumped Storage,600.4,6.4,6.9,85.9,11.63,9.47,7.33
2017,MO,Solar Thermal and Photovoltaic,48.6,6.4,6.9,85.9,11.63,9.47,7.33
2017,MO,Wind,959.4,6.4,6.9,85.9,11.63,9.47,7.33
2017,MS,Coal,2010.3,2.6,8.8,89.3,11.08,10.17,5.99
2017,MS,Natural Gas,13847.8,2.6,8.8,89.3,11.08,10.17,5.99
2017,MS,Nuclear,1440.0,2.6,8.8,89.3,11.08,10.17,5.99
2017,MS,Other,1.6,2.6,8.8,89.3,11.08,10.17,5.99
2017,MS,Other Biomass,1.6,2.6,8.8,89.3,11.08,10.17,5.99
2017,MS,Petroleum,48.0,2.6,8.8,89.3,11.08,10.17,5.99
2017,MS,Solar Thermal and Photovoltaic,160.6,2.6,8.8,89.3,11.08,10.17,5.99
2017,MS,Wood and Wood Derived Fuels,294.3,2.6,8.8,89.3,11.08,10.17,5.99
2017,MT,Coal,2487.8,52.2,49.7,46.9,10.95,10.12,5.25
2017,MT,Hydroelectric,2671.2,52.2,49.7,46.9,10.95,10.12,5.25
2017,MT,Natural Gas,474.59999999999997,52.2,49.7,46.9,10.95,10.12,5.25
2017,MT,Other,60.0,52.2,49.7,46.9,10.95,10.12,5.25
2017,MT,Other Gases,1.6,52.2,49.7,46.9,10.95,10.12,5.25
2017,MT,Petroleum,68.0,52.2,49.7,46.9,10.95,10.12,5.25
2017,MT,Solar Thermal and Photovoltaic,17.0,52.2,49.7,46.9,10.95,10.12,5.25
2017,MT,Wind,687.3,52.2,49.7,46.9,10.95,10.12,5.25
2017,MT,Wood and Wood Derived Fuels,2.8,52.2,49.7,46.9,10.95,10.12,5.25
2017,NC,Coal,11254.1,16.9,15.0,67.7,10.94,8.44,6.2
2017,NC,Hydroelectric,1890.3999999999999,16.9,15.0,67.7,10.94,8.44,6.2
2017,NC,Natural Gas,12742.6,16.9,15.0,67.7,10.94,8.44,6.2
2017,NC,Nuclear,5394.7,16.9,15.0,67.7,10.94,8.44,6.2
2017,NC,Other,55.0,16.9,15.0,67.7,10.94,8.44,6.2
2017,NC,Other Biomass,99.5,16.9,15.0,67.7,10.94,8.44,6.2
2017,NC,Petroleum,399.5,16.9,15.0,67.7,10.94,8.44,6.2
2017,NC,Pumped Storage,95.0,16.9,15.0,67.7,10.94,8.44,6.2
2017,NC,Solar Thermal and Photovoltaic,3346.7,16.9,15.0,67.7,10.94,8.44,6.2
2017,NC,Wind,208.0,16.9,15.0,67.7,10.94,8.44,6.2
2017,NC,Wood and Wood Derived Fuels,545.0,16.9,15.0,67.7,10.94,8.44,6.2
2017,ND,Coal,4159.900000000001,42.9,21.4,57.0,10.29,9.19,7.63
2017,ND,Hydroelectric,614.0,42.9,21.4,57.0,10.29,9.19,7.63
2017,ND,Natural Gas,683.6,42.9,21.4,57.0,10.29,9.19,7.63
2017,ND,Other,5.3,42.9,21.4,57.0,10.29,9.19,7.63
2017,ND,Other Biomass,9.8,42.9,21.4,57.0,10.29,9.19,7.63
2017,ND,Other Gases,7.5,42.9,21.4,57.0,10.29,9.19,7.63
2017,ND,Petroleum,71.5,42.9,21.4,57.0,10.29,9.19,7.63
2017,ND,Wind,3080.0,42.9,21.4,57.0,10.29,9.19,7.63
2017,NE,Coal,3982.9,18.6,15.4,71.6,10.97,8.85,7.66
2017,NE,Hydroelectric,200.0,18.6,15.4,71.6,10.97,8.85,7.66
2017,NE,Natural Gas,2011.7,18.6,15.4,71.6,10.97,8.85,7.66
2017,NE,Nuclear,801.0,18.6,15.4,71.6,10.97,8.85,7.66
2017,NE,Other,72.4,18.6,15.4,71.6,10.97,8.85,7.66
2017,NE,Other Biomass,15.7,18.6,15.4,71.6,10.97,8.85,7.66
2017,NE,Petroleum,370.1,18.6,15.4,71.6,10.97,8.85,7.66
2017,NE,Solar Thermal and Photovoltaic,15.6,18.6,15.4,71.6,10.97,8.85,7.66
2017,NE,Wind,1417.1999999999998,18.6,15.4,71.6,10.97,8.85,7.66
2017,NH,Coal,559.2,20.8,74.3,52.8,19.2,14.81,12.34
2017,NH,Hydroelectric,515.6999999999999,20.8,74.3,52.8,19.2,14.81,12.34
2017,NH,Natural Gas,1814.5,20.8,74.3,52.8,19.2,14.81,12.34
2017,NH,Nuclear,1242.0,20.8,74.3,52.8,19.2,14.81,12.34
2017,NH,Other Biomass,33.5,20.8,74.3,52.8,19.2,14.81,12.34
2017,NH,Petroleum,106.9,20.8,74.3,52.8,19.2,14.81,12.34
2017,NH,Wind,185.3,20.8,74.3,52.8,19.2,14.81,12.34
2017,NH,Wood and Wood Derived Fuels,243.4,20.8,74.3,52.8,19.2,14.81,12.34
2017,NJ,Coal,690.5,4.9,85.7,71.3,15.65,12.28,10.12
2017,NJ,Hydroelectric,14.7,4.9,85.7,71.3,15.65,12.28,10.12
2017,NJ,Natural Gas,12893.199999999999,4.9,85.7,71.3,15.65,12.28,10.12
2017,NJ,Nuclear,4180.7,4.9,85.7,71.3,15.65,12.28,10.12
2017,NJ,Other,12.2,4.9,85.7,71.3,15.65,12.28,10.12
2017,NJ,Other Biomass,262.29999999999995,4.9,85.7,71.3,15.65,12.28,10.12
2017,NJ,Other Gases,30.0,4.9,85.7,71.3,15.65,12.28,10.12
2017,NJ,Petroleum,282.4,4.9,85.7,71.3,15.65,12.28,10.12
2017,NJ,Pumped Storage,453.0,4.9,85.7,71.3,15.65,12.28,10.12
2017,NJ,Solar Thermal and Photovoltaic,671.1999999999999,4.9,85.7,71.3,15.65,12.28,10.12
2017,NJ,Wind,9.0,4.9,85.7,71.3,15.65,12.28,10.12
2017,NM,Coal,2817.2,26.4,33.4,73.6,12.88,10.19,6.15
2017,NM,Geothermal,4.0,26.4,33.4,73.6,12.88,10.19,6.15
2017,NM,Hydroelectric,81.7,26.4,33.4,73.6,12.88,10.19,6.15
2017,NM,Natural Gas,3739.9,26.4,33.4,73.6,12.88,10.19,6.15
2017,NM,Other,2.6,26.4,33.4,73.6,12.88,10.19,6.15
2017,NM,Other Biomass,5.4,26.4,33.4,73.6,12.88,10.19,6.15
2017,NM,Petroleum,61.8,26.4,33.4,73.6,12.88,10.19,6.15
2017,NM,Solar Thermal and Photovoltaic,517.2,26.4,33.4,73.6,12.88,10.19,6.15
2017,NM,Wind,1764.5,26.4,33.4,73.6,12.88,10.19,6.15
2017,NV,Coal,809.0,31.2,24.8,68.8,11.99,7.96,6.15
2017,NV,Geothermal,750.9,31.2,24.8,68.8,11.99,7.96,6.15
2017,NV,Hydroelectric,1052.2,31.2,24.8,68.8,11.99,7.96,6.15
2017,NV,Natural Gas,8364.199999999999,31.2,24.8,68.8,11.99,7.96,6.15
2017,NV,Other,7.5,31.2,24.8,68.8,11.99,7.96,6.15
2017,NV,Other Biomass,15.2,31.2,24.8,68.8,11.99,7.96,6.15
2017,NV,Petroleum,6.0,31.2,24.8,68.8,11.99,7.96,6.15
2017,NV,Solar Thermal and Photovoltaic,2192.4,31.2,24.8,68.8,11.99,7.96,6.15
2017,NV,Wind,150.0,31.2,24.8,68.8,11.99,7.96,6.15
2017,NY,Coal,1737.7,16.8,64.4,66.6,18.03,14.75,5.92
2017,NY,Hydroelectric,4684.3,16.8,64.4,66.6,18.03,14.75,5.92
2017,NY,Natural Gas,23168.7,16.8,64.4,66.6,18.03,14.75,5.92
2017,NY,Nuclear,5709.4,16.8,64.4,66.6,18.03,14.75,5.92
2017,NY,Other,265.0,16.8,64.4,66.6,18.03,14.75,5.92
2017,NY,Other Biomass,438.0,16.8,64.4,66.6,18.03,14.75,5.92
2017,NY,Petroleum,3915.5,16.8,64.4,66.6,18.03,14.75,5.92
2017,NY,Pumped Storage,1240.0,16.8,64.4,66.6,18.03,14.75,5.92
2017,NY,Solar Thermal and Photovoltaic,161.2,16.8,64.4,66.6,18.03,14.75,5.92
2017,NY,Wind,1830.3000000000002,16.8,64.4,66.6,18.03,14.75,5.92
2017,NY,Wood and Wood Derived Fuels,147.7,16.8,64.4,66.6,18.03,14.75,5.92
2017,OH,Coal,15611.400000000001,3.0,72.6,90.2,12.63,10.05,6.92
2017,OH,Hydroelectric,128.6,3.0,72.6,90.2,12.63,10.05,6.92
2017,OH,Natural Gas,13258.6,3.0,72.6,90.2,12.63,10.05,6.92
2017,OH,Nuclear,2236.8,3.0,72.6,90.2,12.63,10.05,6.92
2017,OH,Other,33.0,3.0,72.6,90.2,12.63,10.05,6.92
2017,OH,Other Biomass,103.8,3.0,72.6,90.2,12.63,10.05,6.92
2017,OH,Other Gases,222.5,3.0,72.6,90.2,12.63,10.05,6.92
2017,OH,Petroleum,875.0,3.0,72.6,90.2,12.63,10.05,6.92
2017,OH,Solar Thermal and Photovoltaic,70.7,3.0,72.6,90.2,12.63,10.05,6.92
2017,OH,Wind,604.4000000000001,3.0,72.6,90.2,12.63,10.05,6.92
2017,OH,Wood and Wood Derived Fuels,76.5,3.0,72.6,90.2,12.63,10.05,6.92
2017,OK,Coal,4831.0,26.8,34.0,72.3,10.61,8.11,5.42
2017,OK,Hydroelectric,809.3,26.8,34.0,72.3,10.61,8.11,5.42
2017,OK,Natural Gas,16234.600000000002,26.8,34.0,72.3,10.61,8.11,5.42
2017,OK,Other Biomass,20.0,26.8,34.0,72.3,10.61,8.11,5.42
2017,OK,Petroleum,80.3,26.8,34.0,72.3,10.61,8.11,5.42
2017,OK,Pumped Storage,259.2,26.8,34.0,72.3,10.61,8.11,5.42
2017,OK,Solar Thermal and Photovoltaic,20.5,26.8,34.0,72.3,10.61,8.11,5.42
2017,OK,Wind,6908.4,26.8,34.0,72.3,10.61,8.11,5.42
2017,OK,Wood and Wood Derived Fuels,68.0,26.8,34.0,72.3,10.61,8.11,5.42
2017,OR,Coal,642.2,71.1,22.4,28.8,10.66,8.86,5.98
2017,OR,Geothermal,36.7,71.1,22.4,28.8,10.66,8.86,5.98
2017,OR,Hydroelectric,8451.0,71.1,22.4,28.8,10.66,8.86,5.98
2017,OR,Natural Gas,4330.7,71.1,22.4,28.8,10.66,8.86,5.98
2017,OR,Other,5.0,71.1,22.4,28.8,10.66,8.86,5.98
2017,OR,Other Biomass,58.1,71.1,22.4,28.8,10.66,8.86,5.98
2017,OR,Solar Thermal and Photovoltaic,204.5,71.1,22.4,28.8,10.66,8.86,5.98
2017,OR,Wind,3211.2,71.1,22.4,28.8,10.66,8.86,5.98
2017,OR,Wood and Wood Derived Fuels,300.4,71.1,22.4,28.8,10.66,8.86,5.98
2017,PA,Coal,12519.5,6.2,94.8,68.4,14.23,8.98,6.77
2017,PA,Hydroelectric,919.5,6.2,94.8,68.4,14.23,8.98,6.77
2017,PA,Natural Gas,18201.2,6.2,94.8,68.4,14.23,8.98,6.77
2017,PA,Nuclear,10485.2,6.2,94.8,68.4,14.23,8.98,6.77
2017,PA,Other,250.4,6.2,94.8,68.4,14.23,8.98,6.77
2017,PA,Other Biomass,508.2,6.2,94.8,68.4,14.23,8.98,6.77
2017,PA,Other Gases,116.0,6.2,94.8,68.4,14.23,8.98,6.77
2017,PA,Petroleum,2158.8999999999996,6.2,94.8,68.4,14.23,8.98,6.77
2017,PA,Pumped Storage,1541.0,6.2,94.8,68.4,14.23,8.98,6.77
2017,PA,Solar Thermal and Photovoltaic,55.199999999999996,6.2,94.8,68.4,14.23,8.98,6.77
2017,PA,Wind,1373.4,6.2,94.8,68.4,14.23,8.98,6.77
2017,PA,Wood and Wood Derived Fuels,126.1,6.2,94.8,68.4,14.23,8.98,6.77
2017,RI,Hydroelectric,2.8,5.6,97.7,94.4,18.32,15.2,14.57
2017,RI,Natural Gas,1993.1000000000001,5.6,97.7,94.4,18.32,15.2,14.57
2017,RI,Other Biomass,44.1,5.6,97.7,94.4,18.32,15.2,14.57
2017,RI,Petroleum,12.6,5.6,97.7,94.4,18.32,15.2,14.57
2017,RI,Solar Thermal and Photovoltaic,18.7,5.6,97.7,94.4,18.32,15.2,14.57
2017,RI,Wind,52.5,5.6,97.7,94.4,18.32,15.2,14.57
2017,SC,Coal,5526.9,9.0,5.3,52.7,13.02,10.57,6.19
2017,SC,Hydroelectric,1397.2,9.0,5.3,52.7,13.02,10.57,6.19
2017,SC,Natural Gas,6974.7,9.0,5.3,52.7,13.02,10.57,6.19
2017,SC,Nuclear,6875.1,9.0,5.3,52.7,13.02,10.57,6.19
2017,SC,Other Biomass,49.7,9.0,5.3,52.7,13.02,10.57,6.19
2017,SC,Petroleum,637.4,9.0,5.3,52.7,13.02,10.57,6.19
2017,SC,Pumped Storage,2657.2,9.0,5.3,52.7,13.02,10.57,6.19
2017,SC,Solar Thermal and Photovoltaic,255.6,9.0,5.3,52.7,13.02,10.57,6.19
2017,SC,Wood and Wood Derived Fuels,538.0,9.0,5.3,52.7,13.02,10.57,6.19
2017,SD,Coal,450.0,58.3,16.0,41.7,11.77,9.74,7.84
2017,SD,Hydroelectric,1734.4,58.3,16.0,41.7,11.77,9.74,7.84
2017,SD,Natural Gas,1207.0,58.3,16.0,41.7,11.77,9.74,7.84
2017,SD,Petroleum,292.4,58.3,16.0,41.7,11.77,9.74,7.84
2017,SD,Solar Thermal and Photovoltaic,1.0,58.3,16.0,41.7,11.77,9.74,7.84
2017,SD,Wind,987.8000000000001,58.3,16.0,41.7,11.77,9.74,7.84
2017,TN,Coal,7626.5,11.9,0.6,59.8,10.72,10.55,5.83
2017,TN,Hydroelectric,2499.4,11.9,0.6,59.8,10.72,10.55,5.83
2017,TN,Natural Gas,6459.299999999999,11.9,0.6,59.8,10.72,10.55,5.83
2017,TN,Nuclear,4980.8,11.9,0.6,59.8,10.72,10.55,5.83
2017,TN,Other Biomass,14.6,11.9,0.6,59.8,10.72,10.55,5.83
2017,TN,Petroleum,47.6,11.9,0.6,59.8,10.72,10.55,5.83
2017,TN,Pumped Storage,1713.6,11.9,0.6,59.8,10.72,10.55,5.83
2017,TN,Solar Thermal and Photovoltaic,91.60000000000001,11.9,0.6,59.8,10.72,10.55,5.83
2017,TN,Wind,28.8,11.9,0.6,59.8,10.72,10.55,5.83
2017,TN,Wood and Wood Derived Fuels,185.7,11.9,0.6,59.8,10.72,10.55,5.83
2017,TX,Coal,24862.4,18.7,63.0,77.3,11.01,8.26,5.35
2017,TX,Hydroelectric,708.6,18.7,63.0,77.3,11.01,8.26,5.35
2017,TX,Natural Gas,78243.9,18.7,63.0,77.3,11.01,8.26,5.35
2017,TX,Nuclear,5138.6,18.7,63.0,77.3,11.01,8.26,5.35
2017,TX,Other,322.9,18.7,63.0,77.3,11.01,8.26,5.35
2017,TX,Other Biomass,120.5,18.7,63.0,77.3,11.01,8.26,5.35
2017,TX,Other Gases,277.1,18.7,63.0,77.3,11.01,8.26,5.35
2017,TX,Petroleum,116.80000000000001,18.7,63.0,77.3,11.01,8.26,5.35
2017,TX,Solar Thermal and Photovoltaic,1234.5,18.7,63.0,77.3,11.01,8.26,5.35
2017,TX,Wind,22583.3,18.7,63.0,77.3,11.01,8.26,5.35
2017,TX,Wood and Wood Derived Fuels,339.6,18.7,63.0,77.3,11.01,8.26,5.35
2017,US,Coal,279221.3,18.1,38.1,71.0,12.89,10.66,6.88
2017,US,Geothermal,3732.4,18.1,38.1,71.0,12.89,10.66,6.88
2017,US,Hydroelectric,79594.5,18.1,38.1,71.0,12.89,10.66,6.88
2017,US,Natural Gas,522107.60000000003,18.1,38.1,71.0,12.89,10.66,6.88
2017,US,Nuclear,104792.4,18.1,38.1,71.0,12.89,10.66,6.88
2017,US,Other,3230.8,18.1,38.1,71.0,12.89,10.66,6.88
2017,US,Other Biomass,5868.5,18.1,38.1,71.0,12.89,10.66,6.88
2017,US,Other Gases,2673.1,18.1,38.1,71.0,12.89,10.66,6.88
2017,US,Petroleum,38257.4,18.1,38.1,71.0,12.89,10.66,6.88
2017,US,Pumped Storage,21643.3,18.1,38.1,71.0,12.89,10.66,6.88
2017,US,Solar Thermal and Photovoltaic,27208.899999999998,18.1,38.1,71.0,12.89,10.66,6.88
2017,US,Wind,88315.70000000001,18.1,38.1,71.0,12.89,10.66,6.88
2017,US,Wood and Wood Derived Fuels,10059.2,18.1,38.1,71.0,12.89,10.66,6.88
2017,UT,Coal,4894.1,16.5,13.9,83.1,10.95,8.65,6.13
2017,UT,Geothermal,83.8,16.5,13.9,83.1,10.95,8.65,6.13
2017,UT,Hydroelectric,275.1,16.5,13.9,83.1,10.95,8.65,6.13
2017,UT,Natural Gas,3228.5999999999995,16.5,13.9,83.1,10.95,8.65,6.13
2017,UT,Other,41.3,16.5,13.9,83.1,10.95,8.65,6.13
2017,UT,Other Biomass,13.5,16.5,13.9,83.1,10.95,8.65,6.13
2017,UT,Petroleum,29.3,16.5,13.9,83.1,10.95,8.65,6.13
2017,UT,Solar Thermal and Photovoltaic,857.1,16.5,13.9,83.1,10.95,8.65,6.13
2017,UT,Wind,388.2,16.5,13.9,83.1,10.95,8.65,6.13
2017,VA,Coal,4030.9,7.6,15.1,69.4,11.55,8.01,6.51
2017,VA,Hydroelectric,822.4,7.6,15.1,69.4,11.55,8.01,6.51
2017,VA,Natural Gas,13630.6,7.6,15.1,69.4,11.55,8.01,6.51
2017,VA,Nuclear,3654.4,7.6,15.1,69.4,11.55,8.01,6.51
2017,VA,Other Biomass,356.4,7.6,15.1,69.4,11.55,8.01,6.51
2017,VA,Petroleum,2755.9,7.6,15.1,69.4,11.55,8.01,6.51
2017,VA,Pumped Storage,3109.3,7.6,15.1,69.4,11.55,8.01,6.51
2017,VA,Solar Thermal and Photovoltaic,406.0,7.6,15.1,69.4,11.55,8.01,6.51
2017,VA,Wood and Wood Derived Fuels,661.8,7.6,15.1,69.4,11.55,8.01,6.51
2017,VT,Hydroelectric,328.3,82.5,46.2,17.2,17.68,14.61,10.21
2017,VT,Other,2.0,82.5,46.2,17.2,17.68,14.61,10.21
2017,VT,Other Biomass,1.6,82.5,46.2,17.2,17.68,14.61,10.21
2017,VT,Petroleum,132.9,82.5,46.2,17.2,17.68,14.61,10.21
2017,VT,Solar Thermal and Photovoltaic,74.3,82.5,46.2,17.2,17.68,14.61,10.21
2017,VT,Wind,151.0,82.5,46.2,17.2,17.68,14.61,10.21
2017,VT,Wood and Wood Derived Fuels,82.4,82.5,46.2,17.2,17.68,14.61,10.21
2017,WA,Coal,1459.8,77.6,12.8,17.6,9.66,8.57,4.6
2017,WA,Hydroelectric,21138.5,77.6,12.8,17.6,9.66,8.57,4.6
2017,WA,Natural Gas,4116.400000000001,77.6,12.8,17.6,9.66,8.57,4.6
2017,WA,Nuclear,1200.0,77.6,12.8,17.6,9.66,8.57,4.6
2017,WA,Other,7.6,77.6,12.8,17.6,9.66,8.57,4.6
2017,WA,Other Biomass,77.0,77.6,12.8,17.6,9.66,8.57,4.6
2017,WA,Petroleum,15.5,77.6,12.8,17.6,9.66,8.57,4.6
2017,WA,Pumped Storage,314.0,77.6,12.8,17.6,9.66,8.57,4.6
2017,WA,Solar Thermal and Photovoltaic,0.5,77.6,12.8,17.6,9.66,8.57,4.6
2017,WA,Wind,3074.0,77.6,12.8,17.6,9.66,8.57,4.6
2017,WA,Wood and Wood Derived Fuels,396.59999999999997,77.6,12.8,17.6,9.66,8.57,4.6
2017,WI,Coal,7721.6,9.0,11.9,84.2,14.35,10.87,7.49
2017,WI,Hydroelectric,537.4,9.0,11.9,84.2,14.35,10.87,7.49
2017,WI,Natural Gas,7627.799999999999,9.0,11.9,84.2,14.35,10.87,7.49
2017,WI,Nuclear,1286.0,9.0,11.9,84.2,14.35,10.87,7.49
2017,WI,Other,20.8,9.0,11.9,84.2,14.35,10.87,7.49
2017,WI,Other Biomass,111.1,9.0,11.9,84.2,14.35,10.87,7.49
2017,WI,Petroleum,779.4000000000001,9.0,11.9,84.2,14.35,10.87,7.49
2017,WI,Solar Thermal and Photovoltaic,18.4,9.0,11.9,84.2,14.35,10.87,7.49
2017,WI,Wind,735.5,9.0,11.9,84.2,14.35,10.87,7.49
2017,WI,Wood and Wood Derived Fuels,325.6,9.0,11.9,84.2,14.35,10.87,7.49
2017,WV,Coal,13071.7,6.8,24.7,92.8,11.63,9.58,6.64
2017,WV,Hydroelectric,370.6,6.8,24.7,92.8,11.63,9.58,6.64
2017,WV,Natural Gas,1339.4,6.8,24.7,92.8,11.63,9.58,6.64
2017,WV,Other,65.5,6.8,24.7,92.8,11.63,9.58,6.64
2017,WV,Petroleum,18.5,6.8,24.7,92.8,11.63,9.58,6.64
2017,WV,Wind,686.3,6.8,24.7,92.8,11.63,9.58,6.64
2017,WY,Coal,7254.1,18.9,10.0,81.0,11.37,9.7,6.92
2017,WY,Hydroelectric,303.4,18.9,10.0,81.0,11.37,9.7,6.92
2017,WY,Natural Gas,306.4,18.9,10.0,81.0,11.37,9.7,6.92
2017,WY,Other,11.5,18.9,10.0,81.0,11.37,9.7,6.92
2017,WY,Other Gases,111.7,18.9,10.0,81.0,11.37,9.7,6.92
2017,WY,Petroleum,5.800000000000001,18.9,10.0,81.0,11.37,9.7,6.92
2017,WY,Wind,1487.3,18.9,10.0,81.0,11.37,9.7,6.92
2018,AK,Coal,175.5,18.2,0.7,80.3,21.94,18.58,17.1
2018,AK,Hydroelectric,476.2,18.2,0.7,80.3,21.94,18.58,17.1
2018,AK,Natural Gas,1424.3999999999999,18.2,0.7,80.3,21.94,18.58,17.1
2018,AK,Other,46.2,18.2,0.7,80.3,21.94,18.58,17.1
2018,AK,Other Biomass,11.5,18.2,0.7,80.3,21.94,18.58,17.1
2018,AK,Petroleum,821.2,18.2,0.7,80.3,21.94,18.58,17.1
2018,AK,Wind,60.6,18.2,0.7,80.3,21.94,18.58,17.1
2018,AL,Coal,6671.2,13.2,25.9,70.2,12.18,11.24,6.01
2018,AL,Hydroelectric,3319.3,13.2,25.9,70.2,12.18,11.24,6.01
2018,AL,Natural Gas,15479.3,13.2,25.9,70.2,12.18,11.24,6.01
2018,AL,Nuclear,5270.4,13.2,25.9,70.2,12.18,11.24,6.01
2018,AL,Other,1.0,13.2,25.9,70.2,12.18,11.24,6.01
2018,AL,Other Biomass,6.4,13.2,25.9,70.2,12.18,11.24,6.01
2018,AL,Other Gases,28.8,13.2,25.9,70.2,12.18,11.24,6.01
2018,AL,Petroleum,47.800000000000004,13.2,25.9,70.2,12.18,11.24,6.01
2018,AL,Solar Thermal and Photovoltaic,196.9,13.2,25.9,70.2,12.18,11.24,6.01
2018,AL,Wood and Wood Derived Fuels,660.0,13.2,25.9,70.2,12.18,11.24,6.01
2018,AR,Coal,5487.0,11.0,5.1,77.5,9.81,7.75,5.64
2018,AR,Hydroelectric,1320.9,11.0,5.1,77.5,9.81,7.75,5.64
2018,AR,Natural Gas,7229.400000000001,11.0,5.1,77.5,9.81,7.75,5.64
2018,AR,Nuclear,1845.0,11.0,5.1,77.5,9.81,7.75,5.64
2018,AR,Other Biomass,28.1,11.0,5.1,77.5,9.81,7.75,5.64
2018,AR,Petroleum,12.3,11.0,5.1,77.5,9.81,7.75,5.64
2018,AR,Pumped Storage,28.0,11.0,5.1,77.5,9.81,7.75,5.64
2018,AR,Solar Thermal and Photovoltaic,100.0,11.0,5.1,77.5,9.81,7.75,5.64
2018,AR,Wood and Wood Derived Fuels,363.1,11.0,5.1,77.5,9.81,7.75,5.64
2018,AZ,Coal,6040.8,15.8,21.6,70.4,12.77,10.64,6.55
2018,AZ,Hydroelectric,2718.0,15.8,21.6,70.4,12.77,10.64,6.55
2018,AZ,Natural Gas,16468.7,15.8,21.6,70.4,12.77,10.64,6.55
2018,AZ,Nuclear,4209.6,15.8,21.6,70.4,12.77,10.64,6.55
2018,AZ,Other,32.0,15.8,21.6,70.4,12.77,10.64,6.55
2018,AZ,Other Biomass,6.0,15.8,21.6,70.4,12.77,10.64,6.55
2018,AZ,Petroleum,128.3,15.8,21.6,70.4,12.77,10.64,6.55
2018,AZ,Pumped Storage,194.1,15.8,21.6,70.4,12.77,10.64,6.55
2018,AZ,Solar Thermal and Photovoltaic,2067.3,15.8,21.6,70.4,12.77,10.64,6.55
2018,AZ,Wind,267.3,15.8,21.6,70.4,12.77,10.64,6.55
2018,AZ,Wood and Wood Derived Fuels,30.2,15.8,21.6,70.4,12.77,10.64,6.55
2018,CA,Coal,62.5,39.6,54.7,52.5,18.84,16.34,13.2
2018,CA,Geothermal,2792.0,39.6,54.7,52.5,18.84,16.34,13.2
2018,CA,Hydroelectric,10068.4,39.6,54.7,52.5,18.84,16.34,13.2
2018,CA,Natural Gas,41795.600000000006,39.6,54.7,52.5,18.84,16.34,13.2
2018,CA,Nuclear,2323.0,39.6,54.7,52.5,18.84,16.34,13.2
2018,CA,Other,347.3,39.6,54.7,52.5,18.84,16.34,13.2
2018,CA,Other Biomass,576.8,39.6,54.7,52.5,18.84,16.34,13.2
2018,CA,Other Gases,270.1,39.6,54.7,52.5,18.84,16.34,13.2
2018,CA,Petroleum,578.1,39.6,54.7,52.5,18.84,16.34,13.2
2018,CA,Pumped Storage,3745.6,39.6,54.7,52.5,18.84,16.34,13.2
2018,CA,Solar Thermal and Photovoltaic,11837.599999999999,39.6,54.7,52.5,18.84,16.34,13.2
2018,CA,Wind,6077.8,39.6,54.7,52.5,18.84,16.34,13.2
2018,CA,Wood and Wood Derived Fuels,817.5,39.6,54.7,52.5,18.84,16.34,13.2
2018,CO,Coal,4905.3,26.8,31.9,70.3,12.15,10.02,7.47
2018,CO,Hydroelectric,669.9,26.8,31.9,70.3,12.15,10.02,7.47
2018,CO,Natural Gas,7833.0,26.8,31.9,70.3,12.15,10.02,7.47
2018,CO,Other,15.6,26.8,31.9,70.3,12.15,10.02,7.47
2018,CO,Other Biomass,21.4,26.8,31.9,70.3,12.15,10.02,7.47
2018,CO,Petroleum,200.7,26.8,31.9,70.3,12.15,10.02,7.47
2018,CO,Pumped Storage,508.5,26.8,31.9,70.3,12.15,10.02,7.47
2018,CO,Solar Thermal and Photovoltaic,532.6,26.8,31.9,70.3,12.15,10.02,7.47
2018,CO,Wind,3704.2000000000003,26.8,31.9,70.3,12.15,10.02,7.47
2018,CO,Wood and Wood Derived Fuels,12.6,26.8,31.9,70.3,12.15,10.02,7.47
2018,CT,Coal,400.0,4.4,94.9,74.7,21.2,16.76,13.77
2018,CT,Hydroelectric,118.5,4.4,94.9,74.7,21.2,16.76,13.77
2018,CT,Natural Gas,5208.5,4.4,94.9,74.7,21.2,16.76,13.77
2018,CT,Nuclear,2162.9,4.4,94.9,74.7,21.2,16.76,13.77
2018,CT,Other,32.9,4.4,94.9,74.7,21.2,16.76,13.77
2018,CT,Other Biomass,211.3,4.4,94.9,74.7,21.2,16.76,13.77
2018,CT,Petroleum,2348.5,4.4,94.9,74.7,21.2,16.76,13.77
2018,CT,Pumped Storage,31.0,4.4,94.9,74.7,21.2,16.76,13.77
2018,CT,Solar Thermal and Photovoltaic,86.1,4.4,94.9,74.7,21.2,16.76,13.77
2018,CT,Wind,5.0,4.4,94.9,74.7,21.2,16.76,13.77
2018,CT,Wood and Wood Derived Fuels,43.0,4.4,94.9,74.7,21.2,16.76,13.77
2018,DC,Natural Gas,10.8,69.9,,30.1,12.84,11.97,8.3
2018,DC,Other Biomass,25.1,69.9,,30.1,12.84,11.97,8.3
2018,DE,Coal,445.5,1.3,84.8,98.7,12.53,9.65,7.95
2018,DE,Natural Gas,2838.6,1.3,84.8,98.7,12.53,9.65,7.95
2018,DE,Other Biomass,12.2,1.3,84.8,98.7,12.53,9.65,7.95
2018,DE,Other Gases,140.0,1.3,84.8,98.7,12.53,9.65,7.95
2018,DE,Petroleum,121.6,1.3,84.8,98.7,12.53,9.65,7.95
2018,DE,Solar Thermal and Photovoltaic,33.4,1.3,84.8,98.7,12.53,9.65,7.95
2018,DE,Wind,2.0,1.3,84.8,98.7,12.53,9.65,7.95
2018,FL,Coal,8634.6,4.4,8.2,89.0,11.54,9.19,7.65
2018,FL,Hydroelectric,55.7,4.4,8.2,89.0,11.54,9.19,7.65
2018,FL,Natural Gas,44971.700000000004,4.4,8.2,89.0,11.54,9.19,7.65
2018,FL,Nuclear,3797.2,4.4,8.2,89.0,11.54,9.19,7.65
2018,FL,Other,416.3,4.4,8.2,89.0,11.54,9.19,7.65
2018,FL,Other Biomass,836.0,4.4,8.2,89.0,11.54,9.19,7.65
2018,FL,Petroleum,3921.4,4.4,8.2,89.0,11.54,9.19,7.65
2018,FL,Solar Thermal and Photovoltaic,1401.6000000000001,4.4,8.2,89.0,11.54,9.19,7.65
2018,FL,Wood and Wood Derived Fuels,580.5,4.4,8.2,89.0,11.54,9.19,7.65
2018,GA,Coal,10097.2,10.1,21.0,75.6,11.47,9.79,6.0
2018,GA,Hydroelectric,1963.2,10.1,21.0,75.6,11.47,9.79,6.0
2018,GA,Natural Gas,18729.9,10.1,21.0,75.6,11.47,9.79,6.0
2018,GA,Nuclear,4041.8,10.1,21.0,75.6,11.47,9.79,6.0
2018,GA,Other,1.0,10.1,21.0,75.6,11.47,9.79,6.0
2018,GA,Other Biomass,63.1,10.1,21.0,75.6,11.47,9.79,6.0
2018,GA,Petroleum,1156.8000000000002,10.1,21.0,75.6,11.47,9.79,6.0
2018,GA,Pumped Storage,1634.6,10.1,21.0,75.6,11.47,9.79,6.0
2018,GA,Solar Thermal and Photovoltaic,1026.2,10.1,21.0,75.6,11.47,9.79,6.0
2018,GA,Wood and Wood Derived Fuels,943.6,10.1,21.0,75.6,11.47,9.79,6.0
2018,HI,Coal,203.0,22.5,16.2,74.2,32.47,29.9,26.1
2018,HI,Geothermal,51.0,22.5,16.2,74.2,32.47,29.9,26.1
2018,HI,Hydroelectric,27.1,22.5,16.2,74.2,32.47,29.9,26.1
2018,HI,Other,102.1,22.5,16.2,74.2,32.47,29.9,26.1
2018,HI,Other Biomass,280.0,22.5,16.2,74.2,32.47,29.9,26.1
2018,HI,Other Gases,6.0,22.5,16.2,74.2,32.47,29.9,26.1
2018,HI,Petroleum,2062.5,22.5,16.2,74.2,32.47,29.9,26.1
2018,HI,Solar Thermal and Photovoltaic,124.1,22.5,16.2,74.2,32.47,29.9,26.1
2018,HI,Wind,205.6,22.5,16.2,74.2,32.47,29.9,26.1
2018,IA,Coal,5821.7,42.6,17.6,54.1,12.24,9.68,6.45
2018,IA,Hydroelectric,129.2,42.6,17.6,54.1,12.24,9.68,6.45
2018,IA,Natural Gas,4093.2999999999997,42.6,17.6,54.1,12.24,9.68,6.45
2018,IA,Nuclear,679.5,42.6,17.6,54.1,12.24,9.68,6.45
2018,IA,Other,1.1,42.6,17.6,54.1,12.24,9.68,6.45
2018,IA,Other Biomass,21.4,42.6,17.6,54.1,12.24,9.68,6.45
2018,IA,Petroleum,938.7,42.6,17.6,54.1,12.24,9.68,6.45
2018,IA,Solar Thermal and Photovoltaic,9.2,42.6,17.6,54.1,12.24,9.68,6.45
2018,IA,Wind,8386.7,42.6,17.6,54.1,12.24,9.68,6.45
2018,ID,Coal,10.2,75.8,32.2,23.9,10.15,7.93,6.47
2018,ID,Geothermal,18.0,75.8,32.2,23.9,10.15,7.93,6.47
2018,ID,Hydroelectric,2687.1000000000004,75.8,32.2,23.9,10.15,7.93,6.47
2018,ID,Natural Gas,1263.9,75.8,32.2,23.9,10.15,7.93,6.47
2018,ID,Other,15.9,75.8,32.2,23.9,10.15,7.93,6.47
2018,ID,Other Biomass,23.7,75.8,32.2,23.9,10.15,7.93,6.47
2018,ID,Petroleum,5.0,75.8,32.2,23.9,10.15,7.93,6.47
2018,ID,Solar Thermal and Photovoltaic,240.0,75.8,32.2,23.9,10.15,7.93,6.47
2018,ID,Wind,974.4,75.8,32.2,23.9,10.15,7.93,6.47
2018,ID,Wood and Wood Derived Fuels,106.2,75.8,32.2,23.9,10.15,7.93,6.47
2018,IL,Coal,13985.099999999999,9.4,87.7,66.0,12.77,9.12,6.8
2018,IL,Hydroelectric,39.7,9.4,87.7,66.0,12.77,9.12,6.8
2018,IL,Natural Gas,19019.7,9.4,87.7,66.0,12.77,9.12,6.8
2018,IL,Nuclear,12415.1,9.4,87.7,66.0,12.77,9.12,6.8
2018,IL,Other,210.70000000000002,9.4,87.7,66.0,12.77,9.12,6.8
2018,IL,Other Biomass,102.1,9.4,87.7,66.0,12.77,9.12,6.8
2018,IL,Other Gases,39.7,9.4,87.7,66.0,12.77,9.12,6.8
2018,IL,Petroleum,796.0,9.4,87.7,66.0,12.77,9.12,6.8
2018,IL,Solar Thermal and Photovoltaic,40.9,9.4,87.7,66.0,12.77,9.12,6.8
2018,IL,Wind,4643.5,9.4,87.7,66.0,12.77,9.12,6.8
2018,IN,Coal,16976.4,9.1,15.7,90.5,12.26,10.6,7.38
2018,IN,Hydroelectric,92.1,9.1,15.7,90.5,12.26,10.6,7.38
2018,IN,Natural Gas,9087.2,9.1,15.7,90.5,12.26,10.6,7.38
2018,IN,Other,116.6,9.1,15.7,90.5,12.26,10.6,7.38
2018,IN,Other Biomass,73.9,9.1,15.7,90.5,12.26,10.6,7.38
2018,IN,Other Gases,696.2,9.1,15.7,90.5,12.26,10.6,7.38
2018,IN,Petroleum,114.0,9.1,15.7,90.5,12.26,10.6,7.38
2018,IN,Solar Thermal and Photovoltaic,216.3,9.1,15.7,90.5,12.26,10.6,7.38
2018,IN,Wind,2309.8,9.1,15.7,90.5,12.26,10.6,7.38
2018,KS,Coal,4885.6,32.1,28.7,60.3,13.35,10.66,7.6
2018,KS,Hydroelectric,7.0,32.1,28.7,60.3,13.35,10.66,7.6
2018,KS,Natural Gas,4531.7,32.1,28.7,60.3,13.35,10.66,7.6
2018,KS,Nuclear,1267.7,32.1,28.7,60.3,13.35,10.66,7.6
2018,KS,Other,2.0,32.1,28.7,60.3,13.35,10.66,7.6
2018,KS,Other Biomass,9.2,32.1,28.7,60.3,13.35,10.66,7.6
2018,KS,Petroleum,701.6,32.1,28.7,60.3,13.35,10.66,7.6
2018,KS,Solar Thermal and Photovoltaic,4.0,32.1,28.7,60.3,13.35,10.66,7.6
2018,KS,Wind,5375.8,32.1,28.7,60.3,13.35,10.66,7.6
2018,KY,Coal,14193.7,5.2,4.8,94.8,10.6,9.74,5.68
2018,KY,Hydroelectric,1097.3,5.2,4.8,94.8,10.6,9.74,5.68
2018,KY,Natural Gas,8486.9,5.2,4.8,94.8,10.6,9.74,5.68
2018,KY,Other Biomass,20.400000000000002,5.2,4.8,94.8,10.6,9.74,5.68
2018,KY,Petroleum,11.5,5.2,4.8,94.8,10.6,9.74,5.68
2018,KY,Solar Thermal and Photovoltaic,26.3,5.2,4.8,94.8,10.6,9.74,5.68
2018,KY,Wood and Wood Derived Fuels,93.0,5.2,4.8,94.8,10.6,9.74,5.68
2018,LA,Coal,3170.2,2.8,12.0,87.6,9.59,8.85,5.35
2018,LA,Hydroelectric,192.0,2.8,12.0,87.6,9.59,8.85,5.35
2018,LA,Natural Gas,18915.4,2.8,12.0,87.6,9.59,8.85,5.35
2018,LA,Nuclear,2235.7,2.8,12.0,87.6,9.59,8.85,5.35
2018,LA,Other,364.4,2.8,12.0,87.6,9.59,8.85,5.35
2018,LA,Other Biomass,15.1,2.8,12.0,87.6,9.59,8.85,5.35
2018,LA,Other Gases,475.9,2.8,12.0,87.6,9.59,8.85,5.35
2018,LA,Petroleum,1044.2,2.8,12.0,87.6,9.59,8.85,5.35
2018,LA,Solar Thermal and Photovoltaic,1.1,2.8,12.0,87.6,9.59,8.85,5.35
2018,LA,Wood and Wood Derived Fuels,541.4,2.8,12.0,87.6,9.59,8.85,5.35
2018,MA,Hydroelectric,271.4,10.1,84.9,73.2,21.61,17.17,14.89
2018,MA,Natural Gas,7805.9,10.1,84.9,73.2,21.61,17.17,14.89
2018,MA,Nuclear,670.0,10.1,84.9,73.2,21.61,17.17,14.89
2018,MA,Other,6.0,10.1,84.9,73.2,21.61,17.17,14.89
2018,MA,Other Biomass,342.6,10.1,84.9,73.2,21.61,17.17,14.89
2018,MA,Petroleum,2867.3,10.1,84.9,73.2,21.61,17.17,14.89
2018,MA,Pumped Storage,1768.0,10.1,84.9,73.2,21.61,17.17,14.89
2018,MA,Solar Thermal and Photovoltaic,744.9000000000001,10.1,84.9,73.2,21.61,17.17,14.89
2018,MA,Wind,96.0,10.1,84.9,73.2,21.61,17.17,14.89
2018,MA,Wood and Wood Derived Fuels,18.0,10.1,84.9,73.2,21.61,17.17,14.89
2018,MD,Coal,4727.0,7.7,86.3,81.0,13.3,10.43,8.23
2018,MD,Hydroelectric,550.8,7.7,86.3,81.0,13.3,10.43,8.23
2018,MD,Natural Gas,7038.3,7.7,86.3,81.0,13.3,10.43,8.23
2018,MD,Nuclear,1828.7,7.7,86.3,81.0,13.3,10.43,8.23
2018,MD,Other,19.0,7.7,86.3,81.0,13.3,10.43,8.23
2018,MD,Other Biomass,156.2,7.7,86.3,81.0,13.3,10.43,8.23
2018,MD,Petroleum,1468.0,7.7,86.3,81.0,13.3,10.43,8.23
2018,MD,Solar Thermal and Photovoltaic,355.2,7.7,86.3,81.0,13.3,10.43,8.23
2018,MD,Wind,190.0,7.7,86.3,81.0,13.3,10.43,8.23
2018,MD,Wood and Wood Derived Fuels,3.8,7.7,86.3,81.0,13.3,10.43,8.23
2018,ME,Hydroelectric,714.8,47.1,81.6,52.2,16.84,12.51,9.32
2018,ME,Natural Gas,1568.3999999999999,47.1,81.6,52.2,16.84,12.51,9.32
2018,ME,Other,38.7,47.1,81.6,52.2,16.84,12.51,9.32
2018,ME,Other Biomass,50.1,47.1,81.6,52.2,16.84,12.51,9.32
2018,ME,Petroleum,1104.4,47.1,81.6,52.2,16.84,12.51,9.32
2018,ME,Solar Thermal and Photovoltaic,5.6,47.1,81.6,52.2,16.84,12.51,9.32
2018,ME,Wind,921.6,47.1,81.6,52.2,16.84,12.51,9.32
2018,ME,Wood and Wood Derived Fuels,719.0,47.1,81.6,52.2,16.84,12.51,9.32
2018,MI,Coal,10132.2,9.3,12.1,71.1,15.45,11.15,7.1
2018,MI,Hydroelectric,361.6,9.3,12.1,71.1,15.45,11.15,7.1
2018,MI,Natural Gas,11829.199999999999,9.3,12.1,71.1,15.45,11.15,7.1
2018,MI,Nuclear,4314.1,9.3,12.1,71.1,15.45,11.15,7.1
2018,MI,Other,1.1,9.3,12.1,71.1,15.45,11.15,7.1
2018,MI,Other Biomass,241.60000000000002,9.3,12.1,71.1,15.45,11.15,7.1
2018,MI,Other Gases,238.0,9.3,12.1,71.1,15.45,11.15,7.1
2018,MI,Petroleum,565.7,9.3,12.1,71.1,15.45,11.15,7.1
2018,MI,Pumped Storage,1978.8,9.3,12.1,71.1,15.45,11.15,7.1
2018,MI,Solar Thermal and Photovoltaic,99.3,9.3,12.1,71.1,15.45,11.15,7.1
2018,MI,Wind,1901.9,9.3,12.1,71.1,15.45,11.15,7.1
2018,MI,Wood and Wood Derived Fuels,374.6,9.3,12.1,71.1,15.45,11.15,7.1
2018,MN,Coal,4487.7,28.1,25.3,61.7,13.14,10.38,7.52
2018,MN,Hydroelectric,215.3,28.1,25.3,61.7,13.14,10.38,7.52
2018,MN,Natural Gas,6101.900000000001,28.1,25.3,61.7,13.14,10.38,7.52
2018,MN,Nuclear,1871.2,28.1,25.3,61.7,13.14,10.38,7.52
2018,MN,Other,35.2,28.1,25.3,61.7,13.14,10.38,7.52
2018,MN,Other Biomass,207.89999999999998,28.1,25.3,61.7,13.14,10.38,7.52
2018,MN,Petroleum,901.0,28.1,25.3,61.7,13.14,10.38,7.52
2018,MN,Solar Thermal and Photovoltaic,741.5,28.1,25.3,61.7,13.14,10.38,7.52
2018,MN,Wind,3765.6000000000004,28.1,25.3,61.7,13.14,10.38,7.52
2018,MN,Wood and Wood Derived Fuels,309.3,28.1,25.3,61.7,13.14,10.38,7.52
2018,MO,Coal,11144.3,6.7,7.2,85.4,11.34,9.4,7.22
2018,MO,Hydroelectric,506.0,6.7,7.2,85.4,11.34,9.4,7.22
2018,MO,Natural Gas,7303.0,6.7,7.2,85.4,11.34,9.4,7.22
2018,MO,Nuclear,1235.8,6.7,7.2,85.4,11.34,9.4,7.22
2018,MO,Other,2.2,6.7,7.2,85.4,11.34,9.4,7.22
2018,MO,Other Biomass,14.8,6.7,7.2,85.4,11.34,9.4,7.22
2018,MO,Petroleum,1296.1000000000001,6.7,7.2,85.4,11.34,9.4,7.22
2018,MO,Pumped Storage,600.4,6.7,7.2,85.4,11.34,9.4,7.22
2018,MO,Solar Thermal and Photovoltaic,62.1,6.7,7.2,85.4,11.34,9.4,7.22
2018,MO,Wind,959.4,6.7,7.2,85.4,11.34,9.4,7.22
2018,MS,Coal,1610.3,2.9,9.6,88.3,11.12,10.43,6.0
2018,MS,Natural Gas,12831.0,2.9,9.6,88.3,11.12,10.43,6.0
2018,MS,Nuclear,1440.0,2.9,9.6,88.3,11.12,10.43,6.0
2018,MS,Other,1.6,2.9,9.6,88.3,11.12,10.43,6.0
2018,MS,Other Biomass,1.6,2.9,9.6,88.3,11.12,10.43,6.0
2018,MS,Petroleum,19.0,2.9,9.6,88.3,11.12,10.43,6.0
2018,MS,Solar Thermal and Photovoltaic,160.6,2.9,9.6,88.3,11.12,10.43,6.0
2018,MS,Wood and Wood Derived Fuels,311.0,2.9,9.6,88.3,11.12,10.43,6.0
2018,MT,Coal,2580.7,52.5,50.8,46.6,10.96,10.11,5.19
2018,MT,Hydroelectric,2703.0,52.5,50.8,46.6,10.96,10.11,5.19
2018,MT,Natural Gas,474.59999999999997,52.5,50.8,46.6,10.96,10.11,5.19
2018,MT,Other,60.0,52.5,50.8,46.6,10.96,10.11,5.19
2018,MT,Other Gases,1.6,52.5,50.8,46.6,10.96,10.11,5.19
2018,MT,Petroleum,68.0,52.5,50.8,46.6,10.96,10.11,5.19
2018,MT,Solar Thermal and Photovoltaic,17.0,52.5,50.8,46.6,10.96,10.11,5.19
2018,MT,Wind,792.3000000000001,52.5,50.8,46.6,10.96,10.11,5.19
2018,MT,Wood and Wood Derived Fuels,2.8,52.5,50.8,46.6,10.96,10.11,5.19
2018,NC,Coal,11219.4,18.1,17.7,67.0,11.09,8.58,6.33
2018,NC,Hydroelectric,1890.3999999999999,18.1,17.7,67.0,11.09,8.58,6.33
2018,NC,Natural Gas,13106.5,18.1,17.7,67.0,11.09,8.58,6.33
2018,NC,Nuclear,5394.7,18.1,17.7,67.0,11.09,8.58,6.33
2018,NC,Other,55.0,18.1,17.7,67.0,11.09,8.58,6.33
2018,NC,Other Biomass,98.4,18.1,17.7,67.0,11.09,8.58,6.33
2018,NC,Petroleum,579.5,18.1,17.7,67.0,11.09,8.58,6.33
2018,NC,Pumped Storage,95.0,18.1,17.7,67.0,11.09,8.58,6.33
2018,NC,Solar Thermal and Photovoltaic,4007.9,18.1,17.7,67.0,11.09,8.58,6.33
2018,NC,Wind,208.0,18.1,17.7,67.0,11.09,8.58,6.33
2018,NC,Wood and Wood Derived Fuels,535.0,18.1,17.7,67.0,11.09,8.58,6.33
2018,ND,Coal,4244.1,43.5,22.0,56.5,10.25,9.1,7.98
2018,ND,Hydroelectric,614.0,43.5,22.0,56.5,10.25,9.1,7.98
2018,ND,Natural Gas,683.6,43.5,22.0,56.5,10.25,9.1,7.98
2018,ND,Other,5.3,43.5,22.0,56.5,10.25,9.1,7.98
2018,ND,Other Biomass,9.8,43.5,22.0,56.5,10.25,9.1,7.98
2018,ND,Other Gases,7.5,43.5,22.0,56.5,10.25,9.1,7.98
2018,ND,Petroleum,69.7,43.5,22.0,56.5,10.25,9.1,7.98
2018,ND,Wind,3229.0,43.5,22.0,56.5,10.25,9.1,7.98
2018,NE,Coal,3982.9,21.7,17.0,69.8,10.7,8.83,7.6
2018,NE,Hydroelectric,332.3,21.7,17.0,69.8,10.7,8.83,7.6
2018,NE,Natural Gas,2284.9,21.7,17.0,69.8,10.7,8.83,7.6
2018,NE,Nuclear,801.0,21.7,17.0,69.8,10.7,8.83,7.6
2018,NE,Other Biomass,15.7,21.7,17.0,69.8,10.7,8.83,7.6
2018,NE,Petroleum,370.1,21.7,17.0,69.8,10.7,8.83,7.6
2018,NE,Solar Thermal and Photovoltaic,17.9,21.7,17.0,69.8,10.7,8.83,7.6
2018,NE,Wind,1700.0,21.7,17.0,69.8,10.7,8.83,7.6
2018,NH,Coal,559.2,20.8,74.2,52.8,19.69,15.81,13.42
2018,NH,Hydroelectric,513.8,20.8,74.2,52.8,19.69,15.81,13.42
2018,NH,Natural Gas,1400.5,20.8,74.2,52.8,19.69,15.81,13.42
2018,NH,Nuclear,1242.0,20.8,74.2,52.8,19.69,15.81,13.42
2018,NH,Other Biomass,33.5,20.8,74.2,52.8,19.69,15.81,13.42
2018,NH,Petroleum,520.9,20.8,74.2,52.8,19.69,15.81,13.42
2018,NH,Wind,185.3,20.8,74.2,52.8,19.69,15.81,13.42
2018,NH,Wood and Wood Derived Fuels,243.4,20.8,74.2,52.8,19.69,15.81,13.42
2018,NJ,Coal,690.5,5.5,86.5,73.0,15.41,12.21,10.07
2018,NJ,Hydroelectric,14.7,5.5,86.5,73.0,15.41,12.21,10.07
2018,NJ,Natural Gas,12853.7,5.5,86.5,73.0,15.41,12.21,10.07
2018,NJ,Nuclear,3630.7,5.5,86.5,73.0,15.41,12.21,10.07
2018,NJ,Other,34.0,5.5,86.5,73.0,15.41,12.21,10.07
2018,NJ,Other Biomass,262.29999999999995,5.5,86.5,73.0,15.41,12.21,10.07
2018,NJ,Other Gases,30.0,5.5,86.5,73.0,15.41,12.21,10.07
2018,NJ,Petroleum,453.4,5.5,86.5,73.0,15.41,12.21,10.07
2018,NJ,Pumped Storage,453.0,5.5,86.5,73.0,15.41,12.21,10.07
2018,NJ,Solar Thermal and Photovoltaic,771.9,5.5,86.5,73.0,15.41,12.21,10.07
2018,NJ,Wind,9.0,5.5,86.5,73.0,15.41,12.21,10.07
2018,NM,Coal,2817.2,27.2,34.1,72.8,12.68,10.02,5.84
2018,NM,Geothermal,19.2,27.2,34.1,72.8,12.68,10.02,5.84
2018,NM,Hydroelectric,81.7,27.2,34.1,72.8,12.68,10.02,5.84
2018,NM,Natural Gas,3766.9,27.2,34.1,72.8,12.68,10.02,5.84
2018,NM,Other,3.6,27.2,34.1,72.8,12.68,10.02,5.84
2018,NM,Other Biomass,5.4,27.2,34.1,72.8,12.68,10.02,5.84
2018,NM,Petroleum,59.4,27.2,34.1,72.8,12.68,10.02,5.84
2018,NM,Solar Thermal and Photovoltaic,562.2,27.2,34.1,72.8,12.68,10.02,5.84
2018,NM,Wind,1815.4,27.2,34.1,72.8,12.68,10.02,5.84
2018,NV,Coal,809.0,30.1,23.0,69.9,11.85,7.74,6.1
2018,NV,Geothermal,805.3,30.1,23.0,69.9,11.85,7.74,6.1
2018,NV,Hydroelectric,1052.2,30.1,23.0,69.9,11.85,7.74,6.1
2018,NV,Natural Gas,8364.199999999999,30.1,23.0,69.9,11.85,7.74,6.1
2018,NV,Other,7.5,30.1,23.0,69.9,11.85,7.74,6.1
2018,NV,Other Biomass,15.2,30.1,23.0,69.9,11.85,7.74,6.1
2018,NV,Petroleum,6.0,30.1,23.0,69.9,11.85,7.74,6.1
2018,NV,Solar Thermal and Photovoltaic,1926.0,30.1,23.0,69.9,11.85,7.74,6.1
2018,NV,Wind,150.0,30.1,23.0,69.9,11.85,7.74,6.1
2018,NY,Coal,1737.7,17.0,64.9,67.2,18.52,14.5,6.02
2018,NY,Hydroelectric,4691.6,17.0,64.9,67.2,18.52,14.5,6.02
2018,NY,Natural Gas,24107.5,17.0,64.9,67.2,18.52,14.5,6.02
2018,NY,Nuclear,5709.4,17.0,64.9,67.2,18.52,14.5,6.02
2018,NY,Other,26.0,17.0,64.9,67.2,18.52,14.5,6.02
2018,NY,Other Biomass,438.0,17.0,64.9,67.2,18.52,14.5,6.02
2018,NY,Petroleum,3879.2000000000003,17.0,64.9,67.2,18.52,14.5,6.02
2018,NY,Pumped Storage,1240.0,17.0,64.9,67.2,18.52,14.5,6.02
2018,NY,Solar Thermal and Photovoltaic,268.59999999999997,17.0,64.9,67.2,18.52,14.5,6.02
2018,NY,Wind,1991.1999999999998,17.0,64.9,67.2,18.52,14.5,6.02
2018,NY,Wood and Wood Derived Fuels,147.7,17.0,64.9,67.2,18.52,14.5,6.02
2018,OH,Coal,13120.2,3.4,79.7,89.5,12.56,10.11,7.01
2018,OH,Hydroelectric,128.6,3.4,79.7,89.5,12.56,10.11,7.01
2018,OH,Natural Gas,14762.5,3.4,79.7,89.5,12.56,10.11,7.01
2018,OH,Nuclear,2236.8,3.4,79.7,89.5,12.56,10.11,7.01
2018,OH,Other,33.0,3.4,79.7,89.5,12.56,10.11,7.01
2018,OH,Other Biomass,103.8,3.4,79.7,89.5,12.56,10.11,7.01
2018,OH,Other Gases,222.5,3.4,79.7,89.5,12.56,10.11,7.01
2018,OH,Petroleum,806.8999999999999,3.4,79.7,89.5,12.56,10.11,7.01
2018,OH,Solar Thermal and Photovoltaic,84.80000000000001,3.4,79.7,89.5,12.56,10.11,7.01
2018,OH,Wind,718.4000000000001,3.4,79.7,89.5,12.56,10.11,7.01
2018,OH,Wood and Wood Derived Fuels,76.5,3.4,79.7,89.5,12.56,10.11,7.01
2018,OK,Coal,4831.0,29.6,36.6,69.5,10.3,8.07,5.34
2018,OK,Hydroelectric,819.3,29.6,36.6,69.5,10.3,8.07,5.34
2018,OK,Natural Gas,16226.2,29.6,36.6,69.5,10.3,8.07,5.34
2018,OK,Other Biomass,20.0,29.6,36.6,69.5,10.3,8.07,5.34
2018,OK,Petroleum,80.3,29.6,36.6,69.5,10.3,8.07,5.34
2018,OK,Pumped Storage,259.2,29.6,36.6,69.5,10.3,8.07,5.34
2018,OK,Solar Thermal and Photovoltaic,30.5,29.6,36.6,69.5,10.3,8.07,5.34
2018,OK,Wind,8070.7,29.6,36.6,69.5,10.3,8.07,5.34
2018,OK,Wood and Wood Derived Fuels,68.0,29.6,36.6,69.5,10.3,8.07,5.34
2018,OR,Coal,642.2,71.3,22.9,28.7,10.98,8.91,5.86
2018,OR,Geothermal,36.7,71.3,22.9,28.7,10.98,8.91,5.86
2018,OR,Hydroelectric,8452.2,71.3,22.9,28.7,10.98,8.91,5.86
2018,OR,Natural Gas,4330.7,71.3,22.9,28.7,10.98,8.91,5.86
2018,OR,Other,5.0,71.3,22.9,28.7,10.98,8.91,5.86
2018,OR,Other Biomass,58.1,71.3,22.9,28.7,10.98,8.91,5.86
2018,OR,Solar Thermal and Photovoltaic,312.8,71.3,22.9,28.7,10.98,8.91,5.86
2018,OR,Wind,3211.2,71.3,22.9,28.7,10.98,8.91,5.86
2018,OR,Wood and Wood Derived Fuels,300.4,71.3,22.9,28.7,10.98,8.91,5.86
2018,PA,Coal,12897.7,5.5,95.4,71.8,13.89,8.94,6.84
2018,PA,Hydroelectric,919.5,5.5,95.4,71.8,13.89,8.94,6.84
2018,PA,Natural Gas,23222.2,5.5,95.4,71.8,13.89,8.94,6.84
2018,PA,Nuclear,10513.0,5.5,95.4,71.8,13.89,8.94,6.84
2018,PA,Other,48.4,5.5,95.4,71.8,13.89,8.94,6.84
2018,PA,Other Biomass,508.2,5.5,95.4,71.8,13.89,8.94,6.84
2018,PA,Other Gases,116.0,5.5,95.4,71.8,13.89,8.94,6.84
2018,PA,Petroleum,2029.8999999999999,5.5,95.4,71.8,13.89,8.94,6.84
2018,PA,Pumped Storage,1541.0,5.5,95.4,71.8,13.89,8.94,6.84
2018,PA,Solar Thermal and Photovoltaic,59.699999999999996,5.5,95.4,71.8,13.89,8.94,6.84
2018,PA,Wind,1373.4,5.5,95.4,71.8,13.89,8.94,6.84
2018,PA,Wood and Wood Derived Fuels,93.1,5.5,95.4,71.8,13.89,8.94,6.84
2018,RI,Hydroelectric,2.8,6.2,97.5,93.8,20.55,16.58,15.39
2018,RI,Natural Gas,2002.1000000000001,6.2,97.5,93.8,20.55,16.58,15.39
2018,RI,Other Biomass,45.3,6.2,97.5,93.8,20.55,16.58,15.39
2018,RI,Petroleum,7.1,6.2,97.5,93.8,20.55,16.58,15.39
2018,RI,Solar Thermal and Photovoltaic,31.6,6.2,97.5,93.8,20.55,16.58,15.39
2018,RI,Wind,52.5,6.2,97.5,93.8,20.55,16.58,15.39
2018,SC,Coal,5526.9,8.9,5.5,54.1,12.44,10.11,6.1
2018,SC,Hydroelectric,1351.2,8.9,5.5,54.1,12.44,10.11,6.1
2018,SC,Natural Gas,7750.099999999999,8.9,5.5,54.1,12.44,10.11,6.1
2018,SC,Nuclear,6875.1,8.9,5.5,54.1,12.44,10.11,6.1
2018,SC,Other,4.0,8.9,5.5,54.1,12.44,10.11,6.1
2018,SC,Other Biomass,49.7,8.9,5.5,54.1,12.44,10.11,6.1
2018,SC,Petroleum,637.4,8.9,5.5,54.1,12.44,10.11,6.1
2018,SC,Pumped Storage,2657.2,8.9,5.5,54.1,12.44,10.11,6.1
2018,SC,Solar Thermal and Photovoltaic,353.0,8.9,5.5,54.1,12.44,10.11,6.1
2018,SC,Wood and Wood Derived Fuels,535.4,8.9,5.5,54.1,12.44,10.11,6.1
2018,SD,Coal,450.0,56.0,14.4,44.0,11.59,9.62,7.77
2018,SD,Hydroelectric,1602.1,56.0,14.4,44.0,11.59,9.62,7.77
2018,SD,Natural Gas,1207.0,56.0,14.4,44.0,11.59,9.62,7.77
2018,SD,Other,0.8,56.0,14.4,44.0,11.59,9.62,7.77
2018,SD,Petroleum,292.4,56.0,14.4,44.0,11.59,9.62,7.77
2018,SD,Solar Thermal and Photovoltaic,1.0,56.0,14.4,44.0,11.59,9.62,7.77
2018,SD,Wind,877.8000000000001,56.0,14.4,44.0,11.59,9.62,7.77
2018,TN,Coal,6636.5,12.2,0.9,59.8,10.71,10.51,5.68
2018,TN,Hydroelectric,2521.9,12.2,0.9,59.8,10.71,10.51,5.68
2018,TN,Natural Gas,7630.2,12.2,0.9,59.8,10.71,10.51,5.68
2018,TN,Nuclear,4980.8,12.2,0.9,59.8,10.71,10.51,5.68
2018,TN,Other Biomass,14.6,12.2,0.9,59.8,10.71,10.51,5.68
2018,TN,Petroleum,47.6,12.2,0.9,59.8,10.71,10.51,5.68
2018,TN,Pumped Storage,1713.6,12.2,0.9,59.8,10.71,10.51,5.68
2018,TN,Solar Thermal and Photovoltaic,180.60000000000002,12.2,0.9,59.8,10.71,10.51,5.68
2018,TN,Wind,28.8,12.2,0.9,59.8,10.71,10.51,5.68
2018,TN,Wood and Wood Derived Fuels,185.7,12.2,0.9,59.8,10.71,10.51,5.68
2018,TX,Coal,20443.5,20.6,62.5,75.3,11.2,8.16,5.39
2018,TX,Hydroelectric,708.6,20.6,62.5,75.3,11.2,8.16,5.39
2018,TX,Natural Gas,78849.1,20.6,62.5,75.3,11.2,8.16,5.39
2018,TX,Nuclear,5138.6,20.6,62.5,75.3,11.2,8.16,5.39
2018,TX,Other,344.2,20.6,62.5,75.3,11.2,8.16,5.39
2018,TX,Other Biomass,108.6,20.6,62.5,75.3,11.2,8.16,5.39
2018,TX,Other Gases,474.4,20.6,62.5,75.3,11.2,8.16,5.39
2018,TX,Petroleum,117.8,20.6,62.5,75.3,11.2,8.16,5.39
2018,TX,Solar Thermal and Photovoltaic,1943.1000000000001,20.6,62.5,75.3,11.2,8.16,5.39
2018,TX,Wind,24187.3,20.6,62.5,75.3,11.2,8.16,5.39
2018,TX,Wood and Wood Derived Fuels,339.6,20.6,62.5,75.3,11.2,8.16,5.39
2018,US,Coal,264072.5,18.9,38.9,70.3,12.87,10.67,6.92
2018,US,Geothermal,3806.0,18.9,38.9,70.3,12.87,10.67,6.92
2018,US,Hydroelectric,79911.59999999999,18.9,38.9,70.3,12.87,10.67,6.92
2018,US,Natural Gas,537292.1000000001,18.9,38.9,70.3,12.87,10.67,6.92
2018,US,Nuclear,104270.2,18.9,38.9,70.3,12.87,10.67,6.92
2018,US,Other,2569.1000000000004,18.9,38.9,70.3,12.87,10.67,6.92
2018,US,Other Biomass,5713.7,18.9,38.9,70.3,12.87,10.67,6.92
2018,US,Other Gases,2894.3999999999996,18.9,38.9,70.3,12.87,10.67,6.92
2018,US,Petroleum,37028.5,18.9,38.9,70.3,12.87,10.67,6.92
2018,US,Pumped Storage,21871.3,18.9,38.9,70.3,12.87,10.67,6.92
2018,US,Solar Thermal and Photovoltaic,32238.7,18.9,38.9,70.3,12.87,10.67,6.92
2018,US,Wind,94970.5,18.9,38.9,70.3,12.87,10.67,6.92
2018,US,Wood and Wood Derived Fuels,9849.3,18.9,38.9,70.3,12.87,10.67,6.92
2018,UT,Coal,4894.1,16.5,13.9,83.1,10.41,8.23,5.9
2018,UT,Geothermal,83.8,16.5,13.9,83.1,10.41,8.23,5.9
2018,UT,Hydroelectric,275.1,16.5,13.9,83.1,10.41,8.23,5.9
2018,UT,Natural Gas,3245.9999999999995,16.5,13.9,83.1,10.41,8.23,5.9
2018,UT,Other,41.3,16.5,13.9,83.1,10.41,8.23,5.9
2018,UT,Other Biomass,13.5,16.5,13.9,83.1,10.41,8.23,5.9
2018,UT,Petroleum,29.3,16.5,13.9,83.1,10.41,8.23,5.9
2018,UT,Solar Thermal and Photovoltaic,859.1,16.5,13.9,83.1,10.41,8.23,5.9
2018,UT,Wind,388.2,16.5,13.9,83.1,10.41,8.23,5.9
2018,VA,Coal,4030.9,7.3,15.3,71.3,11.73,8.32,6.86
2018,VA,Hydroelectric,822.4,7.3,15.3,71.3,11.73,8.32,6.86
2018,VA,Natural Gas,15777.9,7.3,15.3,71.3,11.73,8.32,6.86
2018,VA,Nuclear,3654.4,7.3,15.3,71.3,11.73,8.32,6.86
2018,VA,Other Biomass,356.4,7.3,15.3,71.3,11.73,8.32,6.86
2018,VA,Petroleum,2751.2000000000003,7.3,15.3,71.3,11.73,8.32,6.86
2018,VA,Pumped Storage,3109.3,7.3,15.3,71.3,11.73,8.32,6.86
2018,VA,Solar Thermal and Photovoltaic,462.0,7.3,15.3,71.3,11.73,8.32,6.86
2018,VA,Wood and Wood Derived Fuels,661.8,7.3,15.3,71.3,11.73,8.32,6.86
2018,VT,Hydroelectric,328.3,83.2,47.4,16.5,18.02,15.24,10.66
2018,VT,Other,3.0,83.2,47.4,16.5,18.02,15.24,10.66
2018,VT,Other Biomass,9.6,83.2,47.4,16.5,18.02,15.24,10.66
2018,VT,Petroleum,132.9,83.2,47.4,16.5,18.02,15.24,10.66
2018,VT,Solar Thermal and Photovoltaic,100.6,83.2,47.4,16.5,18.02,15.24,10.66
2018,VT,Wind,151.0,83.2,47.4,16.5,18.02,15.24,10.66
2018,VT,Wood and Wood Derived Fuels,82.4,83.2,47.4,16.5,18.02,15.24,10.66
2018,WA,Coal,1459.8,77.7,12.8,17.5,9.75,8.72,4.72
2018,WA,Hydroelectric,21272.5,77.7,12.8,17.5,9.75,8.72,4.72
2018,WA,Natural Gas,4116.400000000001,77.7,12.8,17.5,9.75,8.72,4.72
2018,WA,Nuclear,1200.0,77.7,12.8,17.5,9.75,8.72,4.72
2018,WA,Other,6.4,77.7,12.8,17.5,9.75,8.72,4.72
2018,WA,Other Biomass,77.0,77.7,12.8,17.5,9.75,8.72,4.72
2018,WA,Petroleum,15.5,77.7,12.8,17.5,9.75,8.72,4.72
2018,WA,Pumped Storage,314.0,77.7,12.8,17.5,9.75,8.72,4.72
2018,WA,Solar Thermal and Photovoltaic,19.7,77.7,12.8,17.5,9.75,8.72,4.72
2018,WA,Wind,3074.0,77.7,12.8,17.5,9.75,8.72,4.72
2018,WA,Wood and Wood Derived Fuels,325.09999999999997,77.7,12.8,17.5,9.75,8.72,4.72
2018,WI,Coal,5906.2,10.0,13.2,82.5,14.02,10.67,7.33
2018,WI,Hydroelectric,537.9,10.0,13.2,82.5,14.02,10.67,7.33
2018,WI,Natural Gas,7625.299999999999,10.0,13.2,82.5,14.02,10.67,7.33
2018,WI,Nuclear,1286.0,10.0,13.2,82.5,14.02,10.67,7.33
2018,WI,Other,20.8,10.0,13.2,82.5,14.02,10.67,7.33
2018,WI,Other Biomass,112.1,10.0,13.2,82.5,14.02,10.67,7.33
2018,WI,Petroleum,818.0,10.0,13.2,82.5,14.02,10.67,7.33
2018,WI,Solar Thermal and Photovoltaic,23.9,10.0,13.2,82.5,14.02,10.67,7.33
2018,WI,Wind,736.2,10.0,13.2,82.5,14.02,10.67,7.33
2018,WI,Wood and Wood Derived Fuels,325.6,10.0,13.2,82.5,14.02,10.67,7.33
2018,WV,Coal,13071.7,6.8,24.6,92.9,11.18,9.24,6.4
2018,WV,Hydroelectric,370.6,6.8,24.6,92.9,11.18,9.24,6.4
2018,WV,Natural Gas,1331.9,6.8,24.6,92.9,11.18,9.24,6.4
2018,WV,Other,49.5,6.8,24.6,92.9,11.18,9.24,6.4
2018,WV,Petroleum,18.5,6.8,24.6,92.9,11.18,9.24,6.4
2018,WV,Wind,686.3,6.8,24.6,92.9,11.18,9.24,6.4
2018,WY,Coal,7254.1,19.6,10.8,80.3,11.29,9.58,6.71
2018,WY,Hydroelectric,303.4,19.6,10.8,80.3,11.29,9.58,6.71
2018,WY,Natural Gas,306.4,19.6,10.8,80.3,11.29,9.58,6.71
2018,WY,Other,12.4,19.6,10.8,80.3,11.29,9.58,6.71
2018,WY,Other Gases,147.7,19.6,10.8,80.3,11.29,9.58,6.71
2018,WY,Petroleum,5.800000000000001,19.6,10.8,80.3,11.29,9.58,6.71
2018,WY,Solar Thermal and Photovoltaic,92.0,19.6,10.8,80.3,11.29,9.58,6.71
2018,WY,Wind,1487.3,19.6,10.8,80.3,11.29,9.58,6.71
2019,AK,Coal,175.5,18.1,0.8,80.3,22.92,19.8,16.94
2019,AK,Hydroelectric,476.2,18.1,0.8,80.3,22.92,19.8,16.94
2019,AK,Natural Gas,1424.3999999999999,18.1,0.8,80.3,22.92,19.8,16.94
2019,AK,Other,47.2,18.1,0.8,80.3,22.92,19.8,16.94
2019,AK,Other Biomass,11.5,18.1,0.8,80.3,22.92,19.8,16.94
2019,AK,Petroleum,834.9,18.1,0.8,80.3,22.92,19.8,16.94
2019,AK,Wind,61.6,18.1,0.8,80.3,22.92,19.8,16.94
2019,AL,Coal,5504.5,13.8,27.0,68.9,12.53,11.52,5.95
2019,AL,Hydroelectric,3318.3,13.8,27.0,68.9,12.53,11.52,5.95
2019,AL,Natural Gas,15402.099999999999,13.8,27.0,68.9,12.53,11.52,5.95
2019,AL,Nuclear,5270.4,13.8,27.0,68.9,12.53,11.52,5.95
2019,AL,Other,1.0,13.8,27.0,68.9,12.53,11.52,5.95
2019,AL,Other Biomass,6.4,13.8,27.0,68.9,12.53,11.52,5.95
2019,AL,Other Gases,28.8,13.8,27.0,68.9,12.53,11.52,5.95
2019,AL,Petroleum,47.800000000000004,13.8,27.0,68.9,12.53,11.52,5.95
2019,AL,Solar Thermal and Photovoltaic,196.9,13.8,27.0,68.9,12.53,11.52,5.95
2019,AL,Wood and Wood Derived Fuels,685.1,13.8,27.0,68.9,12.53,11.52,5.95
2019,AR,Coal,5487.0,10.7,5.2,77.7,9.8,8.78,6.13
2019,AR,Hydroelectric,1320.9,10.7,5.2,77.7,9.8,8.78,6.13
2019,AR,Natural Gas,7229.400000000001,10.7,5.2,77.7,9.8,8.78,6.13
2019,AR,Nuclear,1845.0,10.7,5.2,77.7,9.8,8.78,6.13
2019,AR,Other,12.0,10.7,5.2,77.7,9.8,8.78,6.13
2019,AR,Other Biomass,28.1,10.7,5.2,77.7,9.8,8.78,6.13
2019,AR,Petroleum,9.1,10.7,5.2,77.7,9.8,8.78,6.13
2019,AR,Pumped Storage,28.0,10.7,5.2,77.7,9.8,8.78,6.13
2019,AR,Solar Thermal and Photovoltaic,112.2,10.7,5.2,77.7,9.8,8.78,6.13
2019,AR,Wood and Wood Derived Fuels,296.5,10.7,5.2,77.7,9.8,8.78,6.13
2019,AZ,Coal,3631.5,17.1,20.7,68.3,12.43,10.25,6.28
2019,AZ,Hydroelectric,2718.0,17.1,20.7,68.3,12.43,10.25,6.28
2019,AZ,Natural Gas,16935.3,17.1,20.7,68.3,12.43,10.25,6.28
2019,AZ,Nuclear,4209.6,17.1,20.7,68.3,12.43,10.25,6.28
2019,AZ,Other,42.0,17.1,20.7,68.3,12.43,10.25,6.28
2019,AZ,Other Biomass,6.0,17.1,20.7,68.3,12.43,10.25,6.28
2019,AZ,Petroleum,128.3,17.1,20.7,68.3,12.43,10.25,6.28
2019,AZ,Pumped Storage,194.1,17.1,20.7,68.3,12.43,10.25,6.28
2019,AZ,Solar Thermal and Photovoltaic,2158.0,17.1,20.7,68.3,12.43,10.25,6.28
2019,AZ,Wind,267.3,17.1,20.7,68.3,12.43,10.25,6.28
2019,AZ,Wood and Wood Derived Fuels,30.2,17.1,20.7,68.3,12.43,10.25,6.28
2019,CA,Coal,62.5,41.1,54.5,50.9,19.15,16.67,13.4
2019,CA,Geothermal,2808.0,41.1,54.5,50.9,19.15,16.67,13.4
2019,CA,Hydroelectric,10074.1,41.1,54.5,50.9,19.15,16.67,13.4
2019,CA,Natural Gas,40194.0,41.1,54.5,50.9,19.15,16.67,13.4
2019,CA,Nuclear,2323.0,41.1,54.5,50.9,19.15,16.67,13.4
2019,CA,Other,368.2,41.1,54.5,50.9,19.15,16.67,13.4
2019,CA,Other Biomass,557.3,41.1,54.5,50.9,19.15,16.67,13.4
2019,CA,Other Gases,270.1,41.1,54.5,50.9,19.15,16.67,13.4
2019,CA,Petroleum,578.1,41.1,54.5,50.9,19.15,16.67,13.4
2019,CA,Pumped Storage,3745.6,41.1,54.5,50.9,19.15,16.67,13.4
2019,CA,Solar Thermal and Photovoltaic,12795.4,41.1,54.5,50.9,19.15,16.67,13.4
2019,CA,Wind,6162.6,41.1,54.5,50.9,19.15,16.67,13.4
2019,CA,Wood and Wood Derived Fuels,817.5,41.1,54.5,50.9,19.15,16.67,13.4
2019,CO,Coal,4791.5,27.6,32.6,69.6,12.18,10.43,7.4
2019,CO,Hydroelectric,668.4,27.6,32.6,69.6,12.18,10.43,7.4
2019,CO,Natural Gas,7796.0,27.6,32.6,69.6,12.18,10.43,7.4
2019,CO,Other,21.1,27.6,32.6,69.6,12.18,10.43,7.4
2019,CO,Other Biomass,21.4,27.6,32.6,69.6,12.18,10.43,7.4
2019,CO,Petroleum,200.7,27.6,32.6,69.6,12.18,10.43,7.4
2019,CO,Pumped Storage,508.5,27.6,32.6,69.6,12.18,10.43,7.4
2019,CO,Solar Thermal and Photovoltaic,607.9,27.6,32.6,69.6,12.18,10.43,7.4
2019,CO,Wind,3758.4,27.6,32.6,69.6,12.18,10.43,7.4
2019,CO,Wood and Wood Derived Fuels,12.6,27.6,32.6,69.6,12.18,10.43,7.4
2019,CT,Coal,400.0,4.5,95.1,75.7,21.87,16.75,13.44
2019,CT,Hydroelectric,115.5,4.5,95.1,75.7,21.87,16.75,13.44
2019,CT,Natural Gas,5794.200000000001,4.5,95.1,75.7,21.87,16.75,13.44
2019,CT,Nuclear,2162.9,4.5,95.1,75.7,21.87,16.75,13.44
2019,CT,Other,32.9,4.5,95.1,75.7,21.87,16.75,13.44
2019,CT,Other Biomass,208.6,4.5,95.1,75.7,21.87,16.75,13.44
2019,CT,Petroleum,2348.5,4.5,95.1,75.7,21.87,16.75,13.44
2019,CT,Pumped Storage,31.0,4.5,95.1,75.7,21.87,16.75,13.44
2019,CT,Solar Thermal and Photovoltaic,135.9,4.5,95.1,75.7,21.87,16.75,13.44
2019,CT,Wind,5.0,4.5,95.1,75.7,21.87,16.75,13.44
2019,CT,Wood and Wood Derived Fuels,43.0,4.5,95.1,75.7,21.87,16.75,13.44
2019,DC,Natural Gas,22.9,47.8,15.7,52.2,12.98,12.26,8.22
2019,DC,Other Biomass,14.1,47.8,15.7,52.2,12.98,12.26,8.22
2019,DC,Solar Thermal and Photovoltaic,6.9,47.8,15.7,52.2,12.98,12.26,8.22
2019,DE,Coal,445.5,1.4,84.8,98.6,12.55,9.53,7.7
2019,DE,Natural Gas,2792.3,1.4,84.8,98.6,12.55,9.53,7.7
2019,DE,Other Biomass,12.2,1.4,84.8,98.6,12.55,9.53,7.7
2019,DE,Other Gases,140.0,1.4,84.8,98.6,12.55,9.53,7.7
2019,DE,Petroleum,166.7,1.4,84.8,98.6,12.55,9.53,7.7
2019,DE,Solar Thermal and Photovoltaic,36.8,1.4,84.8,98.6,12.55,9.53,7.7
2019,DE,Wind,2.0,1.4,84.8,98.6,12.55,9.53,7.7
2019,FL,Coal,8634.6,5.3,7.9,88.4,11.7,9.27,7.65
2019,FL,Hydroelectric,43.5,5.3,7.9,88.4,11.7,9.27,7.65
2019,FL,Natural Gas,46446.7,5.3,7.9,88.4,11.7,9.27,7.65
2019,FL,Nuclear,3797.2,5.3,7.9,88.4,11.7,9.27,7.65
2019,FL,Other,375.3,5.3,7.9,88.4,11.7,9.27,7.65
2019,FL,Other Biomass,836.0,5.3,7.9,88.4,11.7,9.27,7.65
2019,FL,Petroleum,3919.0,5.3,7.9,88.4,11.7,9.27,7.65
2019,FL,Solar Thermal and Photovoltaic,2145.0,5.3,7.9,88.4,11.7,9.27,7.65
2019,FL,Wood and Wood Derived Fuels,535.0,5.3,7.9,88.4,11.7,9.27,7.65
2019,GA,Coal,8966.6,11.6,22.5,73.5,11.76,10.02,6.17
2019,GA,Hydroelectric,1963.2,11.6,22.5,73.5,11.76,10.02,6.17
2019,GA,Natural Gas,18974.7,11.6,22.5,73.5,11.76,10.02,6.17
2019,GA,Nuclear,4278.0,11.6,22.5,73.5,11.76,10.02,6.17
2019,GA,Other,1.0,11.6,22.5,73.5,11.76,10.02,6.17
2019,GA,Other Biomass,61.5,11.6,22.5,73.5,11.76,10.02,6.17
2019,GA,Petroleum,1212.6,11.6,22.5,73.5,11.76,10.02,6.17
2019,GA,Pumped Storage,1634.6,11.6,22.5,73.5,11.76,10.02,6.17
2019,GA,Solar Thermal and Photovoltaic,1525.1000000000001,11.6,22.5,73.5,11.76,10.02,6.17
2019,GA,Wood and Wood Derived Fuels,1057.5,11.6,22.5,73.5,11.76,10.02,6.17
2019,HI,Coal,203.0,22.6,19.4,74.2,32.06,29.23,25.76
2019,HI,Geothermal,51.0,22.6,19.4,74.2,32.06,29.23,25.76
2019,HI,Hydroelectric,33.6,22.6,19.4,74.2,32.06,29.23,25.76
2019,HI,Other,102.1,22.6,19.4,74.2,32.06,29.23,25.76
2019,HI,Other Biomass,167.0,22.6,19.4,74.2,32.06,29.23,25.76
2019,HI,Petroleum,2181.5,22.6,19.4,74.2,32.06,29.23,25.76
2019,HI,Solar Thermal and Photovoltaic,268.4,22.6,19.4,74.2,32.06,29.23,25.76
2019,HI,Wind,205.6,22.6,19.4,74.2,32.06,29.23,25.76
2019,IA,Coal,5800.7,46.5,17.3,50.3,12.46,9.99,6.6
2019,IA,Hydroelectric,129.2,46.5,17.3,50.3,12.46,9.99,6.6
2019,IA,Natural Gas,4165.4,46.5,17.3,50.3,12.46,9.99,6.6
2019,IA,Nuclear,679.5,46.5,17.3,50.3,12.46,9.99,6.6
2019,IA,Other,1.1,46.5,17.3,50.3,12.46,9.99,6.6
2019,IA,Other Biomass,20.6,46.5,17.3,50.3,12.46,9.99,6.6
2019,IA,Petroleum,932.6999999999999,46.5,17.3,50.3,12.46,9.99,6.6
2019,IA,Solar Thermal and Photovoltaic,13.8,46.5,17.3,50.3,12.46,9.99,6.6
2019,IA,Wind,9906.3,46.5,17.3,50.3,12.46,9.99,6.6
2019,ID,Coal,10.2,76.2,32.2,23.6,9.89,7.67,6.08
2019,ID,Geothermal,18.0,76.2,32.2,23.6,9.89,7.67,6.08
2019,ID,Hydroelectric,2687.1000000000004,76.2,32.2,23.6,9.89,7.67,6.08
2019,ID,Natural Gas,1243.9,76.2,32.2,23.6,9.89,7.67,6.08
2019,ID,Other,15.9,76.2,32.2,23.6,9.89,7.67,6.08
2019,ID,Other Biomass,23.4,76.2,32.2,23.6,9.89,7.67,6.08
2019,ID,Petroleum,5.0,76.2,32.2,23.6,9.89,7.67,6.08
2019,ID,Solar Thermal and Photovoltaic,242.0,76.2,32.2,23.6,9.89,7.67,6.08
2019,ID,Wind,974.4,76.2,32.2,23.6,9.89,7.67,6.08
2019,ID,Wood and Wood Derived Fuels,126.2,76.2,32.2,23.6,9.89,7.67,6.08
2019,IL,Coal,11744.399999999998,11.0,87.3,63.5,13.03,9.08,6.52
2019,IL,Hydroelectric,39.7,11.0,87.3,63.5,13.03,9.08,6.52
2019,IL,Natural Gas,18818.6,11.0,87.3,63.5,13.03,9.08,6.52
2019,IL,Nuclear,12415.1,11.0,87.3,63.5,13.03,9.08,6.52
2019,IL,Other,210.70000000000002,11.0,87.3,63.5,13.03,9.08,6.52
2019,IL,Other Biomass,102.1,11.0,87.3,63.5,13.03,9.08,6.52
2019,IL,Other Gases,39.7,11.0,87.3,63.5,13.03,9.08,6.52
2019,IL,Petroleum,796.1,11.0,87.3,63.5,13.03,9.08,6.52
2019,IL,Solar Thermal and Photovoltaic,44.4,11.0,87.3,63.5,13.03,9.08,6.52
2019,IL,Wind,5227.9,11.0,87.3,63.5,13.03,9.08,6.52
2019,IN,Coal,16976.4,9.2,15.9,90.4,12.58,11.03,7.36
2019,IN,Hydroelectric,96.4,9.2,15.9,90.4,12.58,11.03,7.36
2019,IN,Natural Gas,9042.0,9.2,15.9,90.4,12.58,11.03,7.36
2019,IN,Other,122.6,9.2,15.9,90.4,12.58,11.03,7.36
2019,IN,Other Biomass,73.9,9.2,15.9,90.4,12.58,11.03,7.36
2019,IN,Other Gases,696.2,9.2,15.9,90.4,12.58,11.03,7.36
2019,IN,Petroleum,114.0,9.2,15.9,90.4,12.58,11.03,7.36
2019,IN,Solar Thermal and Photovoltaic,245.10000000000002,9.2,15.9,90.4,12.58,11.03,7.36
2019,IN,Wind,2309.8,9.2,15.9,90.4,12.58,11.03,7.36
2019,KS,Coal,4885.6,35.9,32.5,56.8,12.71,10.29,7.35
2019,KS,Hydroelectric,7.0,35.9,32.5,56.8,12.71,10.29,7.35
2019,KS,Natural Gas,4247.6,35.9,32.5,56.8,12.71,10.29,7.35
2019,KS,Nuclear,1267.7,35.9,32.5,56.8,12.71,10.29,7.35
2019,KS,Other,2.0,35.9,32.5,56.8,12.71,10.29,7.35
2019,KS,Other Biomass,9.2,35.9,32.5,56.8,12.71,10.29,7.35
2019,KS,Petroleum,646.6,35.9,32.5,56.8,12.71,10.29,7.35
2019,KS,Solar Thermal and Photovoltaic,10.0,35.9,32.5,56.8,12.71,10.29,7.35
2019,KS,Wind,6150.0,35.9,32.5,56.8,12.71,10.29,7.35
2019,KY,Coal,13495.6,5.3,5.0,94.7,10.8,10.15,5.57
2019,KY,Hydroelectric,1097.3,5.3,5.0,94.7,10.8,10.15,5.57
2019,KY,Natural Gas,8470.6,5.3,5.0,94.7,10.8,10.15,5.57
2019,KY,Other Biomass,22.8,5.3,5.0,94.7,10.8,10.15,5.57
2019,KY,Petroleum,11.5,5.3,5.0,94.7,10.8,10.15,5.57
2019,KY,Solar Thermal and Photovoltaic,26.3,5.3,5.0,94.7,10.8,10.15,5.57
2019,KY,Wood and Wood Derived Fuels,93.0,5.3,5.0,94.7,10.8,10.15,5.57
2019,LA,Coal,3170.2,2.5,11.6,88.0,9.8,8.91,5.23
2019,LA,Hydroelectric,192.0,2.5,11.6,88.0,9.8,8.91,5.23
2019,LA,Natural Gas,19840.1,2.5,11.6,88.0,9.8,8.91,5.23
2019,LA,Nuclear,2235.7,2.5,11.6,88.0,9.8,8.91,5.23
2019,LA,Other,422.59999999999997,2.5,11.6,88.0,9.8,8.91,5.23
2019,LA,Other Biomass,15.1,2.5,11.6,88.0,9.8,8.91,5.23
2019,LA,Other Gases,475.9,2.5,11.6,88.0,9.8,8.91,5.23
2019,LA,Petroleum,984.2,2.5,11.6,88.0,9.8,8.91,5.23
2019,LA,Solar Thermal and Photovoltaic,1.1,2.5,11.6,88.0,9.8,8.91,5.23
2019,LA,Wood and Wood Derived Fuels,473.7,2.5,11.6,88.0,9.8,8.91,5.23
2019,MA,Hydroelectric,270.6,10.9,84.5,76.8,21.92,16.8,14.76
2019,MA,Natural Gas,8340.4,10.9,84.5,76.8,21.92,16.8,14.76
2019,MA,Other,26.5,10.9,84.5,76.8,21.92,16.8,14.76
2019,MA,Other Biomass,342.6,10.9,84.5,76.8,21.92,16.8,14.76
2019,MA,Petroleum,2877.6000000000004,10.9,84.5,76.8,21.92,16.8,14.76
2019,MA,Pumped Storage,1768.0,10.9,84.5,76.8,21.92,16.8,14.76
2019,MA,Solar Thermal and Photovoltaic,862.6999999999999,10.9,84.5,76.8,21.92,16.8,14.76
2019,MA,Wind,100.6,10.9,84.5,76.8,21.92,16.8,14.76
2019,MA,Wood and Wood Derived Fuels,18.0,10.9,84.5,76.8,21.92,16.8,14.76
2019,MD,Coal,4662.2,7.6,86.5,80.8,13.12,9.97,7.8
2019,MD,Hydroelectric,550.8,7.6,86.5,80.8,13.12,9.97,7.8
2019,MD,Natural Gas,7028.8,7.6,86.5,80.8,13.12,9.97,7.8
2019,MD,Nuclear,1850.4,7.6,86.5,80.8,13.12,9.97,7.8
2019,MD,Other,19.0,7.6,86.5,80.8,13.12,9.97,7.8
2019,MD,Other Biomass,156.2,7.6,86.5,80.8,13.12,9.97,7.8
2019,MD,Petroleum,1320.4,7.6,86.5,80.8,13.12,9.97,7.8
2019,MD,Solar Thermal and Photovoltaic,322.5,7.6,86.5,80.8,13.12,9.97,7.8
2019,MD,Wind,190.0,7.6,86.5,80.8,13.12,9.97,7.8
2019,MD,Wood and Wood Derived Fuels,3.8,7.6,86.5,80.8,13.12,9.97,7.8
2019,ME,Hydroelectric,713.6000000000001,45.6,86.1,53.6,17.89,12.83,9.22
2019,ME,Natural Gas,1755.2,45.6,86.1,53.6,17.89,12.83,9.22
2019,ME,Other,38.7,45.6,86.1,53.6,17.89,12.83,9.22
2019,ME,Other Biomass,50.1,45.6,86.1,53.6,17.89,12.83,9.22
2019,ME,Petroleum,915.6,45.6,86.1,53.6,17.89,12.83,9.22
2019,ME,Solar Thermal and Photovoltaic,5.6,45.6,86.1,53.6,17.89,12.83,9.22
2019,ME,Wind,924.6,45.6,86.1,53.6,17.89,12.83,9.22
2019,ME,Wood and Wood Derived Fuels,580.5,45.6,86.1,53.6,17.89,12.83,9.22
2019,MI,Coal,9436.0,10.1,12.4,70.0,15.74,11.39,7.07
2019,MI,Hydroelectric,361.6,10.1,12.4,70.0,15.74,11.39,7.07
2019,MI,Natural Gas,11979.3,10.1,12.4,70.0,15.74,11.39,7.07
2019,MI,Nuclear,4314.1,10.1,12.4,70.0,15.74,11.39,7.07
2019,MI,Other,1.1,10.1,12.4,70.0,15.74,11.39,7.07
2019,MI,Other Biomass,178.8,10.1,12.4,70.0,15.74,11.39,7.07
2019,MI,Other Gases,238.0,10.1,12.4,70.0,15.74,11.39,7.07
2019,MI,Petroleum,567.3,10.1,12.4,70.0,15.74,11.39,7.07
2019,MI,Pumped Storage,1978.8,10.1,12.4,70.0,15.74,11.39,7.07
2019,MI,Solar Thermal and Photovoltaic,103.1,10.1,12.4,70.0,15.74,11.39,7.07
2019,MI,Wind,2187.1000000000004,10.1,12.4,70.0,15.74,11.39,7.07
2019,MI,Wood and Wood Derived Fuels,379.9,10.1,12.4,70.0,15.74,11.39,7.07
2019,MN,Coal,4514.2,28.5,26.6,61.5,13.04,10.34,7.53
2019,MN,Hydroelectric,215.3,28.5,26.6,61.5,13.04,10.34,7.53
2019,MN,Natural Gas,6239.1,28.5,26.6,61.5,13.04,10.34,7.53
2019,MN,Nuclear,1871.2,28.5,26.6,61.5,13.04,10.34,7.53
2019,MN,Other,38.2,28.5,26.6,61.5,13.04,10.34,7.53
2019,MN,Other Biomass,143.3,28.5,26.6,61.5,13.04,10.34,7.53
2019,MN,Petroleum,901.0,28.5,26.6,61.5,13.04,10.34,7.53
2019,MN,Solar Thermal and Photovoltaic,901.1999999999999,28.5,26.6,61.5,13.04,10.34,7.53
2019,MN,Wind,3858.6,28.5,26.6,61.5,13.04,10.34,7.53
2019,MN,Wood and Wood Derived Fuels,276.6,28.5,26.6,61.5,13.04,10.34,7.53
2019,MO,Coal,11122.3,6.7,7.1,85.4,11.14,9.07,7.11
2019,MO,Hydroelectric,506.0,6.7,7.1,85.4,11.14,9.07,7.11
2019,MO,Natural Gas,7300.2,6.7,7.1,85.4,11.14,9.07,7.11
2019,MO,Nuclear,1235.8,6.7,7.1,85.4,11.14,9.07,7.11
2019,MO,Other,2.2,6.7,7.1,85.4,11.14,9.07,7.11
2019,MO,Other Biomass,14.8,6.7,7.1,85.4,11.14,9.07,7.11
2019,MO,Petroleum,1287.6000000000001,6.7,7.1,85.4,11.14,9.07,7.11
2019,MO,Pumped Storage,600.4,6.7,7.1,85.4,11.14,9.07,7.11
2019,MO,Solar Thermal and Photovoltaic,62.1,6.7,7.1,85.4,11.14,9.07,7.11
2019,MO,Wind,959.4,6.7,7.1,85.4,11.14,9.07,7.11
2019,MS,Coal,1610.3,3.3,4.5,87.8,11.27,10.52,5.85
2019,MS,Natural Gas,12592.300000000001,3.3,4.5,87.8,11.27,10.52,5.85
2019,MS,Nuclear,1440.0,3.3,4.5,87.8,11.27,10.52,5.85
2019,MS,Other,1.6,3.3,4.5,87.8,11.27,10.52,5.85
2019,MS,Other Biomass,1.6,3.3,4.5,87.8,11.27,10.52,5.85
2019,MS,Petroleum,9.0,3.3,4.5,87.8,11.27,10.52,5.85
2019,MS,Solar Thermal and Photovoltaic,218.1,3.3,4.5,87.8,11.27,10.52,5.85
2019,MS,Wood and Wood Derived Fuels,311.0,3.3,4.5,87.8,11.27,10.52,5.85
2019,MT,Coal,2580.7,52.5,50.9,46.6,11.13,10.41,5.45
2019,MT,Hydroelectric,2700.8999999999996,52.5,50.9,46.6,11.13,10.41,5.45
2019,MT,Natural Gas,474.59999999999997,52.5,50.9,46.6,11.13,10.41,5.45
2019,MT,Other,60.0,52.5,50.9,46.6,11.13,10.41,5.45
2019,MT,Other Gases,1.6,52.5,50.9,46.6,11.13,10.41,5.45
2019,MT,Petroleum,68.0,52.5,50.9,46.6,11.13,10.41,5.45
2019,MT,Solar Thermal and Photovoltaic,17.0,52.5,50.9,46.6,11.13,10.41,5.45
2019,MT,Wind,800.1,52.5,50.9,46.6,11.13,10.41,5.45
2019,MT,Wood and Wood Derived Fuels,2.8,52.5,50.9,46.6,11.13,10.41,5.45
2019,NC,Coal,11104.6,19.1,18.5,66.3,11.42,8.81,6.3
2019,NC,Hydroelectric,1890.3999999999999,19.1,18.5,66.3,11.42,8.81,6.3
2019,NC,Natural Gas,13555.099999999999,19.1,18.5,66.3,11.42,8.81,6.3
2019,NC,Nuclear,5394.7,19.1,18.5,66.3,11.42,8.81,6.3
2019,NC,Other,55.0,19.1,18.5,66.3,11.42,8.81,6.3
2019,NC,Other Biomass,103.5,19.1,18.5,66.3,11.42,8.81,6.3
2019,NC,Petroleum,578.5,19.1,18.5,66.3,11.42,8.81,6.3
2019,NC,Pumped Storage,95.0,19.1,18.5,66.3,11.42,8.81,6.3
2019,NC,Solar Thermal and Photovoltaic,4519.6,19.1,18.5,66.3,11.42,8.81,6.3
2019,NC,Wind,208.0,19.1,18.5,66.3,11.42,8.81,6.3
2019,NC,Wood and Wood Derived Fuels,535.0,19.1,18.5,66.3,11.42,8.81,6.3
2019,ND,Coal,4137.900000000001,45.2,24.6,54.8,10.3,9.01,7.94
2019,ND,Hydroelectric,583.4,45.2,24.6,54.8,10.3,9.01,7.94
2019,ND,Natural Gas,789.8,45.2,24.6,54.8,10.3,9.01,7.94
2019,ND,Other,5.3,45.2,24.6,54.8,10.3,9.01,7.94
2019,ND,Other Biomass,9.8,45.2,24.6,54.8,10.3,9.01,7.94
2019,ND,Other Gases,7.5,45.2,24.6,54.8,10.3,9.01,7.94
2019,ND,Petroleum,69.7,45.2,24.6,54.8,10.3,9.01,7.94
2019,ND,Wind,3535.7000000000003,45.2,24.6,54.8,10.3,9.01,7.94
2019,NE,Coal,3982.9,25.5,21.0,66.4,10.77,8.85,7.65
2019,NE,Hydroelectric,329.9,25.5,21.0,66.4,10.77,8.85,7.65
2019,NE,Natural Gas,2280.8,25.5,21.0,66.4,10.77,8.85,7.65
2019,NE,Nuclear,801.0,25.5,21.0,66.4,10.77,8.85,7.65
2019,NE,Other Biomass,15.7,25.5,21.0,66.4,10.77,8.85,7.65
2019,NE,Petroleum,369.2,25.5,21.0,66.4,10.77,8.85,7.65
2019,NE,Solar Thermal and Photovoltaic,24.400000000000002,25.5,21.0,66.4,10.77,8.85,7.65
2019,NE,Wind,2180.6,25.5,21.0,66.4,10.77,8.85,7.65
2019,NH,Coal,559.2,21.3,74.3,52.5,20.05,15.93,13.09
2019,NH,Hydroelectric,513.8,21.3,74.3,52.5,20.05,15.93,13.09
2019,NH,Natural Gas,1814.5,21.3,74.3,52.5,20.05,15.93,13.09
2019,NH,Nuclear,1242.0,21.3,74.3,52.5,20.05,15.93,13.09
2019,NH,Other Biomass,33.5,21.3,74.3,52.5,20.05,15.93,13.09
2019,NH,Petroleum,106.9,21.3,74.3,52.5,20.05,15.93,13.09
2019,NH,Wind,214.1,21.3,74.3,52.5,20.05,15.93,13.09
2019,NH,Wood and Wood Derived Fuels,243.4,21.3,74.3,52.5,20.05,15.93,13.09
2019,NJ,Coal,527.3,5.9,86.1,72.3,15.85,12.23,10.16
2019,NJ,Hydroelectric,14.7,5.9,86.1,72.3,15.85,12.23,10.16
2019,NJ,Natural Gas,12889.2,5.9,86.1,72.3,15.85,12.23,10.16
2019,NJ,Nuclear,3630.7,5.9,86.1,72.3,15.85,12.23,10.16
2019,NJ,Other,53.8,5.9,86.1,72.3,15.85,12.23,10.16
2019,NJ,Other Biomass,237.1,5.9,86.1,72.3,15.85,12.23,10.16
2019,NJ,Other Gases,30.0,5.9,86.1,72.3,15.85,12.23,10.16
2019,NJ,Petroleum,283.1,5.9,86.1,72.3,15.85,12.23,10.16
2019,NJ,Pumped Storage,453.0,5.9,86.1,72.3,15.85,12.23,10.16
2019,NJ,Solar Thermal and Photovoltaic,857.1999999999999,5.9,86.1,72.3,15.85,12.23,10.16
2019,NJ,Wind,9.0,5.9,86.1,72.3,15.85,12.23,10.16
2019,NM,Coal,2817.2,29.8,35.9,70.2,12.51,9.79,5.48
2019,NM,Geothermal,19.2,29.8,35.9,70.2,12.51,9.79,5.48
2019,NM,Hydroelectric,81.7,29.8,35.9,70.2,12.51,9.79,5.48
2019,NM,Natural Gas,3765.8,29.8,35.9,70.2,12.51,9.79,5.48
2019,NM,Other,2.9000000000000004,29.8,35.9,70.2,12.51,9.79,5.48
2019,NM,Other Biomass,5.4,29.8,35.9,70.2,12.51,9.79,5.48
2019,NM,Petroleum,59.4,29.8,35.9,70.2,12.51,9.79,5.48
2019,NM,Solar Thermal and Photovoltaic,674.7,29.8,35.9,70.2,12.51,9.79,5.48
2019,NM,Wind,2035.9,29.8,35.9,70.2,12.51,9.79,5.48
2019,NV,Coal,809.0,32.4,25.2,67.5,12.0,8.04,6.14
2019,NV,Geothermal,832.6,32.4,25.2,67.5,12.0,8.04,6.14
2019,NV,Hydroelectric,1052.2,32.4,25.2,67.5,12.0,8.04,6.14
2019,NV,Natural Gas,8364.199999999999,32.4,25.2,67.5,12.0,8.04,6.14
2019,NV,Other,7.5,32.4,25.2,67.5,12.0,8.04,6.14
2019,NV,Other Biomass,15.2,32.4,25.2,67.5,12.0,8.04,6.14
2019,NV,Petroleum,6.0,32.4,25.2,67.5,12.0,8.04,6.14
2019,NV,Solar Thermal and Photovoltaic,2357.1,32.4,25.2,67.5,12.0,8.04,6.14
2019,NV,Wind,150.0,32.4,25.2,67.5,12.0,8.04,6.14
2019,NY,Coal,1415.2,17.4,64.8,66.7,17.94,14.06,5.61
2019,NY,Hydroelectric,4692.1,17.4,64.8,66.7,17.94,14.06,5.61
2019,NY,Natural Gas,24181.0,17.4,64.8,66.7,17.94,14.06,5.61
2019,NY,Nuclear,5709.4,17.4,64.8,66.7,17.94,14.06,5.61
2019,NY,Other,53.0,17.4,64.8,66.7,17.94,14.06,5.61
2019,NY,Other Biomass,433.2,17.4,64.8,66.7,17.94,14.06,5.61
2019,NY,Petroleum,3862.3,17.4,64.8,66.7,17.94,14.06,5.61
2019,NY,Pumped Storage,1240.0,17.4,64.8,66.7,17.94,14.06,5.61
2019,NY,Solar Thermal and Photovoltaic,485.09999999999997,17.4,64.8,66.7,17.94,14.06,5.61
2019,NY,Wind,1991.1999999999998,17.4,64.8,66.7,17.94,14.06,5.61
2019,NY,Wood and Wood Derived Fuels,84.5,17.4,64.8,66.7,17.94,14.06,5.61
2019,OH,Coal,12232.4,3.6,80.8,89.2,12.38,9.72,6.55
2019,OH,Hydroelectric,128.6,3.6,80.8,89.2,12.38,9.72,6.55
2019,OH,Natural Gas,14803.900000000001,3.6,80.8,89.2,12.38,9.72,6.55
2019,OH,Nuclear,2236.8,3.6,80.8,89.2,12.38,9.72,6.55
2019,OH,Other,33.0,3.6,80.8,89.2,12.38,9.72,6.55
2019,OH,Other Biomass,99.0,3.6,80.8,89.2,12.38,9.72,6.55
2019,OH,Other Gases,221.5,3.6,80.8,89.2,12.38,9.72,6.55
2019,OH,Petroleum,748.5,3.6,80.8,89.2,12.38,9.72,6.55
2019,OH,Solar Thermal and Photovoltaic,110.2,3.6,80.8,89.2,12.38,9.72,6.55
2019,OH,Wind,718.4000000000001,3.6,80.8,89.2,12.38,9.72,6.55
2019,OH,Wood and Wood Derived Fuels,72.8,3.6,80.8,89.2,12.38,9.72,6.55
2019,OK,Coal,3573.0,29.9,36.8,69.2,10.21,7.98,5.07
2019,OK,Hydroelectric,819.3,29.9,36.8,69.2,10.21,7.98,5.07
2019,OK,Natural Gas,17431.2,29.9,36.8,69.2,10.21,7.98,5.07
2019,OK,Other Biomass,20.0,29.9,36.8,69.2,10.21,7.98,5.07
2019,OK,Petroleum,80.3,29.9,36.8,69.2,10.21,7.98,5.07
2019,OK,Pumped Storage,259.2,29.9,36.8,69.2,10.21,7.98,5.07
2019,OK,Solar Thermal and Photovoltaic,30.5,29.9,36.8,69.2,10.21,7.98,5.07
2019,OK,Wind,8170.7,29.9,36.8,69.2,10.21,7.98,5.07
2019,OK,Wood and Wood Derived Fuels,68.0,29.9,36.8,69.2,10.21,7.98,5.07
2019,OR,Coal,642.2,71.6,24.1,28.3,11.01,8.85,5.86
2019,OR,Geothermal,36.7,71.6,24.1,28.3,11.01,8.85,5.86
2019,OR,Hydroelectric,8429.4,71.6,24.1,28.3,11.01,8.85,5.86
2019,OR,Natural Gas,4360.4,71.6,24.1,28.3,11.01,8.85,5.86
2019,OR,Other,5.0,71.6,24.1,28.3,11.01,8.85,5.86
2019,OR,Other Biomass,58.1,71.6,24.1,28.3,11.01,8.85,5.86
2019,OR,Solar Thermal and Photovoltaic,400.7,71.6,24.1,28.3,11.01,8.85,5.86
2019,OR,Wind,3426.2,71.6,24.1,28.3,11.01,8.85,5.86
2019,OR,Wood and Wood Derived Fuels,300.4,71.6,24.1,28.3,11.01,8.85,5.86
2019,PA,Coal,10525.9,5.9,96.0,72.8,13.8,8.71,6.41
2019,PA,Hydroelectric,919.5,5.9,96.0,72.8,13.8,8.71,6.41
2019,PA,Natural Gas,25282.6,5.9,96.0,72.8,13.8,8.71,6.41
2019,PA,Nuclear,9532.2,5.9,96.0,72.8,13.8,8.71,6.41
2019,PA,Other,48.4,5.9,96.0,72.8,13.8,8.71,6.41
2019,PA,Other Biomass,502.7,5.9,96.0,72.8,13.8,8.71,6.41
2019,PA,Other Gases,116.0,5.9,96.0,72.8,13.8,8.71,6.41
2019,PA,Petroleum,2029.8999999999999,5.9,96.0,72.8,13.8,8.71,6.41
2019,PA,Pumped Storage,1541.0,5.9,96.0,72.8,13.8,8.71,6.41
2019,PA,Solar Thermal and Photovoltaic,82.8,5.9,96.0,72.8,13.8,8.71,6.41
2019,PA,Wind,1463.4,5.9,96.0,72.8,13.8,8.71,6.41
2019,PA,Wood and Wood Derived Fuels,93.1,5.9,96.0,72.8,13.8,8.71,6.41
2019,RI,Hydroelectric,2.8,9.1,97.6,90.9,21.73,16.38,15.59
2019,RI,Natural Gas,2002.1000000000001,9.1,97.6,90.9,21.73,16.38,15.59
2019,RI,Other Biomass,45.3,9.1,97.6,90.9,21.73,16.38,15.59
2019,RI,Petroleum,7.1,9.1,97.6,90.9,21.73,16.38,15.59
2019,RI,Solar Thermal and Photovoltaic,79.5,9.1,97.6,90.9,21.73,16.38,15.59
2019,RI,Wind,73.5,9.1,97.6,90.9,21.73,16.38,15.59
2019,SC,Coal,5081.6,10.1,6.6,53.3,12.99,10.58,6.11
2019,SC,Hydroelectric,1365.0,10.1,6.6,53.3,12.99,10.58,6.11
2019,SC,Natural Gas,8173.3,10.1,6.6,53.3,12.99,10.58,6.11
2019,SC,Nuclear,6875.1,10.1,6.6,53.3,12.99,10.58,6.11
2019,SC,Other,4.0,10.1,6.6,53.3,12.99,10.58,6.11
2019,SC,Other Biomass,49.7,10.1,6.6,53.3,12.99,10.58,6.11
2019,SC,Petroleum,640.9,10.1,6.6,53.3,12.99,10.58,6.11
2019,SC,Pumped Storage,2657.2,10.1,6.6,53.3,12.99,10.58,6.11
2019,SC,Solar Thermal and Photovoltaic,658.0,10.1,6.6,53.3,12.99,10.58,6.11
2019,SC,Wood and Wood Derived Fuels,563.4,10.1,6.6,53.3,12.99,10.58,6.11
2019,SD,Coal,450.0,60.8,22.8,39.1,11.55,9.59,7.81
2019,SD,Hydroelectric,1648.4,60.8,22.8,39.1,11.55,9.59,7.81
2019,SD,Natural Gas,1210.6,60.8,22.8,39.1,11.55,9.59,7.81
2019,SD,Other,0.8,60.8,22.8,39.1,11.55,9.59,7.81
2019,SD,Petroleum,288.7,60.8,22.8,39.1,11.55,9.59,7.81
2019,SD,Solar Thermal and Photovoltaic,1.0,60.8,22.8,39.1,11.55,9.59,7.81
2019,SD,Wind,1374.6,60.8,22.8,39.1,11.55,9.59,7.81
2019,SD,Wood and Wood Derived Fuels,5.4,60.8,22.8,39.1,11.55,9.59,7.81
2019,TN,Coal,6636.5,12.2,0.9,59.9,10.87,10.65,5.68
2019,TN,Hydroelectric,2504.4,12.2,0.9,59.9,10.87,10.65,5.68
2019,TN,Natural Gas,7691.6,12.2,0.9,59.9,10.87,10.65,5.68
2019,TN,Nuclear,4980.8,12.2,0.9,59.9,10.87,10.65,5.68
2019,TN,Other Biomass,14.6,12.2,0.9,59.9,10.87,10.65,5.68
2019,TN,Petroleum,47.6,12.2,0.9,59.9,10.87,10.65,5.68
2019,TN,Pumped Storage,1713.6,12.2,0.9,59.9,10.87,10.65,5.68
2019,TN,Solar Thermal and Photovoltaic,183.5,12.2,0.9,59.9,10.87,10.65,5.68
2019,TN,Wind,28.8,12.2,0.9,59.9,10.87,10.65,5.68
2019,TN,Wood and Wood Derived Fuels,185.7,12.2,0.9,59.9,10.87,10.65,5.68
2019,TX,Coal,19990.0,23.4,63.8,72.6,11.76,8.06,5.45
2019,TX,Hydroelectric,708.0,23.4,63.8,72.6,11.76,8.06,5.45
2019,TX,Natural Gas,77707.6,23.4,63.8,72.6,11.76,8.06,5.45
2019,TX,Nuclear,5138.6,23.4,63.8,72.6,11.76,8.06,5.45
2019,TX,Other,348.9,23.4,63.8,72.6,11.76,8.06,5.45
2019,TX,Other Biomass,96.6,23.4,63.8,72.6,11.76,8.06,5.45
2019,TX,Other Gases,480.3,23.4,63.8,72.6,11.76,8.06,5.45
2019,TX,Petroleum,115.19999999999999,23.4,63.8,72.6,11.76,8.06,5.45
2019,TX,Solar Thermal and Photovoltaic,2444.2,23.4,63.8,72.6,11.76,8.06,5.45
2019,TX,Wind,28064.2,23.4,63.8,72.6,11.76,8.06,5.45
2019,TX,Wood and Wood Derived Fuels,339.6,23.4,63.8,72.6,11.76,8.06,5.45
2019,US,Coal,248286.30000000002,20.1,39.2,69.3,13.01,10.68,6.81
2019,US,Geothermal,3849.3,20.1,39.2,69.3,13.01,10.68,6.81
2019,US,Hydroelectric,79787.1,20.1,39.2,69.3,13.01,10.68,6.81
2019,US,Natural Gas,542413.2000000001,20.1,39.2,69.3,13.01,10.68,6.81
2019,US,Nuclear,102877.3,20.1,39.2,69.3,13.01,10.68,6.81
2019,US,Other,2819.9,20.1,39.2,69.3,13.01,10.68,6.81
2019,US,Other Biomass,5382.7,20.1,39.2,69.3,13.01,10.68,6.81
2019,US,Other Gases,2893.2999999999997,20.1,39.2,69.3,13.01,10.68,6.81
2019,US,Petroleum,36121.0,20.1,39.2,69.3,13.01,10.68,6.81
2019,US,Pumped Storage,21871.3,20.1,39.2,69.3,13.01,10.68,6.81
2019,US,Solar Thermal and Photovoltaic,37788.0,20.1,39.2,69.3,13.01,10.68,6.81
2019,US,Wind,104328.6,20.1,39.2,69.3,13.01,10.68,6.81
2019,US,Wood and Wood Derived Fuels,9519.1,20.1,39.2,69.3,13.01,10.68,6.81
2019,UT,Coal,4812.1,17.0,14.5,82.6,10.4,8.26,5.98
2019,UT,Geothermal,83.8,17.0,14.5,82.6,10.4,8.26,5.98
2019,UT,Hydroelectric,264.6,17.0,14.5,82.6,10.4,8.26,5.98
2019,UT,Natural Gas,3262.4999999999995,17.0,14.5,82.6,10.4,8.26,5.98
2019,UT,Other,41.3,17.0,14.5,82.6,10.4,8.26,5.98
2019,UT,Other Biomass,13.5,17.0,14.5,82.6,10.4,8.26,5.98
2019,UT,Petroleum,29.3,17.0,14.5,82.6,10.4,8.26,5.98
2019,UT,Solar Thermal and Photovoltaic,916.7,17.0,14.5,82.6,10.4,8.26,5.98
2019,UT,Wind,388.2,17.0,14.5,82.6,10.4,8.26,5.98
2019,VA,Coal,2986.5000000000005,7.9,16.4,69.1,12.07,8.18,6.85
2019,VA,Hydroelectric,822.4,7.9,16.4,69.1,12.07,8.18,6.85
2019,VA,Natural Gas,14918.9,7.9,16.4,69.1,12.07,8.18,6.85
2019,VA,Nuclear,3654.4,7.9,16.4,69.1,12.07,8.18,6.85
2019,VA,Other,96.0,7.9,16.4,69.1,12.07,8.18,6.85
2019,VA,Other Biomass,351.4,7.9,16.4,69.1,12.07,8.18,6.85
2019,VA,Petroleum,2749.8,7.9,16.4,69.1,12.07,8.18,6.85
2019,VA,Pumped Storage,3109.3,7.9,16.4,69.1,12.07,8.18,6.85
2019,VA,Solar Thermal and Photovoltaic,625.6,7.9,16.4,69.1,12.07,8.18,6.85
2019,VA,Wood and Wood Derived Fuels,571.8,7.9,16.4,69.1,12.07,8.18,6.85
2019,VT,Hydroelectric,328.3,78.4,43.7,20.4,17.71,15.98,11.05
2019,VT,Other,10.9,78.4,43.7,20.4,17.71,15.98,11.05
2019,VT,Other Biomass,9.6,78.4,43.7,20.4,17.71,15.98,11.05
2019,VT,Petroleum,180.1,78.4,43.7,20.4,17.71,15.98,11.05
2019,VT,Solar Thermal and Photovoltaic,121.6,78.4,43.7,20.4,17.71,15.98,11.05
2019,VT,Wind,151.0,78.4,43.7,20.4,17.71,15.98,11.05
2019,VT,Wood and Wood Derived Fuels,82.4,78.4,43.7,20.4,17.71,15.98,11.05
2019,WA,Coal,1459.8,77.6,12.8,17.6,9.71,8.75,4.8
2019,WA,Hydroelectric,21177.1,77.6,12.8,17.6,9.71,8.75,4.8
2019,WA,Natural Gas,4116.4,77.6,12.8,17.6,9.71,8.75,4.8
2019,WA,Nuclear,1200.0,77.6,12.8,17.6,9.71,8.75,4.8
2019,WA,Other,6.4,77.6,12.8,17.6,9.71,8.75,4.8
2019,WA,Other Biomass,77.0,77.6,12.8,17.6,9.71,8.75,4.8
2019,WA,Petroleum,15.5,77.6,12.8,17.6,9.71,8.75,4.8
2019,WA,Pumped Storage,314.0,77.6,12.8,17.6,9.71,8.75,4.8
2019,WA,Solar Thermal and Photovoltaic,19.7,77.6,12.8,17.6,9.71,8.75,4.8
2019,WA,Wind,3083.4,77.6,12.8,17.6,9.71,8.75,4.8
2019,WA,Wood and Wood Derived Fuels,325.09999999999997,77.6,12.8,17.6,9.71,8.75,4.8
2019,WI,Coal,5906.2,9.9,12.5,82.5,14.18,10.72,7.31
2019,WI,Hydroelectric,537.9,9.9,12.5,82.5,14.18,10.72,7.31
2019,WI,Natural Gas,7625.299999999999,9.9,12.5,82.5,14.18,10.72,7.31
2019,WI,Nuclear,1286.0,9.9,12.5,82.5,14.18,10.72,7.31
2019,WI,Other,20.8,9.9,12.5,82.5,14.18,10.72,7.31
2019,WI,Other Biomass,104.0,9.9,12.5,82.5,14.18,10.72,7.31
2019,WI,Petroleum,764.9,9.9,12.5,82.5,14.18,10.72,7.31
2019,WI,Solar Thermal and Photovoltaic,40.4,9.9,12.5,82.5,14.18,10.72,7.31
2019,WI,Wind,734.8,9.9,12.5,82.5,14.18,10.72,7.31
2019,WI,Wood and Wood Derived Fuels,305.6,9.9,12.5,82.5,14.18,10.72,7.31
2019,WV,Coal,13071.7,6.8,24.7,92.9,11.25,9.16,6.02
2019,WV,Hydroelectric,370.6,6.8,24.7,92.9,11.25,9.16,6.02
2019,WV,Natural Gas,1331.9,6.8,24.7,92.9,11.25,9.16,6.02
2019,WV,Other,49.5,6.8,24.7,92.9,11.25,9.16,6.02
2019,WV,Other Biomass,3.2,6.8,24.7,92.9,11.25,9.16,6.02
2019,WV,Petroleum,18.5,6.8,24.7,92.9,11.25,9.16,6.02
2019,WV,Wind,686.3,6.8,24.7,92.9,11.25,9.16,6.02
2019,WY,Coal,7254.1,20.4,10.7,79.4,11.18,9.64,6.73
2019,WY,Hydroelectric,303.4,20.4,10.7,79.4,11.18,9.64,6.73
2019,WY,Natural Gas,304.4,20.4,10.7,79.4,11.18,9.64,6.73
2019,WY,Other,12.4,20.4,10.7,79.4,11.18,9.64,6.73
2019,WY,Other Gases,147.7,20.4,10.7,79.4,11.18,9.64,6.73
2019,WY,Petroleum,5.800000000000001,20.4,10.7,79.4,11.18,9.64,6.73
2019,WY,Solar Thermal and Photovoltaic,92.0,20.4,10.7,79.4,11.18,9.64,6.73
2019,WY,Wind,1589.3,20.4,10.7,79.4,11.18,9.64,6.73
2020,AK,Coal,192.5,18.1,0.8,80.4,22.57,19.58,15.88
2020,AK,Hydroelectric,476.2,18.1,0.8,80.4,22.57,19.58,15.88
2020,AK,Natural Gas,1409.3999999999999,18.1,0.8,80.4,22.57,19.58,15.88
2020,AK,Other,47.2,18.1,0.8,80.4,22.57,19.58,15.88
2020,AK,Other Biomass,11.5,18.1,0.8,80.4,22.57,19.58,15.88
2020,AK,Petroleum,835.4,18.1,0.8,80.4,22.57,19.58,15.88
2020,AK,Wind,60.4,18.1,0.8,80.4,22.57,19.58,15.88
2020,AL,Coal,4966.5,14.0,24.4,68.3,12.58,11.55,5.87
2020,AL,Hydroelectric,3318.3,14.0,24.4,68.3,12.58,11.55,5.87
2020,AL,Natural Gas,15413.7,14.0,24.4,68.3,12.58,11.55,5.87
2020,AL,Nuclear,5270.4,14.0,24.4,68.3,12.58,11.55,5.87
2020,AL,Other,1.0,14.0,24.4,68.3,12.58,11.55,5.87
2020,AL,Other Biomass,6.4,14.0,24.4,68.3,12.58,11.55,5.87
2020,AL,Other Gases,28.8,14.0,24.4,68.3,12.58,11.55,5.87
2020,AL,Petroleum,47.800000000000004,14.0,24.4,68.3,12.58,11.55,5.87
2020,AL,Solar Thermal and Photovoltaic,196.9,14.0,24.4,68.3,12.58,11.55,5.87
2020,AL,Wood and Wood Derived Fuels,681.5,14.0,24.4,68.3,12.58,11.55,5.87
2020,AR,Coal,5487.0,11.1,5.7,77.4,10.41,8.61,5.89
2020,AR,Hydroelectric,1320.9,11.1,5.7,77.4,10.41,8.61,5.89
2020,AR,Natural Gas,7254.400000000001,11.1,5.7,77.4,10.41,8.61,5.89
2020,AR,Nuclear,1845.0,11.1,5.7,77.4,10.41,8.61,5.89
2020,AR,Other,12.0,11.1,5.7,77.4,10.41,8.61,5.89
2020,AR,Other Biomass,28.1,11.1,5.7,77.4,10.41,8.61,5.89
2020,AR,Petroleum,9.1,11.1,5.7,77.4,10.41,8.61,5.89
2020,AR,Pumped Storage,30.0,11.1,5.7,77.4,10.41,8.61,5.89
2020,AR,Solar Thermal and Photovoltaic,213.7,11.1,5.7,77.4,10.41,8.61,5.89
2020,AR,Wood and Wood Derived Fuels,269.5,11.1,5.7,77.4,10.41,8.61,5.89
2020,AZ,Coal,3217.5,18.9,22.5,66.6,12.27,10.11,6.07
2020,AZ,Hydroelectric,2718.0,18.9,22.5,66.6,12.27,10.11,6.07
2020,AZ,Natural Gas,17029.3,18.9,22.5,66.6,12.27,10.11,6.07
2020,AZ,Nuclear,4209.6,18.9,22.5,66.6,12.27,10.11,6.07
2020,AZ,Other,42.0,18.9,22.5,66.6,12.27,10.11,6.07
2020,AZ,Other Biomass,3.2,18.9,22.5,66.6,12.27,10.11,6.07
2020,AZ,Petroleum,128.3,18.9,22.5,66.6,12.27,10.11,6.07
2020,AZ,Pumped Storage,194.1,18.9,22.5,66.6,12.27,10.11,6.07
2020,AZ,Solar Thermal and Photovoltaic,2411.8999999999996,18.9,22.5,66.6,12.27,10.11,6.07
2020,AZ,Wind,617.3,18.9,22.5,66.6,12.27,10.11,6.07
2020,AZ,Wood and Wood Derived Fuels,30.2,18.9,22.5,66.6,12.27,10.11,6.07
2020,CA,Coal,62.5,41.7,55.9,50.2,20.45,17.53,14.27
2020,CA,Geothermal,2824.0,41.7,55.9,50.2,20.45,17.53,14.27
2020,CA,Hydroelectric,10065.300000000001,41.7,55.9,50.2,20.45,17.53,14.27
2020,CA,Natural Gas,40962.700000000004,41.7,55.9,50.2,20.45,17.53,14.27
2020,CA,Nuclear,2323.0,41.7,55.9,50.2,20.45,17.53,14.27
2020,CA,Other,666.9,41.7,55.9,50.2,20.45,17.53,14.27
2020,CA,Other Biomass,560.9000000000001,41.7,55.9,50.2,20.45,17.53,14.27
2020,CA,Other Gases,270.1,41.7,55.9,50.2,20.45,17.53,14.27
2020,CA,Petroleum,503.6,41.7,55.9,50.2,20.45,17.53,14.27
2020,CA,Pumped Storage,3745.6,41.7,55.9,50.2,20.45,17.53,14.27
2020,CA,Solar Thermal and Photovoltaic,14473.4,41.7,55.9,50.2,20.45,17.53,14.27
2020,CA,Wind,5970.6,41.7,55.9,50.2,20.45,17.53,14.27
2020,CA,Wood and Wood Derived Fuels,805.5,41.7,55.9,50.2,20.45,17.53,14.27
2020,CO,Coal,4656.2,31.5,33.0,65.8,12.36,10.29,7.48
2020,CO,Hydroelectric,675.9,31.5,33.0,65.8,12.36,10.29,7.48
2020,CO,Natural Gas,7931.3,31.5,33.0,65.8,12.36,10.29,7.48
2020,CO,Other,19.8,31.5,33.0,65.8,12.36,10.29,7.48
2020,CO,Other Biomass,21.4,31.5,33.0,65.8,12.36,10.29,7.48
2020,CO,Other Gases,3.0,31.5,33.0,65.8,12.36,10.29,7.48
2020,CO,Petroleum,183.5,31.5,33.0,65.8,12.36,10.29,7.48
2020,CO,Pumped Storage,508.5,31.5,33.0,65.8,12.36,10.29,7.48
2020,CO,Solar Thermal and Photovoltaic,682.1999999999999,31.5,33.0,65.8,12.36,10.29,7.48
2020,CO,Wind,4722.7,31.5,33.0,65.8,12.36,10.29,7.48
2020,CO,Wood and Wood Derived Fuels,12.6,31.5,33.0,65.8,12.36,10.29,7.48
2020,CT,Coal,400.0,4.7,95.0,75.8,22.71,16.58,13.07
2020,CT,Hydroelectric,115.5,4.7,95.0,75.8,22.71,16.58,13.07
2020,CT,Natural Gas,5873.900000000001,4.7,95.0,75.8,22.71,16.58,13.07
2020,CT,Nuclear,2162.9,4.7,95.0,75.8,22.71,16.58,13.07
2020,CT,Other,1.6,4.7,95.0,75.8,22.71,16.58,13.07
2020,CT,Other Biomass,208.6,4.7,95.0,75.8,22.71,16.58,13.07
2020,CT,Petroleum,2281.9,4.7,95.0,75.8,22.71,16.58,13.07
2020,CT,Pumped Storage,31.0,4.7,95.0,75.8,22.71,16.58,13.07
2020,CT,Solar Thermal and Photovoltaic,161.5,4.7,95.0,75.8,22.71,16.58,13.07
2020,CT,Wind,5.0,4.7,95.0,75.8,22.71,16.58,13.07
2020,CT,Wood and Wood Derived Fuels,43.0,4.7,95.0,75.8,22.71,16.58,13.07
2020,DC,Natural Gas,22.9,50.5,20.1,49.5,12.63,11.85,7.99
2020,DC,Other Biomass,14.1,50.5,20.1,49.5,12.63,11.85,7.99
2020,DC,Solar Thermal and Photovoltaic,9.3,50.5,20.1,49.5,12.63,11.85,7.99
2020,DE,Coal,445.5,1.4,84.8,98.6,12.56,9.18,6.7
2020,DE,Natural Gas,2837.4,1.4,84.8,98.6,12.56,9.18,6.7
2020,DE,Other Biomass,12.2,1.4,84.8,98.6,12.56,9.18,6.7
2020,DE,Other Gases,140.0,1.4,84.8,98.6,12.56,9.18,6.7
2020,DE,Petroleum,121.6,1.4,84.8,98.6,12.56,9.18,6.7
2020,DE,Solar Thermal and Photovoltaic,36.8,1.4,84.8,98.6,12.56,9.18,6.7
2020,DE,Wind,2.0,1.4,84.8,98.6,12.56,9.18,6.7
2020,FL,Coal,7305.6,7.6,8.0,86.2,11.27,8.85,7.15
2020,FL,Hydroelectric,43.5,7.6,8.0,86.2,11.27,8.85,7.15
2020,FL,Natural Gas,49042.0,7.6,8.0,86.2,11.27,8.85,7.15
2020,FL,Nuclear,3797.2,7.6,8.0,86.2,11.27,8.85,7.15
2020,FL,Other,383.1,7.6,8.0,86.2,11.27,8.85,7.15
2020,FL,Other Biomass,832.8,7.6,8.0,86.2,11.27,8.85,7.15
2020,FL,Petroleum,2158.7,7.6,8.0,86.2,11.27,8.85,7.15
2020,FL,Solar Thermal and Photovoltaic,3785.1000000000004,7.6,8.0,86.2,11.27,8.85,7.15
2020,FL,Wood and Wood Derived Fuels,521.0,7.6,8.0,86.2,11.27,8.85,7.15
2020,GA,Coal,8966.6,13.1,23.7,72.3,12.02,10.08,5.77
2020,GA,Hydroelectric,1963.2,13.1,23.7,72.3,12.02,10.08,5.77
2020,GA,Natural Gas,18975.9,13.1,23.7,72.3,12.02,10.08,5.77
2020,GA,Nuclear,4278.0,13.1,23.7,72.3,12.02,10.08,5.77
2020,GA,Other,2.2,13.1,23.7,72.3,12.02,10.08,5.77
2020,GA,Other Biomass,54.9,13.1,23.7,72.3,12.02,10.08,5.77
2020,GA,Petroleum,1213.2,13.1,23.7,72.3,12.02,10.08,5.77
2020,GA,Pumped Storage,1634.6,13.1,23.7,72.3,12.02,10.08,5.77
2020,GA,Solar Thermal and Photovoltaic,2207.7,13.1,23.7,72.3,12.02,10.08,5.77
2020,GA,Wood and Wood Derived Fuels,1057.5,13.1,23.7,72.3,12.02,10.08,5.77
2020,HI,Coal,203.0,23.7,20.4,73.1,30.28,28.41,24.45
2020,HI,Geothermal,51.0,23.7,20.4,73.1,30.28,28.41,24.45
2020,HI,Hydroelectric,33.6,23.7,20.4,73.1,30.28,28.41,24.45
2020,HI,Other,102.1,23.7,20.4,73.1,30.28,28.41,24.45
2020,HI,Other Biomass,167.0,23.7,20.4,73.1,30.28,28.41,24.45
2020,HI,Petroleum,2171.5,23.7,20.4,73.1,30.28,28.41,24.45
2020,HI,Solar Thermal and Photovoltaic,285.0,23.7,20.4,73.1,30.28,28.41,24.45
2020,HI,Wind,233.2,23.7,20.4,73.1,30.28,28.41,24.45
2020,IA,Coal,5754.7,51.5,13.5,48.5,12.46,9.96,6.43
2020,IA,Hydroelectric,129.2,51.5,13.5,48.5,12.46,9.96,6.43
2020,IA,Natural Gas,4215.0,51.5,13.5,48.5,12.46,9.96,6.43
2020,IA,Other,1.4,51.5,13.5,48.5,12.46,9.96,6.43
2020,IA,Other Biomass,20.6,51.5,13.5,48.5,12.46,9.96,6.43
2020,IA,Petroleum,924.2,51.5,13.5,48.5,12.46,9.96,6.43
2020,IA,Solar Thermal and Photovoltaic,18.4,51.5,13.5,48.5,12.46,9.96,6.43
2020,IA,Wind,11406.9,51.5,13.5,48.5,12.46,9.96,6.43
2020,ID,Coal,6.2,76.2,32.2,23.5,9.95,7.75,6.23
2020,ID,Geothermal,18.0,76.2,32.2,23.5,9.95,7.75,6.23
2020,ID,Hydroelectric,2690.3,76.2,32.2,23.5,9.95,7.75,6.23
2020,ID,Natural Gas,1247.9,76.2,32.2,23.5,9.95,7.75,6.23
2020,ID,Other,15.9,76.2,32.2,23.5,9.95,7.75,6.23
2020,ID,Other Biomass,21.0,76.2,32.2,23.5,9.95,7.75,6.23
2020,ID,Petroleum,5.0,76.2,32.2,23.5,9.95,7.75,6.23
2020,ID,Solar Thermal and Photovoltaic,242.0,76.2,32.2,23.5,9.95,7.75,6.23
2020,ID,Wind,974.4,76.2,32.2,23.5,9.95,7.75,6.23
2020,ID,Wood and Wood Derived Fuels,126.2,76.2,32.2,23.5,9.95,7.75,6.23
2020,IL,Coal,10756.499999999998,13.3,88.1,61.3,13.04,9.15,6.7
2020,IL,Hydroelectric,39.7,13.3,88.1,61.3,13.04,9.15,6.7
2020,IL,Natural Gas,18824.9,13.3,88.1,61.3,13.04,9.15,6.7
2020,IL,Nuclear,12415.1,13.3,88.1,61.3,13.04,9.15,6.7
2020,IL,Other,210.70000000000002,13.3,88.1,61.3,13.04,9.15,6.7
2020,IL,Other Biomass,89.3,13.3,88.1,61.3,13.04,9.15,6.7
2020,IL,Other Gases,39.7,13.3,88.1,61.3,13.04,9.15,6.7
2020,IL,Petroleum,759.8000000000001,13.3,88.1,61.3,13.04,9.15,6.7
2020,IL,Solar Thermal and Photovoltaic,120.19999999999999,13.3,88.1,61.3,13.04,9.15,6.7
2020,IL,Wind,6325.3,13.3,88.1,61.3,13.04,9.15,6.7
2020,IN,Coal,16960.0,11.2,17.6,88.3,12.83,11.21,6.98
2020,IN,Hydroelectric,105.0,11.2,17.6,88.3,12.83,11.21,6.98
2020,IN,Natural Gas,9011.9,11.2,17.6,88.3,12.83,11.21,6.98
2020,IN,Other,132.6,11.2,17.6,88.3,12.83,11.21,6.98
2020,IN,Other Biomass,75.5,11.2,17.6,88.3,12.83,11.21,6.98
2020,IN,Other Gases,696.2,11.2,17.6,88.3,12.83,11.21,6.98
2020,IN,Petroleum,114.0,11.2,17.6,88.3,12.83,11.21,6.98
2020,IN,Solar Thermal and Photovoltaic,279.0,11.2,17.6,88.3,12.83,11.21,6.98
2020,IN,Wind,2940.4,11.2,17.6,88.3,12.83,11.21,6.98
2020,KS,Coal,4885.6,37.9,34.7,55.1,12.85,10.4,7.3
2020,KS,Hydroelectric,7.0,37.9,34.7,55.1,12.85,10.4,7.3
2020,KS,Natural Gas,4485.7,37.9,34.7,55.1,12.85,10.4,7.3
2020,KS,Nuclear,1267.7,37.9,34.7,55.1,12.85,10.4,7.3
2020,KS,Other,2.0,37.9,34.7,55.1,12.85,10.4,7.3
2020,KS,Other Biomass,9.2,37.9,34.7,55.1,12.85,10.4,7.3
2020,KS,Petroleum,639.6,37.9,34.7,55.1,12.85,10.4,7.3
2020,KS,Solar Thermal and Photovoltaic,30.0,37.9,34.7,55.1,12.85,10.4,7.3
2020,KS,Wind,6835.200000000001,37.9,34.7,55.1,12.85,10.4,7.3
2020,KY,Coal,11202.1,5.9,5.5,94.1,10.87,10.34,5.31
2020,KY,Hydroelectric,1097.3,5.9,5.5,94.1,10.87,10.34,5.31
2020,KY,Natural Gas,8470.6,5.9,5.5,94.1,10.87,10.34,5.31
2020,KY,Other Biomass,22.8,5.9,5.5,94.1,10.87,10.34,5.31
2020,KY,Petroleum,11.5,5.9,5.5,94.1,10.87,10.34,5.31
2020,KY,Solar Thermal and Photovoltaic,29.3,5.9,5.5,94.1,10.87,10.34,5.31
2020,KY,Wood and Wood Derived Fuels,93.0,5.9,5.5,94.1,10.87,10.34,5.31
2020,LA,Coal,3170.2,2.6,11.8,88.4,9.67,8.85,4.88
2020,LA,Hydroelectric,192.0,2.6,11.8,88.4,9.67,8.85,4.88
2020,LA,Natural Gas,21169.199999999997,2.6,11.8,88.4,9.67,8.85,4.88
2020,LA,Nuclear,2235.7,2.6,11.8,88.4,9.67,8.85,4.88
2020,LA,Other,415.29999999999995,2.6,11.8,88.4,9.67,8.85,4.88
2020,LA,Other Biomass,15.1,2.6,11.8,88.4,9.67,8.85,4.88
2020,LA,Other Gases,550.9,2.6,11.8,88.4,9.67,8.85,4.88
2020,LA,Petroleum,984.2,2.6,11.8,88.4,9.67,8.85,4.88
2020,LA,Solar Thermal and Photovoltaic,74.5,2.6,11.8,88.4,9.67,8.85,4.88
2020,LA,Wood and Wood Derived Fuels,473.7,2.6,11.8,88.4,9.67,8.85,4.88
2020,MA,Hydroelectric,270.6,11.7,84.8,75.8,21.97,16.03,14.51
2020,MA,Natural Gas,8557.4,11.7,84.8,75.8,21.97,16.03,14.51
2020,MA,Other,70.9,11.7,84.8,75.8,21.97,16.03,14.51
2020,MA,Other Biomass,342.6,11.7,84.8,75.8,21.97,16.03,14.51
2020,MA,Petroleum,2624.9,11.7,84.8,75.8,21.97,16.03,14.51
2020,MA,Pumped Storage,1768.0,11.7,84.8,75.8,21.97,16.03,14.51
2020,MA,Solar Thermal and Photovoltaic,986.8,11.7,84.8,75.8,21.97,16.03,14.51
2020,MA,Wind,105.60000000000001,11.7,84.8,75.8,21.97,16.03,14.51
2020,MA,Wood and Wood Derived Fuels,18.0,11.7,84.8,75.8,21.97,16.03,14.51
2020,MD,Coal,3938.2,8.3,85.7,79.4,13.01,9.72,7.81
2020,MD,Hydroelectric,550.8,8.3,85.7,79.4,13.01,9.72,7.81
2020,MD,Natural Gas,6794.6,8.3,85.7,79.4,13.01,9.72,7.81
2020,MD,Nuclear,1850.4,8.3,85.7,79.4,13.01,9.72,7.81
2020,MD,Other,17.0,8.3,85.7,79.4,13.01,9.72,7.81
2020,MD,Other Biomass,156.2,8.3,85.7,79.4,13.01,9.72,7.81
2020,MD,Petroleum,1318.6,8.3,85.7,79.4,13.01,9.72,7.81
2020,MD,Solar Thermal and Photovoltaic,365.7,8.3,85.7,79.4,13.01,9.72,7.81
2020,MD,Wind,190.0,8.3,85.7,79.4,13.01,9.72,7.81
2020,MD,Wood and Wood Derived Fuels,3.8,8.3,85.7,79.4,13.01,9.72,7.81
2020,ME,Hydroelectric,709.2,47.1,86.3,51.6,16.81,12.56,8.86
2020,ME,Natural Gas,1755.2,47.1,86.3,51.6,16.81,12.56,8.86
2020,ME,Other,65.1,47.1,86.3,51.6,16.81,12.56,8.86
2020,ME,Other Biomass,49.0,47.1,86.3,51.6,16.81,12.56,8.86
2020,ME,Petroleum,883.0,47.1,86.3,51.6,16.81,12.56,8.86
2020,ME,Solar Thermal and Photovoltaic,64.9,47.1,86.3,51.6,16.81,12.56,8.86
2020,ME,Wind,997.2,47.1,86.3,51.6,16.81,12.56,8.86
2020,ME,Wood and Wood Derived Fuels,590.5,47.1,86.3,51.6,16.81,12.56,8.86
2020,MI,Coal,9196.0,11.8,13.0,68.5,16.26,11.71,7.24
2020,MI,Hydroelectric,350.8,11.8,13.0,68.5,16.26,11.71,7.24
2020,MI,Natural Gas,11933.699999999999,11.8,13.0,68.5,16.26,11.71,7.24
2020,MI,Nuclear,4314.1,11.8,13.0,68.5,16.26,11.71,7.24
2020,MI,Other,1.1,11.8,13.0,68.5,16.26,11.71,7.24
2020,MI,Other Biomass,182.8,11.8,13.0,68.5,16.26,11.71,7.24
2020,MI,Other Gases,238.0,11.8,13.0,68.5,16.26,11.71,7.24
2020,MI,Petroleum,561.3,11.8,13.0,68.5,16.26,11.71,7.24
2020,MI,Pumped Storage,1978.8,11.8,13.0,68.5,16.26,11.71,7.24
2020,MI,Solar Thermal and Photovoltaic,226.1,11.8,13.0,68.5,16.26,11.71,7.24
2020,MI,Wind,2635.7,11.8,13.0,68.5,16.26,11.71,7.24
2020,MI,Wood and Wood Derived Fuels,379.9,11.8,13.0,68.5,16.26,11.71,7.24
2020,MN,Coal,4487.7,30.5,28.5,59.7,13.17,10.43,7.67
2020,MN,Hydroelectric,223.9,30.5,28.5,59.7,13.17,10.43,7.67
2020,MN,Natural Gas,6256.0,30.5,28.5,59.7,13.17,10.43,7.67
2020,MN,Nuclear,1871.2,30.5,28.5,59.7,13.17,10.43,7.67
2020,MN,Other,38.2,30.5,28.5,59.7,13.17,10.43,7.67
2020,MN,Other Biomass,143.3,30.5,28.5,59.7,13.17,10.43,7.67
2020,MN,Petroleum,916.1,30.5,28.5,59.7,13.17,10.43,7.67
2020,MN,Solar Thermal and Photovoltaic,1025.5,30.5,28.5,59.7,13.17,10.43,7.67
2020,MN,Wind,4320.7,30.5,28.5,59.7,13.17,10.43,7.67
2020,MN,Wood and Wood Derived Fuels,250.39999999999998,30.5,28.5,59.7,13.17,10.43,7.67
2020,MO,Coal,10909.5,10.8,9.0,81.4,11.22,8.93,6.84
2020,MO,Hydroelectric,506.0,10.8,9.0,81.4,11.22,8.93,6.84
2020,MO,Natural Gas,7099.2,10.8,9.0,81.4,11.22,8.93,6.84
2020,MO,Nuclear,1235.8,10.8,9.0,81.4,11.22,8.93,6.84
2020,MO,Other,2.2,10.8,9.0,81.4,11.22,8.93,6.84
2020,MO,Other Biomass,14.8,10.8,9.0,81.4,11.22,8.93,6.84
2020,MO,Petroleum,1286.2,10.8,9.0,81.4,11.22,8.93,6.84
2020,MO,Pumped Storage,600.4,10.8,9.0,81.4,11.22,8.93,6.84
2020,MO,Solar Thermal and Photovoltaic,63.7,10.8,9.0,81.4,11.22,8.93,6.84
2020,MO,Wind,1987.3000000000002,10.8,9.0,81.4,11.22,8.93,6.84
2020,MS,Coal,1610.3,3.3,4.5,87.9,11.17,10.38,5.63
2020,MS,Natural Gas,12669.800000000001,3.3,4.5,87.9,11.17,10.38,5.63
2020,MS,Nuclear,1440.0,3.3,4.5,87.9,11.17,10.38,5.63
2020,MS,Other,1.6,3.3,4.5,87.9,11.17,10.38,5.63
2020,MS,Other Biomass,1.6,3.3,4.5,87.9,11.17,10.38,5.63
2020,MS,Petroleum,9.0,3.3,4.5,87.9,11.17,10.38,5.63
2020,MS,Solar Thermal and Photovoltaic,218.1,3.3,4.5,87.9,11.17,10.38,5.63
2020,MS,Wood and Wood Derived Fuels,311.0,3.3,4.5,87.9,11.17,10.38,5.63
2020,MT,Coal,1864.7,59.0,46.1,40.0,11.24,10.51,5.18
2020,MT,Hydroelectric,2648.7999999999997,59.0,46.1,40.0,11.24,10.51,5.18
2020,MT,Natural Gas,474.59999999999997,59.0,46.1,40.0,11.24,10.51,5.18
2020,MT,Other,60.0,59.0,46.1,40.0,11.24,10.51,5.18
2020,MT,Other Biomass,1.6,59.0,46.1,40.0,11.24,10.51,5.18
2020,MT,Other Gases,1.6,59.0,46.1,40.0,11.24,10.51,5.18
2020,MT,Petroleum,68.0,59.0,46.1,40.0,11.24,10.51,5.18
2020,MT,Solar Thermal and Photovoltaic,17.0,59.0,46.1,40.0,11.24,10.51,5.18
2020,MT,Wind,881.9000000000001,59.0,46.1,40.0,11.24,10.51,5.18
2020,MT,Wood and Wood Derived Fuels,2.8,59.0,46.1,40.0,11.24,10.51,5.18
2020,NC,Coal,10638.5,20.3,19.6,65.2,11.38,8.69,6.31
2020,NC,Hydroelectric,1890.3999999999999,20.3,19.6,65.2,11.38,8.69,6.31
2020,NC,Natural Gas,13849.099999999999,20.3,19.6,65.2,11.38,8.69,6.31
2020,NC,Nuclear,5394.7,20.3,19.6,65.2,11.38,8.69,6.31
2020,NC,Other,63.8,20.3,19.6,65.2,11.38,8.69,6.31
2020,NC,Other Biomass,102.5,20.3,19.6,65.2,11.38,8.69,6.31
2020,NC,Petroleum,578.5,20.3,19.6,65.2,11.38,8.69,6.31
2020,NC,Pumped Storage,95.0,20.3,19.6,65.2,11.38,8.69,6.31
2020,NC,Solar Thermal and Photovoltaic,5039.1,20.3,19.6,65.2,11.38,8.69,6.31
2020,NC,Wind,208.0,20.3,19.6,65.2,11.38,8.69,6.31
2020,NC,Wood and Wood Derived Fuels,580.0,20.3,19.6,65.2,11.38,8.69,6.31
2020,ND,Coal,4137.900000000001,48.0,25.4,51.9,10.44,9.02,7.26
2020,ND,Hydroelectric,583.4,48.0,25.4,51.9,10.44,9.02,7.26
2020,ND,Natural Gas,789.8,48.0,25.4,51.9,10.44,9.02,7.26
2020,ND,Other,5.3,48.0,25.4,51.9,10.44,9.02,7.26
2020,ND,Other Biomass,9.8,48.0,25.4,51.9,10.44,9.02,7.26
2020,ND,Other Gases,7.5,48.0,25.4,51.9,10.44,9.02,7.26
2020,ND,Petroleum,69.7,48.0,25.4,51.9,10.44,9.02,7.26
2020,ND,Wind,4035.1,48.0,25.4,51.9,10.44,9.02,7.26
2020,NE,Coal,3982.9,28.4,24.1,63.9,10.8,8.89,7.38
2020,NE,Hydroelectric,329.9,28.4,24.1,63.9,10.8,8.89,7.38
2020,NE,Natural Gas,2215.8,28.4,24.1,63.9,10.8,8.89,7.38
2020,NE,Nuclear,801.0,28.4,24.1,63.9,10.8,8.89,7.38
2020,NE,Other Biomass,15.7,28.4,24.1,63.9,10.8,8.89,7.38
2020,NE,Petroleum,438.2,28.4,24.1,63.9,10.8,8.89,7.38
2020,NE,Solar Thermal and Photovoltaic,28.8,28.4,24.1,63.9,10.8,8.89,7.38
2020,NE,Wind,2575.6,28.4,24.1,63.9,10.8,8.89,7.38
2020,NH,Coal,559.2,21.3,74.3,52.4,19.04,15.41,13.11
2020,NH,Hydroelectric,513.8,21.3,74.3,52.4,19.04,15.41,13.11
2020,NH,Natural Gas,1814.5,21.3,74.3,52.4,19.04,15.41,13.11
2020,NH,Nuclear,1242.0,21.3,74.3,52.4,19.04,15.41,13.11
2020,NH,Other Biomass,33.5,21.3,74.3,52.4,19.04,15.41,13.11
2020,NH,Petroleum,106.9,21.3,74.3,52.4,19.04,15.41,13.11
2020,NH,Solar Thermal and Photovoltaic,2.4,21.3,74.3,52.4,19.04,15.41,13.11
2020,NH,Wind,214.1,21.3,74.3,52.4,19.04,15.41,13.11
2020,NH,Wood and Wood Derived Fuels,243.4,21.3,74.3,52.4,19.04,15.41,13.11
2020,NJ,Coal,527.3,6.3,86.2,72.0,16.03,12.35,10.01
2020,NJ,Hydroelectric,14.7,6.3,86.2,72.0,16.03,12.35,10.01
2020,NJ,Natural Gas,12841.4,6.3,86.2,72.0,16.03,12.35,10.01
2020,NJ,Nuclear,3630.7,6.3,86.2,72.0,16.03,12.35,10.01
2020,NJ,Other,53.8,6.3,86.2,72.0,16.03,12.35,10.01
2020,NJ,Other Biomass,224.5,6.3,86.2,72.0,16.03,12.35,10.01
2020,NJ,Other Gases,30.0,6.3,86.2,72.0,16.03,12.35,10.01
2020,NJ,Petroleum,334.1,6.3,86.2,72.0,16.03,12.35,10.01
2020,NJ,Pumped Storage,453.0,6.3,86.2,72.0,16.03,12.35,10.01
2020,NJ,Solar Thermal and Photovoltaic,949.5,6.3,86.2,72.0,16.03,12.35,10.01
2020,NJ,Wind,9.0,6.3,86.2,72.0,16.03,12.35,10.01
2020,NM,Coal,2560.2,34.8,35.5,65.2,12.94,10.28,5.58
2020,NM,Geothermal,19.2,34.8,35.5,65.2,12.94,10.28,5.58
2020,NM,Hydroelectric,81.5,34.8,35.5,65.2,12.94,10.28,5.58
2020,NM,Natural Gas,3763.1000000000004,34.8,35.5,65.2,12.94,10.28,5.58
2020,NM,Other,2.9000000000000004,34.8,35.5,65.2,12.94,10.28,5.58
2020,NM,Other Biomass,5.4,34.8,35.5,65.2,12.94,10.28,5.58
2020,NM,Petroleum,57.4,34.8,35.5,65.2,12.94,10.28,5.58
2020,NM,Solar Thermal and Photovoltaic,736.8,34.8,35.5,65.2,12.94,10.28,5.58
2020,NM,Wind,2557.9,34.8,35.5,65.2,12.94,10.28,5.58
2020,NV,Coal,809.0,33.2,26.1,66.7,11.34,7.45,5.61
2020,NV,Geothermal,831.9,33.2,26.1,66.7,11.34,7.45,5.61
2020,NV,Hydroelectric,1052.2,33.2,26.1,66.7,11.34,7.45,5.61
2020,NV,Natural Gas,8365.5,33.2,26.1,66.7,11.34,7.45,5.61
2020,NV,Other,7.5,33.2,26.1,66.7,11.34,7.45,5.61
2020,NV,Other Biomass,15.2,33.2,26.1,66.7,11.34,7.45,5.61
2020,NV,Petroleum,6.0,33.2,26.1,66.7,11.34,7.45,5.61
2020,NV,Solar Thermal and Photovoltaic,2517.9,33.2,26.1,66.7,11.34,7.45,5.61
2020,NV,Wind,150.0,33.2,26.1,66.7,11.34,7.45,5.61
2020,NY,Coal,627.2,18.1,64.5,68.8,18.36,14.56,5.54
2020,NY,Hydroelectric,4692.1,18.1,64.5,68.8,18.36,14.56,5.54
2020,NY,Natural Gas,25487.300000000003,18.1,64.5,68.8,18.36,14.56,5.54
2020,NY,Nuclear,4410.4,18.1,64.5,68.8,18.36,14.56,5.54
2020,NY,Other,68.1,18.1,64.5,68.8,18.36,14.56,5.54
2020,NY,Other Biomass,433.2,18.1,64.5,68.8,18.36,14.56,5.54
2020,NY,Petroleum,3862.9,18.1,64.5,68.8,18.36,14.56,5.54
2020,NY,Pumped Storage,1240.0,18.1,64.5,68.8,18.36,14.56,5.54
2020,NY,Solar Thermal and Photovoltaic,673.7,18.1,64.5,68.8,18.36,14.56,5.54
2020,NY,Wind,1989.1999999999998,18.1,64.5,68.8,18.36,14.56,5.54
2020,NY,Wood and Wood Derived Fuels,84.5,18.1,64.5,68.8,18.36,14.56,5.54
2020,OH,Coal,10621.8,4.2,79.2,88.2,12.29,9.53,6.16
2020,OH,Hydroelectric,128.6,4.2,79.2,88.2,12.29,9.53,6.16
2020,OH,Natural Gas,14813.300000000001,4.2,79.2,88.2,12.29,9.53,6.16
2020,OH,Nuclear,2236.8,4.2,79.2,88.2,12.29,9.53,6.16
2020,OH,Other,33.0,4.2,79.2,88.2,12.29,9.53,6.16
2020,OH,Other Biomass,99.0,4.2,79.2,88.2,12.29,9.53,6.16
2020,OH,Other Gases,221.5,4.2,79.2,88.2,12.29,9.53,6.16
2020,OH,Petroleum,721.9,4.2,79.2,88.2,12.29,9.53,6.16
2020,OH,Solar Thermal and Photovoltaic,112.8,4.2,79.2,88.2,12.29,9.53,6.16
2020,OH,Wind,852.5,4.2,79.2,88.2,12.29,9.53,6.16
2020,OH,Wood and Wood Derived Fuels,72.8,4.2,79.2,88.2,12.29,9.53,6.16
2020,OK,Coal,3573.0,33.0,39.8,66.1,10.12,7.82,4.61
2020,OK,Hydroelectric,824.3,33.0,39.8,66.1,10.12,7.82,4.61
2020,OK,Natural Gas,16893.5,33.0,39.8,66.1,10.12,7.82,4.61
2020,OK,Other,10.0,33.0,39.8,66.1,10.12,7.82,4.61
2020,OK,Other Biomass,21.6,33.0,39.8,66.1,10.12,7.82,4.61
2020,OK,Petroleum,87.0,33.0,39.8,66.1,10.12,7.82,4.61
2020,OK,Pumped Storage,259.2,33.0,39.8,66.1,10.12,7.82,4.61
2020,OK,Solar Thermal and Photovoltaic,40.5,33.0,39.8,66.1,10.12,7.82,4.61
2020,OK,Wind,9321.5,33.0,39.8,66.1,10.12,7.82,4.61
2020,OK,Wood and Wood Derived Fuels,68.0,33.0,39.8,66.1,10.12,7.82,4.61
2020,OR,Geothermal,36.7,75.1,26.6,24.9,11.17,9.0,5.7
2020,OR,Hydroelectric,8429.4,75.1,26.6,24.9,11.17,9.0,5.7
2020,OR,Natural Gas,4360.4,75.1,26.6,24.9,11.17,9.0,5.7
2020,OR,Other,5.0,75.1,26.6,24.9,11.17,9.0,5.7
2020,OR,Other Biomass,59.300000000000004,75.1,26.6,24.9,11.17,9.0,5.7
2020,OR,Solar Thermal and Photovoltaic,574.4000000000001,75.1,26.6,24.9,11.17,9.0,5.7
2020,OR,Wind,3766.2,75.1,26.6,24.9,11.17,9.0,5.7
2020,OR,Wood and Wood Derived Fuels,300.4,75.1,26.6,24.9,11.17,9.0,5.7
2020,PA,Coal,9630.099999999999,5.8,96.2,73.3,13.58,8.5,6.16
2020,PA,Hydroelectric,919.5,5.8,96.2,73.3,13.58,8.5,6.16
2020,PA,Natural Gas,27294.6,5.8,96.2,73.3,13.58,8.5,6.16
2020,PA,Nuclear,9532.2,5.8,96.2,73.3,13.58,8.5,6.16
2020,PA,Other,48.4,5.8,96.2,73.3,13.58,8.5,6.16
2020,PA,Other Biomass,431.7,5.8,96.2,73.3,13.58,8.5,6.16
2020,PA,Other Gases,83.5,5.8,96.2,73.3,13.58,8.5,6.16
2020,PA,Petroleum,1975.2999999999997,5.8,96.2,73.3,13.58,8.5,6.16
2020,PA,Pumped Storage,1541.0,5.8,96.2,73.3,13.58,8.5,6.16
2020,PA,Solar Thermal and Photovoltaic,150.8,5.8,96.2,73.3,13.58,8.5,6.16
2020,PA,Wind,1463.4,5.8,96.2,73.3,13.58,8.5,6.16
2020,PA,Wood and Wood Derived Fuels,93.1,5.8,96.2,73.3,13.58,8.5,6.16
2020,RI,Hydroelectric,2.8,13.0,97.7,87.0,22.01,15.94,15.76
2020,RI,Natural Gas,2002.1000000000001,13.0,97.7,87.0,22.01,15.94,15.76
2020,RI,Other Biomass,45.3,13.0,97.7,87.0,22.01,15.94,15.76
2020,RI,Petroleum,7.1,13.0,97.7,87.0,22.01,15.94,15.76
2020,RI,Solar Thermal and Photovoltaic,178.5,13.0,97.7,87.0,22.01,15.94,15.76
2020,RI,Wind,73.5,13.0,97.7,87.0,22.01,15.94,15.76
2020,SC,Coal,5081.6,11.8,8.3,51.3,12.78,10.35,5.98
2020,SC,Hydroelectric,1365.0,11.8,8.3,51.3,12.78,10.35,5.98
2020,SC,Natural Gas,7656.9,11.8,8.3,51.3,12.78,10.35,5.98
2020,SC,Nuclear,6875.1,11.8,8.3,51.3,12.78,10.35,5.98
2020,SC,Other,4.0,11.8,8.3,51.3,12.78,10.35,5.98
2020,SC,Other Biomass,49.7,11.8,8.3,51.3,12.78,10.35,5.98
2020,SC,Petroleum,627.9,11.8,8.3,51.3,12.78,10.35,5.98
2020,SC,Pumped Storage,2753.2,11.8,8.3,51.3,12.78,10.35,5.98
2020,SC,Solar Thermal and Photovoltaic,1098.8,11.8,8.3,51.3,12.78,10.35,5.98
2020,SC,Wood and Wood Derived Fuels,563.4,11.8,8.3,51.3,12.78,10.35,5.98
2020,SD,Coal,450.0,66.6,30.0,33.4,11.75,9.65,7.79
2020,SD,Hydroelectric,1648.4,66.6,30.0,33.4,11.75,9.65,7.79
2020,SD,Natural Gas,1167.6999999999998,66.6,30.0,33.4,11.75,9.65,7.79
2020,SD,Other,0.8,66.6,30.0,33.4,11.75,9.65,7.79
2020,SD,Petroleum,288.7,66.6,30.0,33.4,11.75,9.65,7.79
2020,SD,Solar Thermal and Photovoltaic,1.0,66.6,30.0,33.4,11.75,9.65,7.79
2020,SD,Wind,2150.4,66.6,30.0,33.4,11.75,9.65,7.79
2020,SD,Wood and Wood Derived Fuels,5.4,66.6,30.0,33.4,11.75,9.65,7.79
2020,TN,Coal,6636.5,12.2,0.9,59.9,10.76,10.56,5.33
2020,TN,Hydroelectric,2504.4,12.2,0.9,59.9,10.76,10.56,5.33
2020,TN,Natural Gas,7691.6,12.2,0.9,59.9,10.76,10.56,5.33
2020,TN,Nuclear,4980.8,12.2,0.9,59.9,10.76,10.56,5.33
2020,TN,Other Biomass,14.6,12.2,0.9,59.9,10.76,10.56,5.33
2020,TN,Petroleum,47.6,12.2,0.9,59.9,10.76,10.56,5.33
2020,TN,Pumped Storage,1713.6,12.2,0.9,59.9,10.76,10.56,5.33
2020,TN,Solar Thermal and Photovoltaic,185.20000000000002,12.2,0.9,59.9,10.76,10.56,5.33
2020,TN,Wind,28.8,12.2,0.9,59.9,10.76,10.56,5.33
2020,TN,Wood and Wood Derived Fuels,185.7,12.2,0.9,59.9,10.76,10.56,5.33
2020,TX,Coal,19270.0,26.0,65.5,69.9,11.71,7.6,5.07
2020,TX,Hydroelectric,737.4,26.0,65.5,69.9,11.71,7.6,5.07
2020,TX,Natural Gas,77460.1,26.0,65.5,69.9,11.71,7.6,5.07
2020,TX,Nuclear,5138.6,26.0,65.5,69.9,11.71,7.6,5.07
2020,TX,Other,457.8,26.0,65.5,69.9,11.71,7.6,5.07
2020,TX,Other Biomass,83.3,26.0,65.5,69.9,11.71,7.6,5.07
2020,TX,Other Gases,303.9,26.0,65.5,69.9,11.71,7.6,5.07
2020,TX,Petroleum,115.19999999999999,26.0,65.5,69.9,11.71,7.6,5.07
2020,TX,Solar Thermal and Photovoltaic,4879.5,26.0,65.5,69.9,11.71,7.6,5.07
2020,TX,Wind,30108.100000000002,26.0,65.5,69.9,11.71,7.6,5.07
2020,TX,Wood and Wood Derived Fuels,339.6,26.0,65.5,69.9,11.71,7.6,5.07
2020,US,Coal,234126.30000000002,21.9,39.8,67.7,13.15,10.59,6.67
2020,US,Geothermal,3864.6,21.9,39.8,67.7,13.15,10.59,6.67
2020,US,Hydroelectric,79895.6,21.9,39.8,67.7,13.15,10.59,6.67
2020,US,Natural Gas,551680.7,21.9,39.8,67.7,13.15,10.59,6.67
2020,US,Nuclear,100898.8,21.9,39.8,67.7,13.15,10.59,6.67
2020,US,Other,3295.7,21.9,39.8,67.7,13.15,10.59,6.67
2020,US,Other Biomass,5260.7,21.9,39.8,67.7,13.15,10.59,6.67
2020,US,Other Gases,2618.3999999999996,21.9,39.8,67.7,13.15,10.59,6.67
2020,US,Petroleum,32072.2,21.9,39.8,67.7,13.15,10.59,6.67
2020,US,Pumped Storage,21969.3,21.9,39.8,67.7,13.15,10.59,6.67
2020,US,Solar Thermal and Photovoltaic,48338.5,21.9,39.8,67.7,13.15,10.59,6.67
2020,US,Wind,118728.2,21.9,39.8,67.7,13.15,10.59,6.67
2020,US,Wood and Wood Derived Fuels,9491.3,21.9,39.8,67.7,13.15,10.59,6.67
2020,UT,Coal,4812.1,19.3,16.8,80.3,10.44,8.27,5.9
2020,UT,Geothermal,83.8,19.3,16.8,80.3,10.44,8.27,5.9
2020,UT,Hydroelectric,264.6,19.3,16.8,80.3,10.44,8.27,5.9
2020,UT,Natural Gas,3252.7,19.3,16.8,80.3,10.44,8.27,5.9
2020,UT,Other,41.3,19.3,16.8,80.3,10.44,8.27,5.9
2020,UT,Other Biomass,13.5,19.3,16.8,80.3,10.44,8.27,5.9
2020,UT,Petroleum,29.3,19.3,16.8,80.3,10.44,8.27,5.9
2020,UT,Solar Thermal and Photovoltaic,1195.7,19.3,16.8,80.3,10.44,8.27,5.9
2020,UT,Wind,389.7,19.3,16.8,80.3,10.44,8.27,5.9
2020,VA,Coal,2986.5000000000005,10.3,17.8,66.6,12.03,7.63,6.28
2020,VA,Hydroelectric,822.4,10.3,17.8,66.6,12.03,7.63,6.28
2020,VA,Natural Gas,15801.0,10.3,17.8,66.6,12.03,7.63,6.28
2020,VA,Nuclear,3654.4,10.3,17.8,66.6,12.03,7.63,6.28
2020,VA,Other,96.0,10.3,17.8,66.6,12.03,7.63,6.28
2020,VA,Other Biomass,351.4,10.3,17.8,66.6,12.03,7.63,6.28
2020,VA,Petroleum,983.9999999999999,10.3,17.8,66.6,12.03,7.63,6.28
2020,VA,Pumped Storage,3109.3,10.3,17.8,66.6,12.03,7.63,6.28
2020,VA,Solar Thermal and Photovoltaic,1301.0,10.3,17.8,66.6,12.03,7.63,6.28
2020,VA,Wood and Wood Derived Fuels,571.8,10.3,17.8,66.6,12.03,7.63,6.28
2020,VT,Hydroelectric,328.8,79.3,44.3,19.5,19.54,16.39,11.2
2020,VT,Other,10.9,79.3,44.3,19.5,19.54,16.39,11.2
2020,VT,Other Biomass,9.6,79.3,44.3,19.5,19.54,16.39,11.2
2020,VT,Petroleum,170.9,79.3,44.3,19.5,19.54,16.39,11.2
2020,VT,Solar Thermal and Photovoltaic,123.8,79.3,44.3,19.5,19.54,16.39,11.2
2020,VT,Wind,151.0,79.3,44.3,19.5,19.54,16.39,11.2
2020,VT,Wood and Wood Derived Fuels,82.4,79.3,44.3,19.5,19.54,16.39,11.2
2020,WA,Coal,729.9,79.7,11.5,15.5,9.87,8.92,5.08
2020,WA,Hydroelectric,21299.1,79.7,11.5,15.5,9.87,8.92,5.08
2020,WA,Natural Gas,4134.9,79.7,11.5,15.5,9.87,8.92,5.08
2020,WA,Nuclear,1200.0,79.7,11.5,15.5,9.87,8.92,5.08
2020,WA,Other,5.0,79.7,11.5,15.5,9.87,8.92,5.08
2020,WA,Other Biomass,77.0,79.7,11.5,15.5,9.87,8.92,5.08
2020,WA,Petroleum,15.5,79.7,11.5,15.5,9.87,8.92,5.08
2020,WA,Pumped Storage,314.0,79.7,11.5,15.5,9.87,8.92,5.08
2020,WA,Solar Thermal and Photovoltaic,23.4,79.7,11.5,15.5,9.87,8.92,5.08
2020,WA,Wind,3386.8,79.7,11.5,15.5,9.87,8.92,5.08
2020,WA,Wood and Wood Derived Fuels,325.09999999999997,79.7,11.5,15.5,9.87,8.92,5.08
2020,WI,Coal,5906.2,10.5,12.1,82.3,14.32,10.75,7.29
2020,WI,Hydroelectric,537.9,10.5,12.1,82.3,14.32,10.75,7.29
2020,WI,Natural Gas,8142.5,10.5,12.1,82.3,14.32,10.75,7.29
2020,WI,Nuclear,1286.0,10.5,12.1,82.3,14.32,10.75,7.29
2020,WI,Other,8.3,10.5,12.1,82.3,14.32,10.75,7.29
2020,WI,Other Biomass,95.2,10.5,12.1,82.3,14.32,10.75,7.29
2020,WI,Petroleum,763.8,10.5,12.1,82.3,14.32,10.75,7.29
2020,WI,Solar Thermal and Photovoltaic,208.2,10.5,12.1,82.3,14.32,10.75,7.29
2020,WI,Wind,734.8,10.5,12.1,82.3,14.32,10.75,7.29
2020,WI,Wood and Wood Derived Fuels,305.6,10.5,12.1,82.3,14.32,10.75,7.29
2020,WV,Coal,13071.7,7.2,24.9,92.5,11.8,9.4,6.09
2020,WV,Hydroelectric,370.6,7.2,24.9,92.5,11.8,9.4,6.09
2020,WV,Natural Gas,1331.9,7.2,24.9,92.5,11.8,9.4,6.09
2020,WV,Other,49.5,7.2,24.9,92.5,11.8,9.4,6.09
2020,WV,Other Biomass,3.2,7.2,24.9,92.5,11.8,9.4,6.09
2020,WV,Petroleum,18.5,7.2,24.9,92.5,11.8,9.4,6.09
2020,WV,Wind,742.5,7.2,24.9,92.5,11.8,9.4,6.09
2020,WY,Coal,6870.1,28.0,12.4,71.9,11.11,9.65,6.88
2020,WY,Hydroelectric,303.4,28.0,12.4,71.9,11.11,9.65,6.88
2020,WY,Natural Gas,832.4,28.0,12.4,71.9,11.11,9.65,6.88
2020,WY,Other,12.4,28.0,12.4,71.9,11.11,9.65,6.88
2020,WY,Other Gases,3.7,28.0,12.4,71.9,11.11,9.65,6.88
2020,WY,Petroleum,5.800000000000001,28.0,12.4,71.9,11.11,9.65,6.88
2020,WY,Solar Thermal and Photovoltaic,92.0,28.0,12.4,71.9,11.11,9.65,6.88
2020,WY,Wind,2608.3,28.0,12.4,71.9,11.11,9.65,6.88
2021,AK,Coal,192.5,18.2,0.7,80.3,22.55,19.61,16.85
2021,AK,Hydroelectric,481.2,18.2,0.7,80.3,22.55,19.61,16.85
2021,AK,Natural Gas,1409.3999999999999,18.2,0.7,80.3,22.55,19.61,16.85
2021,AK,Other,47.2,18.2,0.7,80.3,22.55,19.61,16.85
2021,AK,Other Biomass,11.5,18.2,0.7,80.3,22.55,19.61,16.85
2021,AK,Petroleum,838.2,18.2,0.7,80.3,22.55,19.61,16.85
2021,AK,Solar Thermal and Photovoltaic,0.8,18.2,0.7,80.3,22.55,19.61,16.85
2021,AK,Wind,59.6,18.2,0.7,80.3,22.55,19.61,16.85
2021,AL,Coal,4966.5,14.7,24.9,67.7,12.96,11.84,6.33
2021,AL,Hydroelectric,3318.3,14.7,24.9,67.7,12.96,11.84,6.33
2021,AL,Natural Gas,15435.300000000001,14.7,24.9,67.7,12.96,11.84,6.33
2021,AL,Nuclear,5343.9,14.7,24.9,67.7,12.96,11.84,6.33
2021,AL,Other,1.0,14.7,24.9,67.7,12.96,11.84,6.33
2021,AL,Other Biomass,6.4,14.7,24.9,67.7,12.96,11.84,6.33
2021,AL,Other Gases,3.8,14.7,24.9,67.7,12.96,11.84,6.33
2021,AL,Petroleum,47.800000000000004,14.7,24.9,67.7,12.96,11.84,6.33
2021,AL,Solar Thermal and Photovoltaic,423.9,14.7,24.9,67.7,12.96,11.84,6.33
2021,AL,Wood and Wood Derived Fuels,681.5,14.7,24.9,67.7,12.96,11.84,6.33
2021,AR,Coal,5487.0,11.1,5.7,77.5,11.27,9.56,6.57
2021,AR,Hydroelectric,1320.9,11.1,5.7,77.5,11.27,9.56,6.57
2021,AR,Natural Gas,7254.400000000001,11.1,5.7,77.5,11.27,9.56,6.57
2021,AR,Nuclear,1845.0,11.1,5.7,77.5,11.27,9.56,6.57
2021,AR,Other,12.0,11.1,5.7,77.5,11.27,9.56,6.57
2021,AR,Other Biomass,10.100000000000001,11.1,5.7,77.5,11.27,9.56,6.57
2021,AR,Petroleum,9.1,11.1,5.7,77.5,11.27,9.56,6.57
2021,AR,Pumped Storage,30.0,11.1,5.7,77.5,11.27,9.56,6.57
2021,AR,Solar Thermal and Photovoltaic,223.7,11.1,5.7,77.5,11.27,9.56,6.57
2021,AR,Wood and Wood Derived Fuels,269.5,11.1,5.7,77.5,11.27,9.56,6.57
2021,AZ,Coal,3217.5,19.9,23.4,65.6,12.54,10.33,6.79
2021,AZ,Hydroelectric,2718.0,19.9,23.4,65.6,12.54,10.33,6.79
2021,AZ,Natural Gas,16981.3,19.9,23.4,65.6,12.54,10.33,6.79
2021,AZ,Nuclear,4209.6,19.9,23.4,65.6,12.54,10.33,6.79
2021,AZ,Other,97.0,19.9,23.4,65.6,12.54,10.33,6.79
2021,AZ,Other Biomass,3.2,19.9,23.4,65.6,12.54,10.33,6.79
2021,AZ,Petroleum,125.3,19.9,23.4,65.6,12.54,10.33,6.79
2021,AZ,Pumped Storage,194.1,19.9,23.4,65.6,12.54,10.33,6.79
2021,AZ,Solar Thermal and Photovoltaic,2810.7999999999997,19.9,23.4,65.6,12.54,10.33,6.79
2021,AZ,Wind,617.3,19.9,23.4,65.6,12.54,10.33,6.79
2021,AZ,Wood and Wood Derived Fuels,30.2,19.9,23.4,65.6,12.54,10.33,6.79
2021,CA,Coal,62.5,41.6,57.1,48.5,22.82,19.18,14.82
2021,CA,Geothermal,2824.0,41.6,57.1,48.5,22.82,19.18,14.82
2021,CA,Hydroelectric,10063.1,41.6,57.1,48.5,22.82,19.18,14.82
2021,CA,Natural Gas,40972.2,41.6,57.1,48.5,22.82,19.18,14.82
2021,CA,Nuclear,2323.0,41.6,57.1,48.5,22.82,19.18,14.82
2021,CA,Other,2471.7,41.6,57.1,48.5,22.82,19.18,14.82
2021,CA,Other Biomass,528.9000000000001,41.6,57.1,48.5,22.82,19.18,14.82
2021,CA,Other Gases,262.1,41.6,57.1,48.5,22.82,19.18,14.82
2021,CA,Petroleum,503.6,41.6,57.1,48.5,22.82,19.18,14.82
2021,CA,Pumped Storage,3745.6,41.6,57.1,48.5,22.82,19.18,14.82
2021,CA,Solar Thermal and Photovoltaic,15449.599999999999,41.6,57.1,48.5,22.82,19.18,14.82
2021,CA,Wind,6198.900000000001,41.6,57.1,48.5,22.82,19.18,14.82
2021,CA,Wood and Wood Derived Fuels,768.0,41.6,57.1,48.5,22.82,19.18,14.82
2021,CO,Coal,4581.2,33.8,35.3,63.5,13.07,10.84,8.01
2021,CO,Hydroelectric,675.9,33.8,35.3,63.5,13.07,10.84,8.01
2021,CO,Natural Gas,8006.3,33.8,35.3,63.5,13.07,10.84,8.01
2021,CO,Other,20.8,33.8,35.3,63.5,13.07,10.84,8.01
2021,CO,Other Biomass,21.4,33.8,35.3,63.5,13.07,10.84,8.01
2021,CO,Other Gases,3.0,33.8,35.3,63.5,13.07,10.84,8.01
2021,CO,Petroleum,182.0,33.8,35.3,63.5,13.07,10.84,8.01
2021,CO,Pumped Storage,508.5,33.8,35.3,63.5,13.07,10.84,8.01
2021,CO,Solar Thermal and Photovoltaic,1060.9,33.8,35.3,63.5,13.07,10.84,8.01
2021,CO,Wind,5032.3,33.8,35.3,63.5,13.07,10.84,8.01
2021,CO,Wood and Wood Derived Fuels,12.6,33.8,35.3,63.5,13.07,10.84,8.01
2021,CT,Hydroelectric,115.5,5.7,95.5,74.2,21.91,16.46,9.63
2021,CT,Natural Gas,5808.5,5.7,95.5,74.2,21.91,16.46,9.63
2021,CT,Nuclear,2162.9,5.7,95.5,74.2,21.91,16.46,9.63
2021,CT,Other,1.6,5.7,95.5,74.2,21.91,16.46,9.63
2021,CT,Other Biomass,207.8,5.7,95.5,74.2,21.91,16.46,9.63
2021,CT,Petroleum,2263.3,5.7,95.5,74.2,21.91,16.46,9.63
2021,CT,Pumped Storage,31.0,5.7,95.5,74.2,21.91,16.46,9.63
2021,CT,Solar Thermal and Photovoltaic,245.8,5.7,95.5,74.2,21.91,16.46,9.63
2021,CT,Wind,5.0,5.7,95.5,74.2,21.91,16.46,9.63
2021,CT,Wood and Wood Derived Fuels,43.0,5.7,95.5,74.2,21.91,16.46,9.63
2021,DC,Natural Gas,22.9,56.2,29.3,43.8,13.09,13.0,7.87
2021,DC,Other Biomass,14.1,56.2,29.3,43.8,13.09,13.0,7.87
2021,DC,Solar Thermal and Photovoltaic,15.3,56.2,29.3,43.8,13.09,13.0,7.87
2021,DE,Coal,445.5,1.6,84.2,98.4,12.52,9.48,7.6
2021,DE,Natural Gas,2723.8,1.6,84.2,98.4,12.52,9.48,7.6
2021,DE,Other Biomass,14.2,1.6,84.2,98.4,12.52,9.48,7.6
2021,DE,Other Gases,140.0,1.6,84.2,98.4,12.52,9.48,7.6
2021,DE,Petroleum,121.6,1.6,84.2,98.4,12.52,9.48,7.6
2021,DE,Solar Thermal and Photovoltaic,38.099999999999994,1.6,84.2,98.4,12.52,9.48,7.6
2021,DE,Wind,2.0,1.6,84.2,98.4,12.52,9.48,7.6
2021,FL,Coal,5110.5,9.0,6.7,84.4,11.9,9.51,7.65
2021,FL,Hydroelectric,43.5,9.0,6.7,84.4,11.9,9.51,7.65
2021,FL,Natural Gas,52150.7,9.0,6.7,84.4,11.9,9.51,7.65
2021,FL,Nuclear,3797.2,9.0,6.7,84.4,11.9,9.51,7.65
2021,FL,Other,863.1,9.0,6.7,84.4,11.9,9.51,7.65
2021,FL,Other Biomass,817.6,9.0,6.7,84.4,11.9,9.51,7.65
2021,FL,Petroleum,2194.3,9.0,6.7,84.4,11.9,9.51,7.65
2021,FL,Solar Thermal and Photovoltaic,4953.0,9.0,6.7,84.4,11.9,9.51,7.65
2021,FL,Wood and Wood Derived Fuels,521.0,9.0,6.7,84.4,11.9,9.51,7.65
2021,GA,Coal,8966.6,14.8,23.4,70.7,12.51,10.61,6.49
2021,GA,Hydroelectric,1962.2,14.8,23.4,70.7,12.51,10.61,6.49
2021,GA,Natural Gas,18975.9,14.8,23.4,70.7,12.51,10.61,6.49
2021,GA,Nuclear,4278.0,14.8,23.4,70.7,12.51,10.61,6.49
2021,GA,Other,87.2,14.8,23.4,70.7,12.51,10.61,6.49
2021,GA,Other Biomass,57.2,14.8,23.4,70.7,12.51,10.61,6.49
2021,GA,Petroleum,1213.2,14.8,23.4,70.7,12.51,10.61,6.49
2021,GA,Pumped Storage,1634.6,14.8,23.4,70.7,12.51,10.61,6.49
2021,GA,Solar Thermal and Photovoltaic,3080.0,14.8,23.4,70.7,12.51,10.61,6.49
2021,GA,Wood and Wood Derived Fuels,1012.5,14.8,23.4,70.7,12.51,10.61,6.49
2021,HI,Coal,203.0,23.7,20.8,73.9,33.49,30.88,27.12
2021,HI,Geothermal,51.0,23.7,20.8,73.9,33.49,30.88,27.12
2021,HI,Hydroelectric,33.6,23.7,20.8,73.9,33.49,30.88,27.12
2021,HI,Other,77.9,23.7,20.8,73.9,33.49,30.88,27.12
2021,HI,Other Biomass,167.0,23.7,20.8,73.9,33.49,30.88,27.12
2021,HI,Petroleum,2210.6,23.7,20.8,73.9,33.49,30.88,27.12
2021,HI,Solar Thermal and Photovoltaic,288.9,23.7,20.8,73.9,33.49,30.88,27.12
2021,HI,Wind,233.2,23.7,20.8,73.9,33.49,30.88,27.12
2021,IA,Coal,5754.7,52.9,14.3,47.0,12.73,10.17,6.63
2021,IA,Hydroelectric,184.39999999999998,52.9,14.3,47.0,12.73,10.17,6.63
2021,IA,Natural Gas,4027.6,52.9,14.3,47.0,12.73,10.17,6.63
2021,IA,Other,3.9,52.9,14.3,47.0,12.73,10.17,6.63
2021,IA,Other Biomass,20.6,52.9,14.3,47.0,12.73,10.17,6.63
2021,IA,Petroleum,990.3,52.9,14.3,47.0,12.73,10.17,6.63
2021,IA,Solar Thermal and Photovoltaic,118.4,52.9,14.3,47.0,12.73,10.17,6.63
2021,IA,Wind,11804.1,52.9,14.3,47.0,12.73,10.17,6.63
2021,ID,Coal,6.2,76.2,32.9,23.5,10.16,7.89,6.39
2021,ID,Geothermal,18.0,76.2,32.9,23.5,10.16,7.89,6.39
2021,ID,Hydroelectric,2692.7,76.2,32.9,23.5,10.16,7.89,6.39
2021,ID,Natural Gas,1247.9,76.2,32.9,23.5,10.16,7.89,6.39
2021,ID,Other,15.9,76.2,32.9,23.5,10.16,7.89,6.39
2021,ID,Other Biomass,21.0,76.2,32.9,23.5,10.16,7.89,6.39
2021,ID,Petroleum,5.0,76.2,32.9,23.5,10.16,7.89,6.39
2021,ID,Solar Thermal and Photovoltaic,242.0,76.2,32.9,23.5,10.16,7.89,6.39
2021,ID,Wind,974.4,76.2,32.9,23.5,10.16,7.89,6.39
2021,ID,Wood and Wood Derived Fuels,126.2,76.2,32.9,23.5,10.16,7.89,6.39
2021,IL,Coal,10646.699999999999,15.6,88.4,59.6,13.18,9.65,7.3
2021,IL,Hydroelectric,38.3,15.6,88.4,59.6,13.18,9.65,7.3
2021,IL,Natural Gas,18788.6,15.6,88.4,59.6,13.18,9.65,7.3
2021,IL,Nuclear,12415.1,15.6,88.4,59.6,13.18,9.65,7.3
2021,IL,Other,213.70000000000002,15.6,88.4,59.6,13.18,9.65,7.3
2021,IL,Other Biomass,82.3,15.6,88.4,59.6,13.18,9.65,7.3
2021,IL,Other Gases,39.7,15.6,88.4,59.6,13.18,9.65,7.3
2021,IL,Petroleum,897.8000000000001,15.6,88.4,59.6,13.18,9.65,7.3
2021,IL,Solar Thermal and Photovoltaic,647.3000000000001,15.6,88.4,59.6,13.18,9.65,7.3
2021,IL,Wind,7197.8,15.6,88.4,59.6,13.18,9.65,7.3
2021,IN,Coal,15269.4,14.4,20.5,85.2,13.37,11.58,7.39
2021,IN,Hydroelectric,105.0,14.4,20.5,85.2,13.37,11.58,7.39
2021,IN,Natural Gas,9073.7,14.4,20.5,85.2,13.37,11.58,7.39
2021,IN,Other,130.6,14.4,20.5,85.2,13.37,11.58,7.39
2021,IN,Other Biomass,75.1,14.4,20.5,85.2,13.37,11.58,7.39
2021,IN,Other Gases,696.2,14.4,20.5,85.2,13.37,11.58,7.39
2021,IN,Petroleum,111.5,14.4,20.5,85.2,13.37,11.58,7.39
2021,IN,Solar Thermal and Photovoltaic,607.4,14.4,20.5,85.2,13.37,11.58,7.39
2021,IN,Wind,3453.1,14.4,20.5,85.2,13.37,11.58,7.39
2021,KS,Coal,4885.6,42.4,37.9,51.1,12.98,10.52,7.38
2021,KS,Hydroelectric,7.0,42.4,37.9,51.1,12.98,10.52,7.38
2021,KS,Natural Gas,4458.400000000001,42.4,37.9,51.1,12.98,10.52,7.38
2021,KS,Nuclear,1267.7,42.4,37.9,51.1,12.98,10.52,7.38
2021,KS,Other,2.0,42.4,37.9,51.1,12.98,10.52,7.38
2021,KS,Other Biomass,9.2,42.4,37.9,51.1,12.98,10.52,7.38
2021,KS,Petroleum,672.3,42.4,37.9,51.1,12.98,10.52,7.38
2021,KS,Solar Thermal and Photovoltaic,30.0,42.4,37.9,51.1,12.98,10.52,7.38
2021,KS,Wind,8261.300000000001,42.4,37.9,51.1,12.98,10.52,7.38
2021,KY,Coal,11202.1,6.0,5.6,94.0,11.5,10.75,5.95
2021,KY,Hydroelectric,1099.8,6.0,5.6,94.0,11.5,10.75,5.95
2021,KY,Natural Gas,8436.6,6.0,5.6,94.0,11.5,10.75,5.95
2021,KY,Other Biomass,22.8,6.0,5.6,94.0,11.5,10.75,5.95
2021,KY,Petroleum,11.5,6.0,5.6,94.0,11.5,10.75,5.95
2021,KY,Solar Thermal and Photovoltaic,31.0,6.0,5.6,94.0,11.5,10.75,5.95
2021,KY,Wood and Wood Derived Fuels,93.0,6.0,5.6,94.0,11.5,10.75,5.95
2021,LA,Coal,2449.5,2.7,10.8,88.0,11.02,10.23,6.21
2021,LA,Hydroelectric,192.0,2.7,10.8,88.0,11.02,10.23,6.21
2021,LA,Natural Gas,21402.2,2.7,10.8,88.0,11.02,10.23,6.21
2021,LA,Nuclear,2235.7,2.7,10.8,88.0,11.02,10.23,6.21
2021,LA,Other,415.29999999999995,2.7,10.8,88.0,11.02,10.23,6.21
2021,LA,Other Biomass,15.1,2.7,10.8,88.0,11.02,10.23,6.21
2021,LA,Other Gases,223.5,2.7,10.8,88.0,11.02,10.23,6.21
2021,LA,Petroleum,993.6,2.7,10.8,88.0,11.02,10.23,6.21
2021,LA,Solar Thermal and Photovoltaic,74.5,2.7,10.8,88.0,11.02,10.23,6.21
2021,LA,Wood and Wood Derived Fuels,473.7,2.7,10.8,88.0,11.02,10.23,6.21
2021,MA,Hydroelectric,272.0,13.4,84.5,73.0,22.89,16.99,15.18
2021,MA,Natural Gas,8545.0,13.4,84.5,73.0,22.89,16.99,15.18
2021,MA,Other,181.0,13.4,84.5,73.0,22.89,16.99,15.18
2021,MA,Other Biomass,342.6,13.4,84.5,73.0,22.89,16.99,15.18
2021,MA,Petroleum,1950.4999999999998,13.4,84.5,73.0,22.89,16.99,15.18
2021,MA,Pumped Storage,1768.0,13.4,84.5,73.0,22.89,16.99,15.18
2021,MA,Solar Thermal and Photovoltaic,1193.7,13.4,84.5,73.0,22.89,16.99,15.18
2021,MA,Wind,105.60000000000001,13.4,84.5,73.0,22.89,16.99,15.18
2021,MA,Wood and Wood Derived Fuels,18.0,13.4,84.5,73.0,22.89,16.99,15.18
2021,MD,Coal,3210.2,9.2,86.4,77.8,13.12,10.26,8.46
2021,MD,Hydroelectric,550.8,9.2,86.4,77.8,13.12,10.26,8.46
2021,MD,Natural Gas,6440.2,9.2,86.4,77.8,13.12,10.26,8.46
2021,MD,Nuclear,1850.4,9.2,86.4,77.8,13.12,10.26,8.46
2021,MD,Other,11.0,9.2,86.4,77.8,13.12,10.26,8.46
2021,MD,Other Biomass,153.8,9.2,86.4,77.8,13.12,10.26,8.46
2021,MD,Petroleum,1450.2,9.2,86.4,77.8,13.12,10.26,8.46
2021,MD,Solar Thermal and Photovoltaic,410.7,9.2,86.4,77.8,13.12,10.26,8.46
2021,MD,Wind,190.0,9.2,86.4,77.8,13.12,10.26,8.46
2021,MD,Wood and Wood Derived Fuels,3.8,9.2,86.4,77.8,13.12,10.26,8.46
2021,ME,Hydroelectric,705.2,47.1,86.7,51.6,17.02,12.9,9.55
2021,ME,Natural Gas,1835.2,47.1,86.7,51.6,17.02,12.9,9.55
2021,ME,Other,70.0,47.1,86.7,51.6,17.02,12.9,9.55
2021,ME,Other Biomass,46.8,47.1,86.7,51.6,17.02,12.9,9.55
2021,ME,Petroleum,883.0,47.1,86.7,51.6,17.02,12.9,9.55
2021,ME,Solar Thermal and Photovoltaic,201.3,47.1,86.7,51.6,17.02,12.9,9.55
2021,ME,Wind,1012.5,47.1,86.7,51.6,17.02,12.9,9.55
2021,ME,Wood and Wood Derived Fuels,511.79999999999995,47.1,86.7,51.6,17.02,12.9,9.55
2021,MI,Coal,8757.900000000001,13.8,13.3,66.7,17.54,12.31,7.69
2021,MI,Hydroelectric,350.8,13.8,13.3,66.7,17.54,12.31,7.69
2021,MI,Natural Gas,11937.6,13.8,13.3,66.7,17.54,12.31,7.69
2021,MI,Nuclear,4314.1,13.8,13.3,66.7,17.54,12.31,7.69
2021,MI,Other,1.4,13.8,13.3,66.7,17.54,12.31,7.69
2021,MI,Other Biomass,174.8,13.8,13.3,66.7,17.54,12.31,7.69
2021,MI,Other Gases,238.0,13.8,13.3,66.7,17.54,12.31,7.69
2021,MI,Petroleum,540.7,13.8,13.3,66.7,17.54,12.31,7.69
2021,MI,Pumped Storage,1978.8,13.8,13.3,66.7,17.54,12.31,7.69
2021,MI,Solar Thermal and Photovoltaic,354.40000000000003,13.8,13.3,66.7,17.54,12.31,7.69
2021,MI,Wind,3169.2,13.8,13.3,66.7,17.54,12.31,7.69
2021,MI,Wood and Wood Derived Fuels,379.9,13.8,13.3,66.7,17.54,12.31,7.69
2021,MN,Coal,4358.3,32.3,27.7,58.2,13.5,11.22,8.29
2021,MN,Hydroelectric,223.9,32.3,27.7,58.2,13.5,11.22,8.29
2021,MN,Natural Gas,6327.8,32.3,27.7,58.2,13.5,11.22,8.29
2021,MN,Nuclear,1871.2,32.3,27.7,58.2,13.5,11.22,8.29
2021,MN,Other,26.5,32.3,27.7,58.2,13.5,11.22,8.29
2021,MN,Other Biomass,143.3,32.3,27.7,58.2,13.5,11.22,8.29
2021,MN,Petroleum,905.5,32.3,27.7,58.2,13.5,11.22,8.29
2021,MN,Solar Thermal and Photovoltaic,1103.8999999999999,32.3,27.7,58.2,13.5,11.22,8.29
2021,MN,Wind,4722.8,32.3,27.7,58.2,13.5,11.22,8.29
2021,MN,Wood and Wood Derived Fuels,250.39999999999998,32.3,27.7,58.2,13.5,11.22,8.29
2021,MO,Coal,10909.5,12.6,9.0,79.7,11.42,9.17,7.11
2021,MO,Hydroelectric,506.0,12.6,9.0,79.7,11.42,9.17,7.11
2021,MO,Natural Gas,6954.2,12.6,9.0,79.7,11.42,9.17,7.11
2021,MO,Nuclear,1235.8,12.6,9.0,79.7,11.42,9.17,7.11
2021,MO,Other,2.2,12.6,9.0,79.7,11.42,9.17,7.11
2021,MO,Other Biomass,14.8,12.6,9.0,79.7,11.42,9.17,7.11
2021,MO,Petroleum,1311.0,12.6,9.0,79.7,11.42,9.17,7.11
2021,MO,Pumped Storage,600.4,12.6,9.0,79.7,11.42,9.17,7.11
2021,MO,Solar Thermal and Photovoltaic,76.0,12.6,9.0,79.7,11.42,9.17,7.11
2021,MO,Wind,2435.7,12.6,9.0,79.7,11.42,9.17,7.11
2021,MS,Coal,1610.3,2.8,4.5,88.4,11.56,10.81,5.95
2021,MS,Natural Gas,12751.300000000001,2.8,4.5,88.4,11.56,10.81,5.95
2021,MS,Nuclear,1440.0,2.8,4.5,88.4,11.56,10.81,5.95
2021,MS,Other,1.6,2.8,4.5,88.4,11.56,10.81,5.95
2021,MS,Other Biomass,1.6,2.8,4.5,88.4,11.56,10.81,5.95
2021,MS,Petroleum,9.0,2.8,4.5,88.4,11.56,10.81,5.95
2021,MS,Solar Thermal and Photovoltaic,219.3,2.8,4.5,88.4,11.56,10.81,5.95
2021,MS,Wood and Wood Derived Fuels,229.5,2.8,4.5,88.4,11.56,10.81,5.95
2021,MT,Coal,1814.7,60.9,44.6,38.1,11.22,10.54,6.24
2021,MT,Hydroelectric,2653.7,60.9,44.6,38.1,11.22,10.54,6.24
2021,MT,Natural Gas,491.79999999999995,60.9,44.6,38.1,11.22,10.54,6.24
2021,MT,Other,60.0,60.9,44.6,38.1,11.22,10.54,6.24
2021,MT,Other Biomass,1.6,60.9,44.6,38.1,11.22,10.54,6.24
2021,MT,Other Gases,1.6,60.9,44.6,38.1,11.22,10.54,6.24
2021,MT,Petroleum,68.0,60.9,44.6,38.1,11.22,10.54,6.24
2021,MT,Solar Thermal and Photovoltaic,17.0,60.9,44.6,38.1,11.22,10.54,6.24
2021,MT,Wind,1121.7,60.9,44.6,38.1,11.22,10.54,6.24
2021,MT,Wood and Wood Derived Fuels,2.8,60.9,44.6,38.1,11.22,10.54,6.24
2021,NC,Coal,9925.3,21.7,21.7,63.7,11.32,8.5,6.14
2021,NC,Hydroelectric,1890.3999999999999,21.7,21.7,63.7,11.32,8.5,6.14
2021,NC,Natural Gas,13849.099999999999,21.7,21.7,63.7,11.32,8.5,6.14
2021,NC,Nuclear,5394.7,21.7,21.7,63.7,11.32,8.5,6.14
2021,NC,Other,75.6,21.7,21.7,63.7,11.32,8.5,6.14
2021,NC,Other Biomass,81.3,21.7,21.7,63.7,11.32,8.5,6.14
2021,NC,Petroleum,578.5,21.7,21.7,63.7,11.32,8.5,6.14
2021,NC,Pumped Storage,95.0,21.7,21.7,63.7,11.32,8.5,6.14
2021,NC,Solar Thermal and Photovoltaic,5749.1,21.7,21.7,63.7,11.32,8.5,6.14
2021,NC,Wind,208.0,21.7,21.7,63.7,11.32,8.5,6.14
2021,NC,Wood and Wood Derived Fuels,377.5,21.7,21.7,63.7,11.32,8.5,6.14
2021,ND,Coal,4244.1,49.3,27.5,50.7,10.85,9.17,7.37
2021,ND,Hydroelectric,583.4,49.3,27.5,50.7,10.85,9.17,7.37
2021,ND,Natural Gas,744.1,49.3,27.5,50.7,10.85,9.17,7.37
2021,ND,Other,5.3,49.3,27.5,50.7,10.85,9.17,7.37
2021,ND,Other Biomass,9.8,49.3,27.5,50.7,10.85,9.17,7.37
2021,ND,Other Gases,7.5,49.3,27.5,50.7,10.85,9.17,7.37
2021,ND,Petroleum,69.7,49.3,27.5,50.7,10.85,9.17,7.37
2021,ND,Wind,4333.9,49.3,27.5,50.7,10.85,9.17,7.37
2021,NE,Coal,3982.9,31.0,26.8,61.6,10.75,8.81,7.26
2021,NE,Hydroelectric,329.9,31.0,26.8,61.6,10.75,8.81,7.26
2021,NE,Natural Gas,2181.5,31.0,26.8,61.6,10.75,8.81,7.26
2021,NE,Nuclear,801.0,31.0,26.8,61.6,10.75,8.81,7.26
2021,NE,Other,2.9,31.0,26.8,61.6,10.75,8.81,7.26
2021,NE,Other Biomass,15.7,31.0,26.8,61.6,10.75,8.81,7.26
2021,NE,Petroleum,472.5,31.0,26.8,61.6,10.75,8.81,7.26
2021,NE,Solar Thermal and Photovoltaic,33.199999999999996,31.0,26.8,61.6,10.75,8.81,7.26
2021,NE,Wind,2961.3,31.0,26.8,61.6,10.75,8.81,7.26
2021,NH,Coal,559.2,21.0,99.3,52.6,19.85,16.13,13.81
2021,NH,Hydroelectric,513.8,21.0,99.3,52.6,19.85,16.13,13.81
2021,NH,Natural Gas,1814.5,21.0,99.3,52.6,19.85,16.13,13.81
2021,NH,Nuclear,1242.0,21.0,99.3,52.6,19.85,16.13,13.81
2021,NH,Other Biomass,33.5,21.0,99.3,52.6,19.85,16.13,13.81
2021,NH,Petroleum,106.9,21.0,99.3,52.6,19.85,16.13,13.81
2021,NH,Solar Thermal and Photovoltaic,2.4,21.0,99.3,52.6,19.85,16.13,13.81
2021,NH,Wind,214.1,21.0,99.3,52.6,19.85,16.13,13.81
2021,NH,Wood and Wood Derived Fuels,227.4,21.0,99.3,52.6,19.85,16.13,13.81
2021,NJ,Coal,527.3,6.6,88.3,71.6,16.35,12.69,10.7
2021,NJ,Hydroelectric,14.7,6.6,88.3,71.6,16.35,12.69,10.7
2021,NJ,Natural Gas,12973.5,6.6,88.3,71.6,16.35,12.69,10.7
2021,NJ,Nuclear,3630.7,6.6,88.3,71.6,16.35,12.69,10.7
2021,NJ,Other,54.400000000000006,6.6,88.3,71.6,16.35,12.69,10.7
2021,NJ,Other Biomass,221.0,6.6,88.3,71.6,16.35,12.69,10.7
2021,NJ,Other Gases,30.0,6.6,88.3,71.6,16.35,12.69,10.7
2021,NJ,Petroleum,122.1,6.6,88.3,71.6,16.35,12.69,10.7
2021,NJ,Pumped Storage,453.0,6.6,88.3,71.6,16.35,12.69,10.7
2021,NJ,Solar Thermal and Photovoltaic,1022.6,6.6,88.3,71.6,16.35,12.69,10.7
2021,NJ,Wind,9.0,6.6,88.3,71.6,16.35,12.69,10.7
2021,NM,Coal,2560.2,44.5,42.9,55.5,13.52,10.8,6.16
2021,NM,Geothermal,19.2,44.5,42.9,55.5,13.52,10.8,6.16
2021,NM,Hydroelectric,81.5,44.5,42.9,55.5,13.52,10.8,6.16
2021,NM,Natural Gas,3613.1000000000004,44.5,42.9,55.5,13.52,10.8,6.16
2021,NM,Other,2.9000000000000004,44.5,42.9,55.5,13.52,10.8,6.16
2021,NM,Other Biomass,5.4,44.5,42.9,55.5,13.52,10.8,6.16
2021,NM,Petroleum,207.4,44.5,42.9,55.5,13.52,10.8,6.16
2021,NM,Solar Thermal and Photovoltaic,740.9000000000001,44.5,42.9,55.5,13.52,10.8,6.16
2021,NM,Wind,4265.9,44.5,42.9,55.5,13.52,10.8,6.16
2021,NV,Coal,809.0,35.9,29.8,63.1,11.49,7.77,6.02
2021,NV,Geothermal,856.6999999999999,35.9,29.8,63.1,11.49,7.77,6.02
2021,NV,Hydroelectric,1052.2,35.9,29.8,63.1,11.49,7.77,6.02
2021,NV,Natural Gas,8365.5,35.9,29.8,63.1,11.49,7.77,6.02
2021,NV,Other,132.5,35.9,29.8,63.1,11.49,7.77,6.02
2021,NV,Other Biomass,15.2,35.9,29.8,63.1,11.49,7.77,6.02
2021,NV,Petroleum,6.0,35.9,29.8,63.1,11.49,7.77,6.02
2021,NV,Solar Thermal and Photovoltaic,3150.6,35.9,29.8,63.1,11.49,7.77,6.02
2021,NV,Wind,150.0,35.9,29.8,63.1,11.49,7.77,6.02
2021,NY,Coal,531.2,19.4,63.8,69.6,19.48,16.07,6.34
2021,NY,Hydroelectric,4683.9,19.4,63.8,69.6,19.48,16.07,6.34
2021,NY,Natural Gas,25513.8,19.4,63.8,69.6,19.48,16.07,6.34
2021,NY,Nuclear,3398.4,19.4,63.8,69.6,19.48,16.07,6.34
2021,NY,Other,85.0,19.4,63.8,69.6,19.48,16.07,6.34
2021,NY,Other Biomass,433.20000000000005,19.4,63.8,69.6,19.48,16.07,6.34
2021,NY,Petroleum,3867.9,19.4,63.8,69.6,19.48,16.07,6.34
2021,NY,Pumped Storage,1240.0,19.4,63.8,69.6,19.48,16.07,6.34
2021,NY,Solar Thermal and Photovoltaic,927.2,19.4,63.8,69.6,19.48,16.07,6.34
2021,NY,Wind,2189.4,19.4,63.8,69.6,19.48,16.07,6.34
2021,NY,Wood and Wood Derived Fuels,84.5,19.4,63.8,69.6,19.48,16.07,6.34
2021,OH,Coal,10621.8,5.9,81.0,87.1,12.77,9.75,6.55
2021,OH,Hydroelectric,128.6,5.9,81.0,87.1,12.77,9.75,6.55
2021,OH,Natural Gas,16435.6,5.9,81.0,87.1,12.77,9.75,6.55
2021,OH,Nuclear,2236.8,5.9,81.0,87.1,12.77,9.75,6.55
2021,OH,Other,31.8,5.9,81.0,87.1,12.77,9.75,6.55
2021,OH,Other Biomass,96.8,5.9,81.0,87.1,12.77,9.75,6.55
2021,OH,Other Gases,221.5,5.9,81.0,87.1,12.77,9.75,6.55
2021,OH,Petroleum,721.9,5.9,81.0,87.1,12.77,9.75,6.55
2021,OH,Solar Thermal and Photovoltaic,481.3,5.9,81.0,87.1,12.77,9.75,6.55
2021,OH,Wind,1102.3,5.9,81.0,87.1,12.77,9.75,6.55
2021,OH,Wood and Wood Derived Fuels,72.8,5.9,81.0,87.1,12.77,9.75,6.55
2021,OK,Coal,3573.0,35.3,40.3,63.9,11.0,8.7,5.5
2021,OK,Hydroelectric,824.3,35.3,40.3,63.9,11.0,8.7,5.5
2021,OK,Natural Gas,16900.2,35.3,40.3,63.9,11.0,8.7,5.5
2021,OK,Other,10.0,35.3,40.3,63.9,11.0,8.7,5.5
2021,OK,Other Biomass,20.0,35.3,40.3,63.9,11.0,8.7,5.5
2021,OK,Petroleum,80.3,35.3,40.3,63.9,11.0,8.7,5.5
2021,OK,Pumped Storage,259.2,35.3,40.3,63.9,11.0,8.7,5.5
2021,OK,Solar Thermal and Photovoltaic,42.5,35.3,40.3,63.9,11.0,8.7,5.5
2021,OK,Wind,10412.5,35.3,40.3,63.9,11.0,8.7,5.5
2021,OK,Wood and Wood Derived Fuels,68.0,35.3,40.3,63.9,11.0,8.7,5.5
2021,OR,Geothermal,36.7,75.3,27.3,24.7,11.37,9.11,5.97
2021,OR,Hydroelectric,8434.6,75.3,27.3,24.7,11.37,9.11,5.97
2021,OR,Natural Gas,4354.3,75.3,27.3,24.7,11.37,9.11,5.97
2021,OR,Other,5.0,75.3,27.3,24.7,11.37,9.11,5.97
2021,OR,Other Biomass,54.5,75.3,27.3,24.7,11.37,9.11,5.97
2021,OR,Petroleum,6.6,75.3,27.3,24.7,11.37,9.11,5.97
2021,OR,Solar Thermal and Photovoltaic,718.8,75.3,27.3,24.7,11.37,9.11,5.97
2021,OR,Wind,3772.0,75.3,27.3,24.7,11.37,9.11,5.97
2021,OR,Wood and Wood Derived Fuels,304.2,75.3,27.3,24.7,11.37,9.11,5.97
2021,PA,Coal,11246.199999999999,5.7,95.6,73.8,13.76,8.91,6.54
2021,PA,Hydroelectric,945.6,5.7,95.6,73.8,13.76,8.91,6.54
2021,PA,Natural Gas,26536.0,5.7,95.6,73.8,13.76,8.91,6.54
2021,PA,Nuclear,9532.2,5.7,95.6,73.8,13.76,8.91,6.54
2021,PA,Other,54.6,5.7,95.6,73.8,13.76,8.91,6.54
2021,PA,Other Biomass,425.2,5.7,95.6,73.8,13.76,8.91,6.54
2021,PA,Other Gases,83.5,5.7,95.6,73.8,13.76,8.91,6.54
2021,PA,Petroleum,1982.4999999999998,5.7,95.6,73.8,13.76,8.91,6.54
2021,PA,Pumped Storage,1483.8,5.7,95.6,73.8,13.76,8.91,6.54
2021,PA,Solar Thermal and Photovoltaic,156.8,5.7,95.6,73.8,13.76,8.91,6.54
2021,PA,Wind,1463.4,5.7,95.6,73.8,13.76,8.91,6.54
2021,PA,Wood and Wood Derived Fuels,93.1,5.7,95.6,73.8,13.76,8.91,6.54
2021,RI,Hydroelectric,2.8,15.5,97.7,84.5,22.3,15.51,16.06
2021,RI,Natural Gas,1933.3000000000002,15.5,97.7,84.5,22.3,15.51,16.06
2021,RI,Other Biomass,45.3,15.5,97.7,84.5,22.3,15.51,16.06
2021,RI,Petroleum,7.1,15.5,97.7,84.5,22.3,15.51,16.06
2021,RI,Solar Thermal and Photovoltaic,230.9,15.5,97.7,84.5,22.3,15.51,16.06
2021,RI,Wind,78.0,15.5,97.7,84.5,22.3,15.51,16.06
2021,SC,Coal,5081.6,11.9,8.4,51.0,12.86,10.67,6.07
2021,SC,Hydroelectric,1365.0,11.9,8.4,51.0,12.86,10.67,6.07
2021,SC,Natural Gas,7972.9,11.9,8.4,51.0,12.86,10.67,6.07
2021,SC,Nuclear,6875.1,11.9,8.4,51.0,12.86,10.67,6.07
2021,SC,Other,4.0,11.9,8.4,51.0,12.86,10.67,6.07
2021,SC,Other Biomass,49.7,11.9,8.4,51.0,12.86,10.67,6.07
2021,SC,Petroleum,310.6,11.9,8.4,51.0,12.86,10.67,6.07
2021,SC,Pumped Storage,2849.2,11.9,8.4,51.0,12.86,10.67,6.07
2021,SC,Solar Thermal and Photovoltaic,1138.9,11.9,8.4,51.0,12.86,10.67,6.07
2021,SC,Wood and Wood Derived Fuels,563.4,11.9,8.4,51.0,12.86,10.67,6.07
2021,SD,Coal,450.0,65.9,34.6,34.1,12.22,10.15,8.02
2021,SD,Hydroelectric,1648.4,65.9,34.6,34.1,12.22,10.15,8.02
2021,SD,Natural Gas,1548.5,65.9,34.6,34.1,12.22,10.15,8.02
2021,SD,Other,0.8,65.9,34.6,34.1,12.22,10.15,8.02
2021,SD,Petroleum,288.7,65.9,34.6,34.1,12.22,10.15,8.02
2021,SD,Solar Thermal and Photovoltaic,1.0,65.9,34.6,34.1,12.22,10.15,8.02
2021,SD,Wind,2758.7,65.9,34.6,34.1,12.22,10.15,8.02
2021,SD,Wood and Wood Derived Fuels,5.4,65.9,34.6,34.1,12.22,10.15,8.02
2021,TN,Coal,6636.5,12.2,1.8,59.9,11.07,10.87,5.51
2021,TN,Hydroelectric,2504.4,12.2,1.8,59.9,11.07,10.87,5.51
2021,TN,Natural Gas,7691.6,12.2,1.8,59.9,11.07,10.87,5.51
2021,TN,Nuclear,4980.8,12.2,1.8,59.9,11.07,10.87,5.51
2021,TN,Other Biomass,14.6,12.2,1.8,59.9,11.07,10.87,5.51
2021,TN,Petroleum,47.6,12.2,1.8,59.9,11.07,10.87,5.51
2021,TN,Pumped Storage,1713.6,12.2,1.8,59.9,11.07,10.87,5.51
2021,TN,Solar Thermal and Photovoltaic,194.0,12.2,1.8,59.9,11.07,10.87,5.51
2021,TN,Wind,28.8,12.2,1.8,59.9,11.07,10.87,5.51
2021,TN,Wood and Wood Derived Fuels,185.7,12.2,1.8,59.9,11.07,10.87,5.51
2021,TX,Coal,19314.5,29.6,67.3,66.3,12.11,8.72,6.12
2021,TX,Hydroelectric,737.4,29.6,67.3,66.3,12.11,8.72,6.12
2021,TX,Natural Gas,79663.59999999999,29.6,67.3,66.3,12.11,8.72,6.12
2021,TX,Nuclear,5138.6,29.6,67.3,66.3,12.11,8.72,6.12
2021,TX,Other,1027.1,29.6,67.3,66.3,12.11,8.72,6.12
2021,TX,Other Biomass,71.9,29.6,67.3,66.3,12.11,8.72,6.12
2021,TX,Other Gases,210.3,29.6,67.3,66.3,12.11,8.72,6.12
2021,TX,Petroleum,277.2,29.6,67.3,66.3,12.11,8.72,6.12
2021,TX,Solar Thermal and Photovoltaic,8837.7,29.6,67.3,66.3,12.11,8.72,6.12
2021,TX,Wind,34371.0,29.6,67.3,66.3,12.11,8.72,6.12
2021,TX,Wood and Wood Derived Fuels,339.6,29.6,67.3,66.3,12.11,8.72,6.12
2021,US,Coal,227981.5,23.6,40.9,66.0,13.66,11.22,7.18
2021,US,Geothermal,3889.4,23.6,40.9,66.0,13.66,11.22,7.18
2021,US,Hydroelectric,79981.50000000001,23.6,40.9,66.0,13.66,11.22,7.18
2021,US,Natural Gas,557106.4,23.6,40.9,66.0,13.66,11.22,7.18
2021,US,Nuclear,99960.3,23.6,40.9,66.0,13.66,11.22,7.18
2021,US,Other,6520.6,23.6,40.9,66.0,13.66,11.22,7.18
2021,US,Other Biomass,5078.9,23.6,40.9,66.0,13.66,11.22,7.18
2021,US,Other Gases,2164.4,23.6,40.9,66.0,13.66,11.22,7.18
2021,US,Petroleum,32524.0,23.6,40.9,66.0,13.66,11.22,7.18
2021,US,Pumped Storage,22008.1,23.6,40.9,66.0,13.66,11.22,7.18
2021,US,Solar Thermal and Photovoltaic,61757.6,23.6,40.9,66.0,13.66,11.22,7.18
2021,US,Wind,133460.1,23.6,40.9,66.0,13.66,11.22,7.18
2021,US,Wood and Wood Derived Fuels,9013.9,23.6,40.9,66.0,13.66,11.22,7.18
2021,UT,Coal,4812.1,21.4,18.9,78.2,10.43,8.13,6.19
2021,UT,Geothermal,83.8,21.4,18.9,78.2,10.43,8.13,6.19
2021,UT,Hydroelectric,264.7,21.4,18.9,78.2,10.43,8.13,6.19
2021,UT,Natural Gas,3242.7000000000003,21.4,18.9,78.2,10.43,8.13,6.19
2021,UT,Other,41.3,21.4,18.9,78.2,10.43,8.13,6.19
2021,UT,Other Biomass,13.5,21.4,18.9,78.2,10.43,8.13,6.19
2021,UT,Petroleum,29.3,21.4,18.9,78.2,10.43,8.13,6.19
2021,UT,Solar Thermal and Photovoltaic,1457.2,21.4,18.9,78.2,10.43,8.13,6.19
2021,UT,Wind,389.7,21.4,18.9,78.2,10.43,8.13,6.19
2021,VA,Coal,2613.4,13.1,18.7,64.2,11.96,7.79,6.49
2021,VA,Hydroelectric,822.4000000000001,13.1,18.7,64.2,11.96,7.79,6.49
2021,VA,Natural Gas,14921.4,13.1,18.7,64.2,11.96,7.79,6.49
2021,VA,Nuclear,3654.4,13.1,18.7,64.2,11.96,7.79,6.49
2021,VA,Other,96.0,13.1,18.7,64.2,11.96,7.79,6.49
2021,VA,Other Biomass,349.8,13.1,18.7,64.2,11.96,7.79,6.49
2021,VA,Petroleum,1865.1,13.1,18.7,64.2,11.96,7.79,6.49
2021,VA,Pumped Storage,3109.3,13.1,18.7,64.2,11.96,7.79,6.49
2021,VA,Solar Thermal and Photovoltaic,2203.1,13.1,18.7,64.2,11.96,7.79,6.49
2021,VA,Wind,12.0,13.1,18.7,64.2,11.96,7.79,6.49
2021,VA,Wood and Wood Derived Fuels,571.8,13.1,18.7,64.2,11.96,7.79,6.49
2021,VT,Hydroelectric,328.79999999999995,79.9,45.3,18.9,19.26,16.59,11.38
2021,VT,Other,10.9,79.9,45.3,18.9,19.26,16.59,11.38
2021,VT,Other Biomass,9.6,79.9,45.3,18.9,19.26,16.59,11.38
2021,VT,Petroleum,166.9,79.9,45.3,18.9,19.26,16.59,11.38
2021,VT,Solar Thermal and Photovoltaic,133.8,79.9,45.3,18.9,19.26,16.59,11.38
2021,VT,Wind,151.0,79.9,45.3,18.9,19.26,16.59,11.38
2021,VT,Wood and Wood Derived Fuels,82.4,79.9,45.3,18.9,19.26,16.59,11.38
2021,WA,Coal,729.9,79.6,11.6,15.6,10.11,9.14,5.81
2021,WA,Hydroelectric,21299.1,79.6,11.6,15.6,10.11,9.14,5.81
2021,WA,Natural Gas,4152.0,79.6,11.6,15.6,10.11,9.14,5.81
2021,WA,Nuclear,1200.0,79.6,11.6,15.6,10.11,9.14,5.81
2021,WA,Other,6.0,79.6,11.6,15.6,10.11,9.14,5.81
2021,WA,Other Biomass,40.5,79.6,11.6,15.6,10.11,9.14,5.81
2021,WA,Petroleum,15.5,79.6,11.6,15.6,10.11,9.14,5.81
2021,WA,Pumped Storage,314.0,79.6,11.6,15.6,10.11,9.14,5.81
2021,WA,Solar Thermal and Photovoltaic,23.4,79.6,11.6,15.6,10.11,9.14,5.81
2021,WA,Wind,3386.8,79.6,11.6,15.6,10.11,9.14,5.81
2021,WA,Wood and Wood Derived Fuels,295.1,79.6,11.6,15.6,10.11,9.14,5.81
2021,WI,Coal,5560.6,12.2,9.6,80.6,14.52,10.95,7.63
2021,WI,Hydroelectric,537.8,12.2,9.6,80.6,14.52,10.95,7.63
2021,WI,Natural Gas,8083.6,12.2,9.6,80.6,14.52,10.95,7.63
2021,WI,Nuclear,1286.0,12.2,9.6,80.6,14.52,10.95,7.63
2021,WI,Other Biomass,84.4,12.2,9.6,80.6,14.52,10.95,7.63
2021,WI,Petroleum,760.5,12.2,9.6,80.6,14.52,10.95,7.63
2021,WI,Solar Thermal and Photovoltaic,502.5,12.2,9.6,80.6,14.52,10.95,7.63
2021,WI,Wind,734.8,12.2,9.6,80.6,14.52,10.95,7.63
2021,WI,Wood and Wood Derived Fuels,315.6,12.2,9.6,80.6,14.52,10.95,7.63
2021,WV,Coal,13071.7,7.2,24.9,92.5,12.15,9.5,6.07
2021,WV,Hydroelectric,370.6,7.2,24.9,92.5,12.15,9.5,6.07
2021,WV,Natural Gas,1331.9,7.2,24.9,92.5,12.15,9.5,6.07
2021,WV,Other,47.5,7.2,24.9,92.5,12.15,9.5,6.07
2021,WV,Other Biomass,3.2,7.2,24.9,92.5,12.15,9.5,6.07
2021,WV,Petroleum,18.5,7.2,24.9,92.5,12.15,9.5,6.07
2021,WV,Wind,741.0,7.2,24.9,92.5,12.15,9.5,6.07
2021,WY,Coal,7023.1,30.9,13.6,69.0,11.17,9.68,6.83
2021,WY,Hydroelectric,303.4,30.9,13.6,69.0,11.17,9.68,6.83
2021,WY,Natural Gas,824.9,30.9,13.6,69.0,11.17,9.68,6.83
2021,WY,Other,12.4,30.9,13.6,69.0,11.17,9.68,6.83
2021,WY,Other Gases,3.7,30.9,13.6,69.0,11.17,9.68,6.83
2021,WY,Petroleum,5.800000000000001,30.9,13.6,69.0,11.17,9.68,6.83
2021,WY,Solar Thermal and Photovoltaic,92.0,30.9,13.6,69.0,11.17,9.68,6.83
2021,WY,Wind,3130.0,30.9,13.6,69.0,11.17,9.68,6.83
2022,AK,Coal,187.5,18.0,0.6,78.9,23.1,20.06,18.43
2022,AK,Hydroelectric,481.59999999999997,18.0,0.6,78.9,23.1,20.06,18.43
2022,AK,Natural Gas,1406.3999999999999,18.0,0.6,78.9,23.1,20.06,18.43
2022,AK,Other,94.7,18.0,0.6,78.9,23.1,20.06,18.43
2022,AK,Other Biomass,11.5,18.0,0.6,78.9,23.1,20.06,18.43
2022,AK,Petroleum,835.0,18.0,0.6,78.9,23.1,20.06,18.43
2022,AK,Solar Thermal and Photovoltaic,0.8,18.0,0.6,78.9,23.1,20.06,18.43
2022,AK,Wind,59.6,18.0,0.6,78.9,23.1,20.06,18.43
2022,AL,Coal,4966.5,14.5,22.2,67.0,14.25,13.16,7.72
2022,AL,Hydroelectric,3318.3,14.5,22.2,67.0,14.25,13.16,7.72
2022,AL,Natural Gas,15435.300000000001,14.5,22.2,67.0,14.25,13.16,7.72
2022,AL,Nuclear,5630.4,14.5,22.2,67.0,14.25,13.16,7.72
2022,AL,Other,1.0,14.5,22.2,67.0,14.25,13.16,7.72
2022,AL,Other Biomass,6.4,14.5,22.2,67.0,14.25,13.16,7.72
2022,AL,Other Gases,3.8,14.5,22.2,67.0,14.25,13.16,7.72
2022,AL,Petroleum,47.800000000000004,14.5,22.2,67.0,14.25,13.16,7.72
2022,AL,Solar Thermal and Photovoltaic,423.9,14.5,22.2,67.0,14.25,13.16,7.72
2022,AL,Wood and Wood Derived Fuels,681.5,14.5,22.2,67.0,14.25,13.16,7.72
2022,AR,Coal,5487.0,11.6,5.7,76.9,12.05,10.26,7.38
2022,AR,Hydroelectric,1320.9,11.6,5.7,76.9,12.05,10.26,7.38
2022,AR,Natural Gas,7248.8,11.6,5.7,76.9,12.05,10.26,7.38
2022,AR,Nuclear,1845.0,11.6,5.7,76.9,12.05,10.26,7.38
2022,AR,Other,22.0,11.6,5.7,76.9,12.05,10.26,7.38
2022,AR,Other Biomass,10.100000000000001,11.6,5.7,76.9,12.05,10.26,7.38
2022,AR,Petroleum,9.1,11.6,5.7,76.9,12.05,10.26,7.38
2022,AR,Pumped Storage,30.0,11.6,5.7,76.9,12.05,10.26,7.38
2022,AR,Solar Thermal and Photovoltaic,329.7,11.6,5.7,76.9,12.05,10.26,7.38
2022,AR,Wood and Wood Derived Fuels,269.5,11.6,5.7,76.9,12.05,10.26,7.38
2022,AZ,Coal,3217.5,20.4,23.8,65.2,13.02,10.8,7.86
2022,AZ,Hydroelectric,2718.0,20.4,23.8,65.2,13.02,10.8,7.86
2022,AZ,Natural Gas,16906.6,20.4,23.8,65.2,13.02,10.8,7.86
2022,AZ,Nuclear,4209.6,20.4,23.8,65.2,13.02,10.8,7.86
2022,AZ,Other,97.0,20.4,23.8,65.2,13.02,10.8,7.86
2022,AZ,Other Biomass,3.2,20.4,23.8,65.2,13.02,10.8,7.86
2022,AZ,Petroleum,288.5,20.4,23.8,65.2,13.02,10.8,7.86
2022,AZ,Pumped Storage,194.1,20.4,23.8,65.2,13.02,10.8,7.86
2022,AZ,Solar Thermal and Photovoltaic,3026.7999999999997,20.4,23.8,65.2,13.02,10.8,7.86
2022,AZ,Wind,617.3,20.4,23.8,65.2,13.02,10.8,7.86
2022,AZ,Wood and Wood Derived Fuels,30.2,20.4,23.8,65.2,13.02,10.8,7.86
2022,CA,Coal,62.5,41.8,59.1,46.1,25.84,21.81,17.09
2022,CA,Geothermal,2862.9,41.8,59.1,46.1,25.84,21.81,17.09
2022,CA,Hydroelectric,10058.500000000002,41.8,59.1,46.1,25.84,21.81,17.09
2022,CA,Natural Gas,41102.200000000004,41.8,59.1,46.1,25.84,21.81,17.09
2022,CA,Nuclear,2323.0,41.8,59.1,46.1,25.84,21.81,17.09
2022,CA,Other,4974.4,41.8,59.1,46.1,25.84,21.81,17.09
2022,CA,Other Biomass,530.2,41.8,59.1,46.1,25.84,21.81,17.09
2022,CA,Other Gases,256.6,41.8,59.1,46.1,25.84,21.81,17.09
2022,CA,Petroleum,519.5,41.8,59.1,46.1,25.84,21.81,17.09
2022,CA,Pumped Storage,3745.6,41.8,59.1,46.1,25.84,21.81,17.09
2022,CA,Solar Thermal and Photovoltaic,17691.600000000002,41.8,59.1,46.1,25.84,21.81,17.09
2022,CA,Wind,6176.0,41.8,59.1,46.1,25.84,21.81,17.09
2022,CA,Wood and Wood Derived Fuels,749.9000000000001,41.8,59.1,46.1,25.84,21.81,17.09
2022,CO,Coal,4198.7,36.3,37.7,61.1,14.19,11.58,8.63
2022,CO,Hydroelectric,674.6,36.3,37.7,61.1,14.19,11.58,8.63
2022,CO,Natural Gas,7719.0,36.3,37.7,61.1,14.19,11.58,8.63
2022,CO,Other,20.8,36.3,37.7,61.1,14.19,11.58,8.63
2022,CO,Other Biomass,21.4,36.3,37.7,61.1,14.19,11.58,8.63
2022,CO,Other Gases,3.0,36.3,37.7,61.1,14.19,11.58,8.63
2022,CO,Petroleum,182.0,36.3,37.7,61.1,14.19,11.58,8.63
2022,CO,Pumped Storage,508.5,36.3,37.7,61.1,14.19,11.58,8.63
2022,CO,Solar Thermal and Photovoltaic,1303.4,36.3,37.7,61.1,14.19,11.58,8.63
2022,CO,Wind,5177.3,36.3,37.7,61.1,14.19,11.58,8.63
2022,CO,Wood and Wood Derived Fuels,12.6,36.3,37.7,61.1,14.19,11.58,8.63
2022,CT,Hydroelectric,115.5,5.1,95.4,74.7,24.61,18.54,15.07
2022,CT,Natural Gas,5376.299999999999,5.1,95.4,74.7,24.61,18.54,15.07
2022,CT,Nuclear,2162.9,5.1,95.4,74.7,24.61,18.54,15.07
2022,CT,Other,1.6,5.1,95.4,74.7,24.61,18.54,15.07
2022,CT,Other Biomass,117.8,5.1,95.4,74.7,24.61,18.54,15.07
2022,CT,Petroleum,2723.3,5.1,95.4,74.7,24.61,18.54,15.07
2022,CT,Pumped Storage,31.0,5.1,95.4,74.7,24.61,18.54,15.07
2022,CT,Solar Thermal and Photovoltaic,273.4,5.1,95.4,74.7,24.61,18.54,15.07
2022,CT,Wind,5.0,5.1,95.4,74.7,24.61,18.54,15.07
2022,CT,Wood and Wood Derived Fuels,43.0,5.1,95.4,74.7,24.61,18.54,15.07
2022,DC,Natural Gas,22.9,58.7,29.7,41.3,14.18,15.6,7.74
2022,DC,Other Biomass,14.1,58.7,29.7,41.3,14.18,15.6,7.74
2022,DC,Solar Thermal and Photovoltaic,18.5,58.7,29.7,41.3,14.18,15.6,7.74
2022,DE,Coal,445.5,3.1,84.0,96.9,13.71,10.98,8.79
2022,DE,Natural Gas,2628.9,3.1,84.0,96.9,13.71,10.98,8.79
2022,DE,Other Biomass,14.2,3.1,84.0,96.9,13.71,10.98,8.79
2022,DE,Other Gases,140.0,3.1,84.0,96.9,13.71,10.98,8.79
2022,DE,Petroleum,120.8,3.1,84.0,96.9,13.71,10.98,8.79
2022,DE,Solar Thermal and Photovoltaic,89.6,3.1,84.0,96.9,13.71,10.98,8.79
2022,DE,Wind,2.0,3.1,84.0,96.9,13.71,10.98,8.79
2022,FL,Coal,4917.6,10.1,6.3,83.5,13.9,11.19,9.16
2022,FL,Hydroelectric,43.5,10.1,6.3,83.5,13.9,11.19,9.16
2022,FL,Natural Gas,53942.6,10.1,6.3,83.5,13.9,11.19,9.16
2022,FL,Nuclear,3797.2,10.1,6.3,83.5,13.9,11.19,9.16
2022,FL,Other,895.0,10.1,6.3,83.5,13.9,11.19,9.16
2022,FL,Other Biomass,814.4,10.1,6.3,83.5,13.9,11.19,9.16
2022,FL,Petroleum,2062.9,10.1,6.3,83.5,13.9,11.19,9.16
2022,FL,Solar Thermal and Photovoltaic,5995.900000000001,10.1,6.3,83.5,13.9,11.19,9.16
2022,FL,Wood and Wood Derived Fuels,524.6,10.1,6.3,83.5,13.9,11.19,9.16
2022,GA,Coal,6171.6,17.1,26.3,67.6,13.8,12.1,8.65
2022,GA,Hydroelectric,1962.2,17.1,26.3,67.6,13.8,12.1,8.65
2022,GA,Natural Gas,18166.5,17.1,26.3,67.6,13.8,12.1,8.65
2022,GA,Nuclear,4278.0,17.1,26.3,67.6,13.8,12.1,8.65
2022,GA,Other,81.2,17.1,26.3,67.6,13.8,12.1,8.65
2022,GA,Other Biomass,59.1,17.1,26.3,67.6,13.8,12.1,8.65
2022,GA,Petroleum,2025.6,17.1,26.3,67.6,13.8,12.1,8.65
2022,GA,Pumped Storage,1634.6,17.1,26.3,67.6,13.8,12.1,8.65
2022,GA,Solar Thermal and Photovoltaic,3642.9,17.1,26.3,67.6,13.8,12.1,8.65
2022,GA,Wood and Wood Derived Fuels,987.1,17.1,26.3,67.6,13.8,12.1,8.65
2022,HI,Geothermal,51.0,25.9,24.1,69.3,43.03,40.18,36.71
2022,HI,Hydroelectric,33.6,25.9,24.1,69.3,43.03,40.18,36.71
2022,HI,Other,150.0,25.9,24.1,69.3,43.03,40.18,36.71
2022,HI,Other Biomass,157.7,25.9,24.1,69.3,43.03,40.18,36.71
2022,HI,Petroleum,2171.5,25.9,24.1,69.3,43.03,40.18,36.71
2022,HI,Solar Thermal and Photovoltaic,327.9,25.9,24.1,69.3,43.03,40.18,36.71
2022,HI,Wind,233.2,25.9,24.1,69.3,43.03,40.18,36.71
2022,HI,Wood and Wood Derived Fuels,9.3,25.9,24.1,69.3,43.03,40.18,36.71
2022,IA,Coal,5542.7,54.6,15.8,45.3,13.15,10.55,7.06
2022,IA,Hydroelectric,184.39999999999998,54.6,15.8,45.3,13.15,10.55,7.06
2022,IA,Natural Gas,4148.0,54.6,15.8,45.3,13.15,10.55,7.06
2022,IA,Other,3.9,54.6,15.8,45.3,13.15,10.55,7.06
2022,IA,Other Biomass,20.6,54.6,15.8,45.3,13.15,10.55,7.06
2022,IA,Petroleum,1105.4,54.6,15.8,45.3,13.15,10.55,7.06
2022,IA,Solar Thermal and Photovoltaic,261.9,54.6,15.8,45.3,13.15,10.55,7.06
2022,IA,Wind,12542.800000000001,54.6,15.8,45.3,13.15,10.55,7.06
2022,ID,Geothermal,18.0,76.7,32.2,23.0,10.37,8.27,6.71
2022,ID,Hydroelectric,2693.9,76.7,32.2,23.0,10.37,8.27,6.71
2022,ID,Natural Gas,1254.1000000000001,76.7,32.2,23.0,10.37,8.27,6.71
2022,ID,Other,15.9,76.7,32.2,23.0,10.37,8.27,6.71
2022,ID,Other Biomass,17.8,76.7,32.2,23.0,10.37,8.27,6.71
2022,ID,Petroleum,5.0,76.7,32.2,23.0,10.37,8.27,6.71
2022,ID,Solar Thermal and Photovoltaic,362.0,76.7,32.2,23.0,10.37,8.27,6.71
2022,ID,Wind,972.3000000000001,76.7,32.2,23.0,10.37,8.27,6.71
2022,ID,Wood and Wood Derived Fuels,126.2,76.7,32.2,23.0,10.37,8.27,6.71
2022,IL,Coal,7622.5,16.5,88.0,57.8,15.65,11.32,8.57
2022,IL,Hydroelectric,38.3,16.5,88.0,57.8,15.65,11.32,8.57
2022,IL,Natural Gas,19908.5,16.5,88.0,57.8,15.65,11.32,8.57
2022,IL,Nuclear,12415.1,16.5,88.0,57.8,15.65,11.32,8.57
2022,IL,Other,174.1,16.5,88.0,57.8,15.65,11.32,8.57
2022,IL,Other Biomass,61.3,16.5,88.0,57.8,15.65,11.32,8.57
2022,IL,Other Gases,39.7,16.5,88.0,57.8,15.65,11.32,8.57
2022,IL,Petroleum,759.2,16.5,88.0,57.8,15.65,11.32,8.57
2022,IL,Solar Thermal and Photovoltaic,899.3000000000001,16.5,88.0,57.8,15.65,11.32,8.57
2022,IL,Wind,7059.3,16.5,88.0,57.8,15.65,11.32,8.57
2022,IN,Coal,15269.4,14.4,20.5,85.1,14.59,12.86,8.65
2022,IN,Hydroelectric,107.5,14.4,20.5,85.1,14.59,12.86,8.65
2022,IN,Natural Gas,9241.4,14.4,20.5,85.1,14.59,12.86,8.65
2022,IN,Other,130.6,14.4,20.5,85.1,14.59,12.86,8.65
2022,IN,Other Biomass,75.1,14.4,20.5,85.1,14.59,12.86,8.65
2022,IN,Other Gases,544.2,14.4,20.5,85.1,14.59,12.86,8.65
2022,IN,Petroleum,111.5,14.4,20.5,85.1,14.59,12.86,8.65
2022,IN,Solar Thermal and Photovoltaic,630.4,14.4,20.5,85.1,14.59,12.86,8.65
2022,IN,Wind,3453.1,14.4,20.5,85.1,14.59,12.86,8.65
2022,KS,Coal,4885.6,42.4,37.8,51.2,13.99,11.51,8.3
2022,KS,Hydroelectric,7.0,42.4,37.8,51.2,13.99,11.51,8.3
2022,KS,Natural Gas,4530.5,42.4,37.8,51.2,13.99,11.51,8.3
2022,KS,Nuclear,1267.7,42.4,37.8,51.2,13.99,11.51,8.3
2022,KS,Other,2.0,42.4,37.8,51.2,13.99,11.51,8.3
2022,KS,Other Biomass,9.2,42.4,37.8,51.2,13.99,11.51,8.3
2022,KS,Petroleum,622.8,42.4,37.8,51.2,13.99,11.51,8.3
2022,KS,Solar Thermal and Photovoltaic,36.3,42.4,37.8,51.2,13.99,11.51,8.3
2022,KS,Wind,8261.300000000001,42.4,37.8,51.2,13.99,11.51,8.3
2022,KY,Coal,10909.1,6.2,5.8,93.8,12.91,11.78,7.41
2022,KY,Hydroelectric,1099.8,6.2,5.8,93.8,12.91,11.78,7.41
2022,KY,Natural Gas,8729.6,6.2,5.8,93.8,12.91,11.78,7.41
2022,KY,Other Biomass,22.8,6.2,5.8,93.8,12.91,11.78,7.41
2022,KY,Petroleum,11.5,6.2,5.8,93.8,12.91,11.78,7.41
2022,KY,Solar Thermal and Photovoltaic,81.4,6.2,5.8,93.8,12.91,11.78,7.41
2022,KY,Wood and Wood Derived Fuels,93.0,6.2,5.8,93.8,12.91,11.78,7.41
2022,LA,Coal,2449.5,2.8,10.9,87.9,12.93,11.93,7.54
2022,LA,Hydroelectric,192.0,2.8,10.9,87.9,12.93,11.93,7.54
2022,LA,Natural Gas,21402.2,2.8,10.9,87.9,12.93,11.93,7.54
2022,LA,Nuclear,2235.7,2.8,10.9,87.9,12.93,11.93,7.54
2022,LA,Other,415.29999999999995,2.8,10.9,87.9,12.93,11.93,7.54
2022,LA,Other Biomass,15.1,2.8,10.9,87.9,12.93,11.93,7.54
2022,LA,Other Gases,223.5,2.8,10.9,87.9,12.93,11.93,7.54
2022,LA,Petroleum,993.6,2.8,10.9,87.9,12.93,11.93,7.54
2022,LA,Solar Thermal and Photovoltaic,124.5,2.8,10.9,87.9,12.93,11.93,7.54
2022,LA,Wood and Wood Derived Fuels,473.7,2.8,10.9,87.9,12.93,11.93,7.54
2022,MA,Hydroelectric,271.5,14.0,83.3,72.0,25.97,18.67,17.06
2022,MA,Natural Gas,8437.0,14.0,83.3,72.0,25.97,18.67,17.06
2022,MA,Other,239.9,14.0,83.3,72.0,25.97,18.67,17.06
2022,MA,Other Biomass,337.3,14.0,83.3,72.0,25.97,18.67,17.06
2022,MA,Petroleum,1891.9999999999998,14.0,83.3,72.0,25.97,18.67,17.06
2022,MA,Pumped Storage,1768.0,14.0,83.3,72.0,25.97,18.67,17.06
2022,MA,Solar Thermal and Photovoltaic,1271.6999999999998,14.0,83.3,72.0,25.97,18.67,17.06
2022,MA,Wind,101.6,14.0,83.3,72.0,25.97,18.67,17.06
2022,MA,Wood and Wood Derived Fuels,18.0,14.0,83.3,72.0,25.97,18.67,17.06
2022,MD,Coal,1958.2,10.9,85.1,74.9,14.46,12.65,10.01
2022,MD,Hydroelectric,550.8,10.9,85.1,74.9,14.46,12.65,10.01
2022,MD,Natural Gas,6347.3,10.9,85.1,74.9,14.46,12.65,10.01
2022,MD,Nuclear,1850.4,10.9,85.1,74.9,14.46,12.65,10.01
2022,MD,Other,13.7,10.9,85.1,74.9,14.46,12.65,10.01
2022,MD,Other Biomass,154.8,10.9,85.1,74.9,14.46,12.65,10.01
2022,MD,Petroleum,1489.2,10.9,85.1,74.9,14.46,12.65,10.01
2022,MD,Solar Thermal and Photovoltaic,521.2,10.9,85.1,74.9,14.46,12.65,10.01
2022,MD,Wind,190.0,10.9,85.1,74.9,14.46,12.65,10.01
2022,MD,Wood and Wood Derived Fuels,3.8,10.9,85.1,74.9,14.46,12.65,10.01
2022,ME,Hydroelectric,705.2,48.3,87.1,50.4,22.44,15.4,11.03
2022,ME,Natural Gas,1822.7,48.3,87.1,50.4,22.44,15.4,11.03
2022,ME,Other,70.0,48.3,87.1,50.4,22.44,15.4,11.03
2022,ME,Other Biomass,46.8,48.3,87.1,50.4,22.44,15.4,11.03
2022,ME,Petroleum,883.0,48.3,87.1,50.4,22.44,15.4,11.03
2022,ME,Solar Thermal and Photovoltaic,297.8,48.3,87.1,50.4,22.44,15.4,11.03
2022,ME,Wind,1032.5,48.3,87.1,50.4,22.44,15.4,11.03
2022,ME,Wood and Wood Derived Fuels,511.79999999999995,48.3,87.1,50.4,22.44,15.4,11.03
2022,MI,Coal,6858.099999999999,14.8,15.2,68.4,17.86,12.55,8.33
2022,MI,Hydroelectric,350.8,14.8,15.2,68.4,17.86,12.55,8.33
2022,MI,Natural Gas,14680.7,14.8,15.2,68.4,17.86,12.55,8.33
2022,MI,Nuclear,3502.3,14.8,15.2,68.4,17.86,12.55,8.33
2022,MI,Other,5.199999999999999,14.8,15.2,68.4,17.86,12.55,8.33
2022,MI,Other Biomass,181.20000000000002,14.8,15.2,68.4,17.86,12.55,8.33
2022,MI,Other Gases,238.0,14.8,15.2,68.4,17.86,12.55,8.33
2022,MI,Petroleum,536.9000000000001,14.8,15.2,68.4,17.86,12.55,8.33
2022,MI,Pumped Storage,1978.8,14.8,15.2,68.4,17.86,12.55,8.33
2022,MI,Solar Thermal and Photovoltaic,708.8,14.8,15.2,68.4,17.86,12.55,8.33
2022,MI,Wind,3242.0,14.8,15.2,68.4,17.86,12.55,8.33
2022,MI,Wood and Wood Derived Fuels,362.5,14.8,15.2,68.4,17.86,12.55,8.33
2022,MN,Coal,4322.4,32.9,28.3,57.6,14.25,12.3,9.25
2022,MN,Hydroelectric,221.4,32.9,28.3,57.6,14.25,12.3,9.25
2022,MN,Natural Gas,6363.6,32.9,28.3,57.6,14.25,12.3,9.25
2022,MN,Nuclear,1871.2,32.9,28.3,57.6,14.25,12.3,9.25
2022,MN,Other,27.5,32.9,28.3,57.6,14.25,12.3,9.25
2022,MN,Other Biomass,135.3,32.9,28.3,57.6,14.25,12.3,9.25
2022,MN,Petroleum,910.4,32.9,28.3,57.6,14.25,12.3,9.25
2022,MN,Solar Thermal and Photovoltaic,1153.7,32.9,28.3,57.6,14.25,12.3,9.25
2022,MN,Wind,4866.1,32.9,28.3,57.6,14.25,12.3,9.25
2022,MN,Wood and Wood Derived Fuels,250.39999999999998,32.9,28.3,57.6,14.25,12.3,9.25
2022,MO,Coal,10261.5,13.2,9.4,78.8,11.74,9.55,7.67
2022,MO,Hydroelectric,506.0,13.2,9.4,78.8,11.74,9.55,7.67
2022,MO,Natural Gas,6678.4,13.2,9.4,78.8,11.74,9.55,7.67
2022,MO,Nuclear,1235.8,13.2,9.4,78.8,11.74,9.55,7.67
2022,MO,Other,2.2,13.2,9.4,78.8,11.74,9.55,7.67
2022,MO,Other Biomass,14.8,13.2,9.4,78.8,11.74,9.55,7.67
2022,MO,Petroleum,1193.8000000000002,13.2,9.4,78.8,11.74,9.55,7.67
2022,MO,Pumped Storage,600.4,13.2,9.4,78.8,11.74,9.55,7.67
2022,MO,Solar Thermal and Photovoltaic,90.9,13.2,9.4,78.8,11.74,9.55,7.67
2022,MO,Wind,2435.7,13.2,9.4,78.8,11.74,9.55,7.67
2022,MS,Coal,1610.3,3.9,4.5,87.3,12.41,11.76,6.71
2022,MS,Natural Gas,12673.0,3.9,4.5,87.3,12.41,11.76,6.71
2022,MS,Nuclear,1440.0,3.9,4.5,87.3,12.41,11.76,6.71
2022,MS,Other,1.6,3.9,4.5,87.3,12.41,11.76,6.71
2022,MS,Other Biomass,1.6,3.9,4.5,87.3,12.41,11.76,6.71
2022,MS,Petroleum,9.0,3.9,4.5,87.3,12.41,11.76,6.71
2022,MS,Solar Thermal and Photovoltaic,319.3,3.9,4.5,87.3,12.41,11.76,6.71
2022,MS,Wood and Wood Derived Fuels,311.0,3.9,4.5,87.3,12.41,11.76,6.71
2022,MT,Coal,1814.7,63.1,47.6,36.0,11.33,10.68,7.49
2022,MT,Hydroelectric,2662.6,63.1,47.6,36.0,11.33,10.68,7.49
2022,MT,Natural Gas,491.79999999999995,63.1,47.6,36.0,11.33,10.68,7.49
2022,MT,Other,60.0,63.1,47.6,36.0,11.33,10.68,7.49
2022,MT,Other Biomass,1.6,63.1,47.6,36.0,11.33,10.68,7.49
2022,MT,Other Gases,1.6,63.1,47.6,36.0,11.33,10.68,7.49
2022,MT,Petroleum,68.0,63.1,47.6,36.0,11.33,10.68,7.49
2022,MT,Solar Thermal and Photovoltaic,17.0,63.1,47.6,36.0,11.33,10.68,7.49
2022,MT,Wind,1487.2,63.1,47.6,36.0,11.33,10.68,7.49
2022,MT,Wood and Wood Derived Fuels,2.8,63.1,47.6,36.0,11.33,10.68,7.49
2022,NC,Coal,4816.1,22.4,22.3,63.2,11.62,8.75,6.54
2022,NC,Hydroelectric,1890.3999999999999,22.4,22.3,63.2,11.62,8.75,6.54
2022,NC,Natural Gas,18958.3,22.4,22.3,63.2,11.62,8.75,6.54
2022,NC,Nuclear,5394.7,22.4,22.3,63.2,11.62,8.75,6.54
2022,NC,Other,90.0,22.4,22.3,63.2,11.62,8.75,6.54
2022,NC,Other Biomass,81.3,22.4,22.3,63.2,11.62,8.75,6.54
2022,NC,Petroleum,577.5,22.4,22.3,63.2,11.62,8.75,6.54
2022,NC,Pumped Storage,95.0,22.4,22.3,63.2,11.62,8.75,6.54
2022,NC,Solar Thermal and Photovoltaic,6074.4,22.4,22.3,63.2,11.62,8.75,6.54
2022,NC,Wind,208.0,22.4,22.3,63.2,11.62,8.75,6.54
2022,NC,Wood and Wood Derived Fuels,370.0,22.4,22.3,63.2,11.62,8.75,6.54
2022,ND,Coal,4129.1,49.9,27.9,50.1,10.92,8.45,7.28
2022,ND,Hydroelectric,583.4,49.9,27.9,50.1,10.92,8.45,7.28
2022,ND,Natural Gas,744.1,49.9,27.9,50.1,10.92,8.45,7.28
2022,ND,Other,5.3,49.9,27.9,50.1,10.92,8.45,7.28
2022,ND,Other Biomass,12.3,49.9,27.9,50.1,10.92,8.45,7.28
2022,ND,Other Gases,5.0,49.9,27.9,50.1,10.92,8.45,7.28
2022,ND,Petroleum,65.7,49.9,27.9,50.1,10.92,8.45,7.28
2022,ND,Wind,4330.3,49.9,27.9,50.1,10.92,8.45,7.28
2022,NE,Coal,3982.9,34.5,30.9,58.4,10.79,8.82,7.21
2022,NE,Hydroelectric,329.9,34.5,30.9,58.4,10.79,8.82,7.21
2022,NE,Natural Gas,2224.0,34.5,30.9,58.4,10.79,8.82,7.21
2022,NE,Nuclear,801.0,34.5,30.9,58.4,10.79,8.82,7.21
2022,NE,Other,5.0,34.5,30.9,58.4,10.79,8.82,7.21
2022,NE,Other Biomass,15.7,34.5,30.9,58.4,10.79,8.82,7.21
2022,NE,Petroleum,428.9,34.5,30.9,58.4,10.79,8.82,7.21
2022,NE,Solar Thermal and Photovoltaic,41.699999999999996,34.5,30.9,58.4,10.79,8.82,7.21
2022,NE,Wind,3524.0,34.5,30.9,58.4,10.79,8.82,7.21
2022,NH,Coal,559.2,21.0,99.3,52.6,25.46,18.69,15.15
2022,NH,Hydroelectric,513.8,21.0,99.3,52.6,25.46,18.69,15.15
2022,NH,Natural Gas,1400.5,21.0,99.3,52.6,25.46,18.69,15.15
2022,NH,Nuclear,1242.0,21.0,99.3,52.6,25.46,18.69,15.15
2022,NH,Other Biomass,33.5,21.0,99.3,52.6,25.46,18.69,15.15
2022,NH,Petroleum,520.9,21.0,99.3,52.6,25.46,18.69,15.15
2022,NH,Solar Thermal and Photovoltaic,2.4,21.0,99.3,52.6,25.46,18.69,15.15
2022,NH,Wind,214.1,21.0,99.3,52.6,25.46,18.69,15.15
2022,NH,Wood and Wood Derived Fuels,227.4,21.0,99.3,52.6,25.46,18.69,15.15
2022,NJ,Hydroelectric,14.7,7.2,90.4,70.0,16.74,13.75,12.12
2022,NJ,Natural Gas,12373.7,7.2,90.4,70.0,16.74,13.75,12.12
2022,NJ,Nuclear,3630.7,7.2,90.4,70.0,16.74,13.75,12.12
2022,NJ,Other,54.400000000000006,7.2,90.4,70.0,16.74,13.75,12.12
2022,NJ,Other Biomass,221.0,7.2,90.4,70.0,16.74,13.75,12.12
2022,NJ,Other Gases,30.0,7.2,90.4,70.0,16.74,13.75,12.12
2022,NJ,Petroleum,307.1,7.2,90.4,70.0,16.74,13.75,12.12
2022,NJ,Pumped Storage,453.0,7.2,90.4,70.0,16.74,13.75,12.12
2022,NJ,Solar Thermal and Photovoltaic,1067.9,7.2,90.4,70.0,16.74,13.75,12.12
2022,NJ,Wind,9.0,7.2,90.4,70.0,16.74,13.75,12.12
2022,NM,Coal,1636.2,49.6,47.7,50.3,13.84,11.07,6.56
2022,NM,Geothermal,19.2,49.6,47.7,50.3,13.84,11.07,6.56
2022,NM,Hydroelectric,81.5,49.6,47.7,50.3,13.84,11.07,6.56
2022,NM,Natural Gas,3760.9,49.6,47.7,50.3,13.84,11.07,6.56
2022,NM,Other,15.9,49.6,47.7,50.3,13.84,11.07,6.56
2022,NM,Other Biomass,7.6000000000000005,49.6,47.7,50.3,13.84,11.07,6.56
2022,NM,Petroleum,57.4,49.6,47.7,50.3,13.84,11.07,6.56
2022,NM,Solar Thermal and Photovoltaic,857.9000000000001,49.6,47.7,50.3,13.84,11.07,6.56
2022,NM,Wind,4410.9,49.6,47.7,50.3,13.84,11.07,6.56
2022,NV,Coal,809.0,37.2,32.4,61.4,13.78,10.14,8.5
2022,NV,Geothermal,893.6,37.2,32.4,61.4,13.78,10.14,8.5
2022,NV,Hydroelectric,1052.2,37.2,32.4,61.4,13.78,10.14,8.5
2022,NV,Natural Gas,8365.5,37.2,32.4,61.4,13.78,10.14,8.5
2022,NV,Other,207.5,37.2,32.4,61.4,13.78,10.14,8.5
2022,NV,Other Biomass,15.2,37.2,32.4,61.4,13.78,10.14,8.5
2022,NV,Petroleum,6.0,37.2,32.4,61.4,13.78,10.14,8.5
2022,NV,Solar Thermal and Photovoltaic,3460.4999999999995,37.2,32.4,61.4,13.78,10.14,8.5
2022,NV,Wind,150.0,37.2,32.4,61.4,13.78,10.14,8.5
2022,NY,Hydroelectric,4683.9,20.6,63.4,68.1,22.08,18.19,7.55
2022,NY,Natural Gas,24587.1,20.6,63.4,68.1,22.08,18.19,7.55
2022,NY,Nuclear,3398.4,20.6,63.4,68.1,22.08,18.19,7.55
2022,NY,Other,165.2,20.6,63.4,68.1,22.08,18.19,7.55
2022,NY,Other Biomass,429.2,20.6,63.4,68.1,22.08,18.19,7.55
2022,NY,Petroleum,4428.5,20.6,63.4,68.1,22.08,18.19,7.55
2022,NY,Pumped Storage,1240.0,20.6,63.4,68.1,22.08,18.19,7.55
2022,NY,Solar Thermal and Photovoltaic,1379.6000000000001,20.6,63.4,68.1,22.08,18.19,7.55
2022,NY,Wind,2189.4,20.6,63.4,68.1,22.08,18.19,7.55
2022,NY,Wood and Wood Derived Fuels,84.5,20.6,63.4,68.1,22.08,18.19,7.55
2022,OH,Coal,8516.2,6.2,79.3,86.3,13.85,10.39,7.45
2022,OH,Hydroelectric,128.6,6.2,79.3,86.3,13.85,10.39,7.45
2022,OH,Natural Gas,16431.6,6.2,79.3,86.3,13.85,10.39,7.45
2022,OH,Nuclear,2236.8,6.2,79.3,86.3,13.85,10.39,7.45
2022,OH,Other,31.8,6.2,79.3,86.3,13.85,10.39,7.45
2022,OH,Other Biomass,68.4,6.2,79.3,86.3,13.85,10.39,7.45
2022,OH,Other Gases,291.5,6.2,79.3,86.3,13.85,10.39,7.45
2022,OH,Petroleum,737.5,6.2,79.3,86.3,13.85,10.39,7.45
2022,OH,Solar Thermal and Photovoltaic,482.7,6.2,79.3,86.3,13.85,10.39,7.45
2022,OH,Wind,1102.3,6.2,79.3,86.3,13.85,10.39,7.45
2022,OH,Wood and Wood Derived Fuels,72.8,6.2,79.3,86.3,13.85,10.39,7.45
2022,OK,Coal,3573.0,37.7,42.5,61.5,12.44,10.34,6.96
2022,OK,Hydroelectric,824.3,37.7,42.5,61.5,12.44,10.34,6.96
2022,OK,Natural Gas,16852.2,37.7,42.5,61.5,12.44,10.34,6.96
2022,OK,Other,10.0,37.7,42.5,61.5,12.44,10.34,6.96
2022,OK,Other Biomass,20.0,37.7,42.5,61.5,12.44,10.34,6.96
2022,OK,Petroleum,72.3,37.7,42.5,61.5,12.44,10.34,6.96
2022,OK,Pumped Storage,259.2,37.7,42.5,61.5,12.44,10.34,6.96
2022,OK,Solar Thermal and Photovoltaic,47.5,37.7,42.5,61.5,12.44,10.34,6.96
2022,OK,Wind,11594.7,37.7,42.5,61.5,12.44,10.34,6.96
2022,OK,Wood and Wood Derived Fuels,68.0,37.7,42.5,61.5,12.44,10.34,6.96
2022,OR,Geothermal,36.7,75.5,28.5,24.3,11.42,9.35,6.81
2022,OR,Hydroelectric,8434.6,75.5,28.5,24.3,11.42,9.35,6.81
2022,OR,Natural Gas,4354.3,75.5,28.5,24.3,11.42,9.35,6.81
2022,OR,Other,35.0,75.5,28.5,24.3,11.42,9.35,6.81
2022,OR,Other Biomass,54.5,75.5,28.5,24.3,11.42,9.35,6.81
2022,OR,Petroleum,6.6,75.5,28.5,24.3,11.42,9.35,6.81
2022,OR,Solar Thermal and Photovoltaic,786.4,75.5,28.5,24.3,11.42,9.35,6.81
2022,OR,Wind,3980.9,75.5,28.5,24.3,11.42,9.35,6.81
2022,OR,Wood and Wood Derived Fuels,285.7,75.5,28.5,24.3,11.42,9.35,6.81
2022,PA,Coal,8993.099999999999,5.8,95.5,73.3,15.94,10.73,8.21
2022,PA,Hydroelectric,945.6,5.8,95.5,73.3,15.94,10.73,8.21
2022,PA,Natural Gas,28134.2,5.8,95.5,73.3,15.94,10.73,8.21
2022,PA,Nuclear,9532.2,5.8,95.5,73.3,15.94,10.73,8.21
2022,PA,Other,54.6,5.8,95.5,73.3,15.94,10.73,8.21
2022,PA,Other Biomass,425.2,5.8,95.5,73.3,15.94,10.73,8.21
2022,PA,Other Gases,83.5,5.8,95.5,73.3,15.94,10.73,8.21
2022,PA,Petroleum,1698.6,5.8,95.5,73.3,15.94,10.73,8.21
2022,PA,Pumped Storage,1483.8,5.8,95.5,73.3,15.94,10.73,8.21
2022,PA,Solar Thermal and Photovoltaic,177.9,5.8,95.5,73.3,15.94,10.73,8.21
2022,PA,Wind,1463.4,5.8,95.5,73.3,15.94,10.73,8.21
2022,PA,Wood and Wood Derived Fuels,93.1,5.8,95.5,73.3,15.94,10.73,8.21
2022,RI,Hydroelectric,2.8,16.5,97.7,83.3,23.21,16.23,17.96
2022,RI,Natural Gas,1933.3000000000002,16.5,97.7,83.3,23.21,16.23,17.96
2022,RI,Other,3.0,16.5,97.7,83.3,23.21,16.23,17.96
2022,RI,Other Biomass,45.3,16.5,97.7,83.3,23.21,16.23,17.96
2022,RI,Petroleum,7.1,16.5,97.7,83.3,23.21,16.23,17.96
2022,RI,Solar Thermal and Photovoltaic,258.9,16.5,97.7,83.3,23.21,16.23,17.96
2022,RI,Wind,78.0,16.5,97.7,83.3,23.21,16.23,17.96
2022,SC,Coal,5081.6,12.2,9.2,50.7,13.59,10.86,7.13
2022,SC,Hydroelectric,1350.0,12.2,9.2,50.7,13.59,10.86,7.13
2022,SC,Natural Gas,7809.0,12.2,9.2,50.7,13.59,10.86,7.13
2022,SC,Nuclear,6875.1,12.2,9.2,50.7,13.59,10.86,7.13
2022,SC,Other,4.0,12.2,9.2,50.7,13.59,10.86,7.13
2022,SC,Other Biomass,49.7,12.2,9.2,50.7,13.59,10.86,7.13
2022,SC,Petroleum,417.3,12.2,9.2,50.7,13.59,10.86,7.13
2022,SC,Pumped Storage,2849.2,12.2,9.2,50.7,13.59,10.86,7.13
2022,SC,Solar Thermal and Photovoltaic,1341.4,12.2,9.2,50.7,13.59,10.86,7.13
2022,SC,Wood and Wood Derived Fuels,453.8,12.2,9.2,50.7,13.59,10.86,7.13
2022,SD,Coal,450.0,65.3,34.3,34.7,12.09,10.21,8.04
2022,SD,Hydroelectric,1648.4,65.3,34.3,34.7,12.09,10.21,8.04
2022,SD,Natural Gas,1602.5,65.3,34.3,34.7,12.09,10.21,8.04
2022,SD,Other,0.8,65.3,34.3,34.7,12.09,10.21,8.04
2022,SD,Petroleum,288.7,65.3,34.3,34.7,12.09,10.21,8.04
2022,SD,Solar Thermal and Photovoltaic,1.0,65.3,34.3,34.7,12.09,10.21,8.04
2022,SD,Wind,2758.7,65.3,34.3,34.7,12.09,10.21,8.04
2022,SD,Wood and Wood Derived Fuels,5.4,65.3,34.3,34.7,12.09,10.21,8.04
2022,TN,Coal,6615.7,12.6,2.5,59.7,12.25,12.02,6.55
2022,TN,Hydroelectric,2504.4,12.6,2.5,59.7,12.25,12.02,6.55
2022,TN,Natural Gas,7141.599999999999,12.6,2.5,59.7,12.25,12.02,6.55
2022,TN,Nuclear,4980.8,12.6,2.5,59.7,12.25,12.02,6.55
2022,TN,Other Biomass,9.8,12.6,2.5,59.7,12.25,12.02,6.55
2022,TN,Petroleum,668.4,12.6,2.5,59.7,12.25,12.02,6.55
2022,TN,Pumped Storage,1713.6,12.6,2.5,59.7,12.25,12.02,6.55
2022,TN,Solar Thermal and Photovoltaic,362.7,12.6,2.5,59.7,12.25,12.02,6.55
2022,TN,Wind,28.8,12.6,2.5,59.7,12.25,12.02,6.55
2022,TN,Wood and Wood Derived Fuels,135.7,12.6,2.5,59.7,12.25,12.02,6.55
2022,TX,Coal,19314.5,32.5,69.6,62.8,13.76,9.05,7.13
2022,TX,Hydroelectric,736.5,32.5,69.6,62.8,13.76,9.05,7.13
2022,TX,Natural Gas,79946.8,32.5,69.6,62.8,13.76,9.05,7.13
2022,TX,Nuclear,5138.6,32.5,69.6,62.8,13.76,9.05,7.13
2022,TX,Other,2321.6000000000004,32.5,69.6,62.8,13.76,9.05,7.13
2022,TX,Other Biomass,59.5,32.5,69.6,62.8,13.76,9.05,7.13
2022,TX,Other Gases,27.5,32.5,69.6,62.8,13.76,9.05,7.13
2022,TX,Petroleum,813.6,32.5,69.6,62.8,13.76,9.05,7.13
2022,TX,Solar Thermal and Photovoltaic,11372.6,32.5,69.6,62.8,13.76,9.05,7.13
2022,TX,Wind,39334.799999999996,32.5,69.6,62.8,13.76,9.05,7.13
2022,TX,Wood and Wood Derived Fuels,339.6,32.5,69.6,62.8,13.76,9.05,7.13
2022,US,Coal,205445.8,25.0,41.6,64.5,15.04,12.41,8.32
2022,US,Geothermal,3965.2,25.0,41.6,64.5,15.04,12.41,8.32
2022,US,Hydroelectric,79959.8,25.0,41.6,64.5,15.04,12.41,8.32
2022,US,Natural Gas,565950.7,25.0,41.6,64.5,15.04,12.41,8.32
2022,US,Nuclear,99435.0,25.0,41.6,64.5,15.04,12.41,8.32
2022,US,Other,10638.599999999999,25.0,41.6,64.5,15.04,12.41,8.32
2022,US,Other Biomass,4899.4,25.0,41.6,64.5,15.04,12.41,8.32
2022,US,Other Gases,1891.6000000000001,25.0,41.6,64.5,15.04,12.41,8.32
2022,US,Petroleum,35526.7,25.0,41.6,64.5,15.04,12.41,8.32
2022,US,Pumped Storage,22008.1,25.0,41.6,64.5,15.04,12.41,8.32
2022,US,Solar Thermal and Photovoltaic,73200.9,25.0,41.6,64.5,15.04,12.41,8.32
2022,US,Wind,141951.9,25.0,41.6,64.5,15.04,12.41,8.32
2022,US,Wood and Wood Derived Fuels,8874.4,25.0,41.6,64.5,15.04,12.41,8.32
2022,UT,Coal,4812.1,22.0,19.5,77.6,10.84,8.39,6.84
2022,UT,Geothermal,83.8,22.0,19.5,77.6,10.84,8.39,6.84
2022,UT,Hydroelectric,264.7,22.0,19.5,77.6,10.84,8.39,6.84
2022,UT,Natural Gas,3265.9,22.0,19.5,77.6,10.84,8.39,6.84
2022,UT,Other,42.3,22.0,19.5,77.6,10.84,8.39,6.84
2022,UT,Other Biomass,13.5,22.0,19.5,77.6,10.84,8.39,6.84
2022,UT,Petroleum,29.3,22.0,19.5,77.6,10.84,8.39,6.84
2022,UT,Solar Thermal and Photovoltaic,1542.7,22.0,19.5,77.6,10.84,8.39,6.84
2022,UT,Wind,389.7,22.0,19.5,77.6,10.84,8.39,6.84
2022,VA,Coal,2613.4,14.9,19.1,63.1,13.34,9.66,7.99
2022,VA,Hydroelectric,823.1,14.9,19.1,63.1,13.34,9.66,7.99
2022,VA,Natural Gas,15017.4,14.9,19.1,63.1,13.34,9.66,7.99
2022,VA,Nuclear,3654.4,14.9,19.1,63.1,13.34,9.66,7.99
2022,VA,Other,10.5,14.9,19.1,63.1,13.34,9.66,7.99
2022,VA,Other Biomass,347.09999999999997,14.9,19.1,63.1,13.34,9.66,7.99
2022,VA,Petroleum,1848.8,14.9,19.1,63.1,13.34,9.66,7.99
2022,VA,Pumped Storage,3109.3,14.9,19.1,63.1,13.34,9.66,7.99
2022,VA,Solar Thermal and Photovoltaic,2848.7,14.9,19.1,63.1,13.34,9.66,7.99
2022,VA,Wind,12.0,14.9,19.1,63.1,13.34,9.66,7.99
2022,VA,Wood and Wood Derived Fuels,571.8,14.9,19.1,63.1,13.34,9.66,7.99
2022,VT,Hydroelectric,328.79999999999995,80.0,45.6,18.8,19.93,17.29,11.88
2022,VT,Other,10.9,80.0,45.6,18.8,19.93,17.29,11.88
2022,VT,Other Biomass,9.6,80.0,45.6,18.8,19.93,17.29,11.88
2022,VT,Petroleum,166.9,80.0,45.6,18.8,19.93,17.29,11.88
2022,VT,Solar Thermal and Photovoltaic,139.3,80.0,45.6,18.8,19.93,17.29,11.88
2022,VT,Wind,151.0,80.0,45.6,18.8,19.93,17.29,11.88
2022,VT,Wood and Wood Derived Fuels,82.4,80.0,45.6,18.8,19.93,17.29,11.88
2022,WA,Coal,729.9,79.7,12.0,15.5,10.26,9.49,6.17
2022,WA,Hydroelectric,21291.8,79.7,12.0,15.5,10.26,9.49,6.17
2022,WA,Natural Gas,4147.0,79.7,12.0,15.5,10.26,9.49,6.17
2022,WA,Nuclear,1200.0,79.7,12.0,15.5,10.26,9.49,6.17
2022,WA,Other,6.0,79.7,12.0,15.5,10.26,9.49,6.17
2022,WA,Other Biomass,40.5,79.7,12.0,15.5,10.26,9.49,6.17
2022,WA,Petroleum,17.5,79.7,12.0,15.5,10.26,9.49,6.17
2022,WA,Pumped Storage,314.0,79.7,12.0,15.5,10.26,9.49,6.17
2022,WA,Solar Thermal and Photovoltaic,188.39999999999998,79.7,12.0,15.5,10.26,9.49,6.17
2022,WA,Wind,3386.8,79.7,12.0,15.5,10.26,9.49,6.17
2022,WA,Wood and Wood Derived Fuels,307.7,79.7,12.0,15.5,10.26,9.49,6.17
2022,WI,Coal,5560.6,13.5,11.1,79.4,15.62,11.85,8.49
2022,WI,Hydroelectric,534.5,13.5,11.1,79.4,15.62,11.85,8.49
2022,WI,Natural Gas,8083.6,13.5,11.1,79.4,15.62,11.85,8.49
2022,WI,Nuclear,1286.0,13.5,11.1,79.4,15.62,11.85,8.49
2022,WI,Other,5.3,13.5,11.1,79.4,15.62,11.85,8.49
2022,WI,Other Biomass,81.9,13.5,11.1,79.4,15.62,11.85,8.49
2022,WI,Petroleum,760.5,13.5,11.1,79.4,15.62,11.85,8.49
2022,WI,Solar Thermal and Photovoltaic,773.7,13.5,11.1,79.4,15.62,11.85,8.49
2022,WI,Wind,734.8,13.5,11.1,79.4,15.62,11.85,8.49
2022,WI,Wood and Wood Derived Fuels,315.6,13.5,11.1,79.4,15.62,11.85,8.49
2022,WV,Coal,13071.7,7.8,25.5,91.9,13.23,10.42,6.74
2022,WV,Hydroelectric,370.6,7.8,25.5,91.9,13.23,10.42,6.74
2022,WV,Natural Gas,1331.9,7.8,25.5,91.9,13.23,10.42,6.74
2022,WV,Other,47.5,7.8,25.5,91.9,13.23,10.42,6.74
2022,WV,Other Biomass,3.2,7.8,25.5,91.9,13.23,10.42,6.74
2022,WV,Petroleum,18.5,7.8,25.5,91.9,13.23,10.42,6.74
2022,WV,Wind,856.0,7.8,25.5,91.9,13.23,10.42,6.74
2022,WY,Coal,7023.1,30.9,13.6,68.9,11.09,9.55,6.89
2022,WY,Hydroelectric,303.4,30.9,13.6,68.9,11.09,9.55,6.89
2022,WY,Natural Gas,821.0,30.9,13.6,68.9,11.09,9.55,6.89
2022,WY,Other,12.4,30.9,13.6,68.9,11.09,9.55,6.89
2022,WY,Other Gases,3.7,30.9,13.6,68.9,11.09,9.55,6.89
2022,WY,Petroleum,5.800000000000001,30.9,13.6,68.9,11.09,9.55,6.89
2022,WY,Solar Thermal and Photovoltaic,92.0,30.9,13.6,68.9,11.09,9.55,6.89
2022,WY,Wind,3130.0,30.9,13.6,68.9,11.09,9.55,6.89
2023,AK,Coal,187.5,18.2,0.8,78.7,23.9,20.87,18.7
2023,AK,Hydroelectric,481.8,18.2,0.8,78.7,23.9,20.87,18.7
2023,AK,Natural Gas,1391.3999999999999,18.2,0.8,78.7,23.9,20.87,18.7
2023,AK,Other,94.7,18.2,0.8,78.7,23.9,20.87,18.7
2023,AK,Other Biomass,11.5,18.2,0.8,78.7,23.9,20.87,18.7
2023,AK,Petroleum,841.1,18.2,0.8,78.7,23.9,20.87,18.7
2023,AK,Solar Thermal and Photovoltaic,7.7,18.2,0.8,78.7,23.9,20.87,18.7
2023,AK,Wind,59.6,18.2,0.8,78.7,23.9,20.87,18.7
2023,AL,Coal,4966.5,14.0,21.2,68.8,14.63,13.16,7.11
2023,AL,Hydroelectric,3318.3,14.0,21.2,68.8,14.63,13.16,7.11
2023,AL,Natural Gas,17530.2,14.0,21.2,68.8,14.63,13.16,7.11
2023,AL,Nuclear,5630.4,14.0,21.2,68.8,14.63,13.16,7.11
2023,AL,Other,1.0,14.0,21.2,68.8,14.63,13.16,7.11
2023,AL,Other Biomass,6.4,14.0,21.2,68.8,14.63,13.16,7.11
2023,AL,Petroleum,47.800000000000004,14.0,21.2,68.8,14.63,13.16,7.11
2023,AL,Solar Thermal and Photovoltaic,603.9,14.0,21.2,68.8,14.63,13.16,7.11
2023,AL,Wood and Wood Derived Fuels,668.5,14.0,21.2,68.8,14.63,13.16,7.11
2023,AR,Coal,5487.0,14.2,8.3,74.7,12.25,10.34,6.87
2023,AR,Hydroelectric,1320.9,14.2,8.3,74.7,12.25,10.34,6.87
2023,AR,Natural Gas,7248.8,14.2,8.3,74.7,12.25,10.34,6.87
2023,AR,Nuclear,1845.0,14.2,8.3,74.7,12.25,10.34,6.87
2023,AR,Other,22.0,14.2,8.3,74.7,12.25,10.34,6.87
2023,AR,Other Biomass,6.8999999999999995,14.2,8.3,74.7,12.25,10.34,6.87
2023,AR,Petroleum,9.1,14.2,8.3,74.7,12.25,10.34,6.87
2023,AR,Pumped Storage,30.0,14.2,8.3,74.7,12.25,10.34,6.87
2023,AR,Solar Thermal and Photovoltaic,820.9,14.2,8.3,74.7,12.25,10.34,6.87
2023,AR,Wood and Wood Derived Fuels,269.5,14.2,8.3,74.7,12.25,10.34,6.87
2023,AZ,Coal,3217.5,22.8,27.8,61.1,14.02,11.79,8.11
2023,AZ,Hydroelectric,2718.0,22.8,27.8,61.1,14.02,11.79,8.11
2023,AZ,Natural Gas,16717.5,22.8,27.8,61.1,14.02,11.79,8.11
2023,AZ,Nuclear,4209.6,22.8,27.8,61.1,14.02,11.79,8.11
2023,AZ,Other,938.0,22.8,27.8,61.1,14.02,11.79,8.11
2023,AZ,Other Biomass,3.2,22.8,27.8,61.1,14.02,11.79,8.11
2023,AZ,Petroleum,288.5,22.8,27.8,61.1,14.02,11.79,8.11
2023,AZ,Pumped Storage,194.1,22.8,27.8,61.1,14.02,11.79,8.11
2023,AZ,Solar Thermal and Photovoltaic,3935.5,22.8,27.8,61.1,14.02,11.79,8.11
2023,AZ,Wind,855.5,22.8,27.8,61.1,14.02,11.79,8.11
2023,AZ,Wood and Wood Derived Fuels,30.2,22.8,27.8,61.1,14.02,11.79,8.11
2023,CA,Coal,62.5,42.3,61.4,42.8,29.51,23.91,18.64
2023,CA,Geothermal,2872.9,42.3,61.4,42.8,29.51,23.91,18.64
2023,CA,Hydroelectric,10031.500000000002,42.3,61.4,42.8,29.51,23.91,18.64
2023,CA,Natural Gas,40097.0,42.3,61.4,42.8,29.51,23.91,18.64
2023,CA,Nuclear,2323.0,42.3,61.4,42.8,29.51,23.91,18.64
2023,CA,Other,8109.9,42.3,61.4,42.8,29.51,23.91,18.64
2023,CA,Other Biomass,531.2,42.3,61.4,42.8,29.51,23.91,18.64
2023,CA,Other Gases,256.6,42.3,61.4,42.8,29.51,23.91,18.64
2023,CA,Petroleum,492.2,42.3,61.4,42.8,29.51,23.91,18.64
2023,CA,Pumped Storage,3745.6,42.3,61.4,42.8,29.51,23.91,18.64
2023,CA,Solar Thermal and Photovoltaic,19939.8,42.3,61.4,42.8,29.51,23.91,18.64
2023,CA,Wind,6314.6,42.3,61.4,42.8,29.51,23.91,18.64
2023,CA,Wood and Wood Derived Fuels,749.9000000000001,42.3,61.4,42.8,29.51,23.91,18.64
2023,CO,Coal,4198.7,38.7,39.6,57.8,14.3,11.64,8.5
2023,CO,Hydroelectric,674.6,38.7,39.6,57.8,14.3,11.64,8.5
2023,CO,Natural Gas,7910.9,38.7,39.6,57.8,14.3,11.64,8.5
2023,CO,Other,251.6,38.7,39.6,57.8,14.3,11.64,8.5
2023,CO,Other Biomass,21.4,38.7,39.6,57.8,14.3,11.64,8.5
2023,CO,Other Gases,3.0,38.7,39.6,57.8,14.3,11.64,8.5
2023,CO,Petroleum,235.2,38.7,39.6,57.8,14.3,11.64,8.5
2023,CO,Pumped Storage,508.5,38.7,39.6,57.8,14.3,11.64,8.5
2023,CO,Solar Thermal and Photovoltaic,2174.7000000000003,38.7,39.6,57.8,14.3,11.64,8.5
2023,CO,Wind,5378.8,38.7,39.6,57.8,14.3,11.64,8.5
2023,CO,Wood and Wood Derived Fuels,12.6,38.7,39.6,57.8,14.3,11.64,8.5
2023,CT,Hydroelectric,115.5,5.3,95.5,73.5,29.88,19.99,15.69
2023,CT,Natural Gas,5379.8,5.3,95.5,73.5,29.88,19.99,15.69
2023,CT,Nuclear,2259.9,5.3,95.5,73.5,29.88,19.99,15.69
2023,CT,Other,1.6,5.3,95.5,73.5,29.88,19.99,15.69
2023,CT,Other Biomass,117.8,5.3,95.5,73.5,29.88,19.99,15.69
2023,CT,Petroleum,2537.1000000000004,5.3,95.5,73.5,29.88,19.99,15.69
2023,CT,Pumped Storage,31.0,5.3,95.5,73.5,29.88,19.99,15.69
2023,CT,Solar Thermal and Photovoltaic,287.9,5.3,95.5,73.5,29.88,19.99,15.69
2023,CT,Wind,5.0,5.3,95.5,73.5,29.88,19.99,15.69
2023,CT,Wood and Wood Derived Fuels,43.0,5.3,95.5,73.5,29.88,19.99,15.69
2023,DC,Natural Gas,22.9,59.5,31.1,40.5,16.45,16.94,10.85
2023,DC,Other Biomass,14.1,59.5,31.1,40.5,16.45,16.94,10.85
2023,DC,Solar Thermal and Photovoltaic,19.6,59.5,31.1,40.5,16.45,16.94,10.85
2023,DE,Coal,445.5,3.1,84.0,96.9,15.73,11.83,7.85
2023,DE,Natural Gas,2628.9,3.1,84.0,96.9,15.73,11.83,7.85
2023,DE,Other Biomass,14.2,3.1,84.0,96.9,15.73,11.83,7.85
2023,DE,Other Gases,140.0,3.1,84.0,96.9,15.73,11.83,7.85
2023,DE,Petroleum,120.8,3.1,84.0,96.9,15.73,11.83,7.85
2023,DE,Solar Thermal and Photovoltaic,89.6,3.1,84.0,96.9,15.73,11.83,7.85
2023,DE,Wind,2.0,3.1,84.0,96.9,15.73,11.83,7.85
2023,FL,Coal,4203.0,12.0,6.2,81.7,15.21,11.95,9.39
2023,FL,Hydroelectric,43.5,12.0,6.2,81.7,15.21,11.95,9.39
2023,FL,Natural Gas,54844.399999999994,12.0,6.2,81.7,15.21,11.95,9.39
2023,FL,Nuclear,3797.2,12.0,6.2,81.7,15.21,11.95,9.39
2023,FL,Other,914.8000000000001,12.0,6.2,81.7,15.21,11.95,9.39
2023,FL,Other Biomass,737.4,12.0,6.2,81.7,15.21,11.95,9.39
2023,FL,Petroleum,2029.3,12.0,6.2,81.7,15.21,11.95,9.39
2023,FL,Solar Thermal and Photovoltaic,7803.400000000001,12.0,6.2,81.7,15.21,11.95,9.39
2023,FL,Wood and Wood Derived Fuels,417.6,12.0,6.2,81.7,15.21,11.95,9.39
2023,GA,Coal,6171.6,17.7,26.5,64.8,13.69,10.7,6.88
2023,GA,Hydroelectric,1962.2,17.7,26.5,64.8,13.69,10.7,6.88
2023,GA,Natural Gas,18714.5,17.7,26.5,64.8,13.69,10.7,6.88
2023,GA,Nuclear,5392.0,17.7,26.5,64.8,13.69,10.7,6.88
2023,GA,Other,81.2,17.7,26.5,64.8,13.69,10.7,6.88
2023,GA,Other Biomass,57.300000000000004,17.7,26.5,64.8,13.69,10.7,6.88
2023,GA,Petroleum,1412.1999999999998,17.7,26.5,64.8,13.69,10.7,6.88
2023,GA,Pumped Storage,1634.6,17.7,26.5,64.8,13.69,10.7,6.88
2023,GA,Solar Thermal and Photovoltaic,4134.5,17.7,26.5,64.8,13.69,10.7,6.88
2023,GA,Wood and Wood Derived Fuels,1042.3,17.7,26.5,64.8,13.69,10.7,6.88
2023,HI,Geothermal,51.0,25.5,31.1,62.9,42.39,39.03,35.28
2023,HI,Hydroelectric,33.6,25.5,31.1,62.9,42.39,39.03,35.28
2023,HI,Other,401.0,25.5,31.1,62.9,42.39,39.03,35.28
2023,HI,Other Biomass,157.7,25.5,31.1,62.9,42.39,39.03,35.28
2023,HI,Petroleum,2171.5,25.5,31.1,62.9,42.39,39.03,35.28
2023,HI,Solar Thermal and Photovoltaic,393.9,25.5,31.1,62.9,42.39,39.03,35.28
2023,HI,Wind,233.2,25.5,31.1,62.9,42.39,39.03,35.28
2023,HI,Wood and Wood Derived Fuels,9.3,25.5,31.1,62.9,42.39,39.03,35.28
2023,IA,Coal,5268.2,56.1,16.6,43.9,13.31,10.33,6.91
2023,IA,Hydroelectric,184.39999999999998,56.1,16.6,43.9,13.31,10.33,6.91
2023,IA,Natural Gas,4339.0,56.1,16.6,43.9,13.31,10.33,6.91
2023,IA,Other,8.9,56.1,16.6,43.9,13.31,10.33,6.91
2023,IA,Other Biomass,20.6,56.1,16.6,43.9,13.31,10.33,6.91
2023,IA,Petroleum,921.5999999999999,56.1,16.6,43.9,13.31,10.33,6.91
2023,IA,Solar Thermal and Photovoltaic,263.4,56.1,16.6,43.9,13.31,10.33,6.91
2023,IA,Wind,12979.3,56.1,16.6,43.9,13.31,10.33,6.91
2023,ID,Geothermal,18.0,76.9,32.6,22.9,11.05,8.78,7.17
2023,ID,Hydroelectric,2696.3999999999996,76.9,32.6,22.9,11.05,8.78,7.17
2023,ID,Natural Gas,1254.1000000000001,76.9,32.6,22.9,11.05,8.78,7.17
2023,ID,Other,15.9,76.9,32.6,22.9,11.05,8.78,7.17
2023,ID,Other Biomass,19.1,76.9,32.6,22.9,11.05,8.78,7.17
2023,ID,Petroleum,5.0,76.9,32.6,22.9,11.05,8.78,7.17
2023,ID,Solar Thermal and Photovoltaic,402.0,76.9,32.6,22.9,11.05,8.78,7.17
2023,ID,Wind,972.3000000000001,76.9,32.6,22.9,11.05,8.78,7.17
2023,ID,Wood and Wood Derived Fuels,126.2,76.9,32.6,22.9,11.05,8.78,7.17
2023,IL,Coal,7622.5,18.4,88.3,56.5,15.71,11.24,8.2
2023,IL,Hydroelectric,38.3,18.4,88.3,56.5,15.71,11.24,8.2
2023,IL,Natural Gas,19899.8,18.4,88.3,56.5,15.71,11.24,8.2
2023,IL,Nuclear,12415.1,18.4,88.3,56.5,15.71,11.24,8.2
2023,IL,Other,174.1,18.4,88.3,56.5,15.71,11.24,8.2
2023,IL,Other Biomass,61.3,18.4,88.3,56.5,15.71,11.24,8.2
2023,IL,Other Gases,43.4,18.4,88.3,56.5,15.71,11.24,8.2
2023,IL,Petroleum,753.6,18.4,88.3,56.5,15.71,11.24,8.2
2023,IL,Solar Thermal and Photovoltaic,1243.6,18.4,88.3,56.5,15.71,11.24,8.2
2023,IL,Wind,7904.4,18.4,88.3,56.5,15.71,11.24,8.2
2023,IN,Coal,14212.4,16.8,21.3,82.8,14.94,12.55,8.24
2023,IN,Hydroelectric,107.5,16.8,21.3,82.8,14.94,12.55,8.24
2023,IN,Natural Gas,9263.9,16.8,21.3,82.8,14.94,12.55,8.24
2023,IN,Other,130.6,16.8,21.3,82.8,14.94,12.55,8.24
2023,IN,Other Biomass,52.7,16.8,21.3,82.8,14.94,12.55,8.24
2023,IN,Other Gases,544.2,16.8,21.3,82.8,14.94,12.55,8.24
2023,IN,Petroleum,111.5,16.8,21.3,82.8,14.94,12.55,8.24
2023,IN,Solar Thermal and Photovoltaic,1290.1,16.8,21.3,82.8,14.94,12.55,8.24
2023,IN,Wind,3439.1,16.8,21.3,82.8,14.94,12.55,8.24
2023,KS,Coal,4885.6,44.5,40.2,49.1,13.38,10.85,7.64
2023,KS,Hydroelectric,7.0,44.5,40.2,49.1,13.38,10.85,7.64
2023,KS,Natural Gas,4535.7,44.5,40.2,49.1,13.38,10.85,7.64
2023,KS,Nuclear,1296.3,44.5,40.2,49.1,13.38,10.85,7.64
2023,KS,Other,2.0,44.5,40.2,49.1,13.38,10.85,7.64
2023,KS,Other Biomass,9.2,44.5,40.2,49.1,13.38,10.85,7.64
2023,KS,Petroleum,688.3,44.5,40.2,49.1,13.38,10.85,7.64
2023,KS,Solar Thermal and Photovoltaic,40.2,44.5,40.2,49.1,13.38,10.85,7.64
2023,KS,Wind,9105.300000000001,44.5,40.2,49.1,13.38,10.85,7.64
2023,KY,Coal,10909.1,6.0,5.6,94.0,12.65,11.38,6.55
2023,KY,Hydroelectric,1099.8,6.0,5.6,94.0,12.65,11.38,6.55
2023,KY,Natural Gas,9423.2,6.0,5.6,94.0,12.65,11.38,6.55
2023,KY,Other Biomass,18.8,6.0,5.6,94.0,12.65,11.38,6.55
2023,KY,Petroleum,11.5,6.0,5.6,94.0,12.65,11.38,6.55
2023,KY,Solar Thermal and Photovoltaic,85.9,6.0,5.6,94.0,12.65,11.38,6.55
2023,KY,Wood and Wood Derived Fuels,93.0,6.0,5.6,94.0,12.65,11.38,6.55
2023,LA,Coal,2449.5,3.6,11.6,87.1,11.55,10.45,5.88
2023,LA,Hydroelectric,192.0,3.6,11.6,87.1,11.55,10.45,5.88
2023,LA,Natural Gas,21283.800000000003,3.6,11.6,87.1,11.55,10.45,5.88
2023,LA,Nuclear,2235.7,3.6,11.6,87.1,11.55,10.45,5.88
2023,LA,Other,445.79999999999995,3.6,11.6,87.1,11.55,10.45,5.88
2023,LA,Other Biomass,15.1,3.6,11.6,87.1,11.55,10.45,5.88
2023,LA,Other Gases,223.5,3.6,11.6,87.1,11.55,10.45,5.88
2023,LA,Petroleum,993.6,3.6,11.6,87.1,11.55,10.45,5.88
2023,LA,Solar Thermal and Photovoltaic,344.5,3.6,11.6,87.1,11.55,10.45,5.88
2023,LA,Wood and Wood Derived Fuels,473.7,3.6,11.6,87.1,11.55,10.45,5.88
2023,MA,Hydroelectric,271.5,14.3,85.4,71.2,29.61,19.62,17.88
2023,MA,Natural Gas,7839.7,14.3,85.4,71.2,29.61,19.62,17.88
2023,MA,Other,266.7,14.3,85.4,71.2,29.61,19.62,17.88
2023,MA,Other Biomass,332.0,14.3,85.4,71.2,29.61,19.62,17.88
2023,MA,Petroleum,2476.7999999999997,14.3,85.4,71.2,29.61,19.62,17.88
2023,MA,Pumped Storage,1834.0,14.3,85.4,71.2,29.61,19.62,17.88
2023,MA,Solar Thermal and Photovoltaic,1342.8,14.3,85.4,71.2,29.61,19.62,17.88
2023,MA,Wind,101.6,14.3,85.4,71.2,29.61,19.62,17.88
2023,MA,Wood and Wood Derived Fuels,18.0,14.3,85.4,71.2,29.61,19.62,17.88
2023,MD,Coal,1599.2,11.3,85.2,74.5,16.6,12.77,9.94
2023,MD,Hydroelectric,550.8,11.3,85.2,74.5,16.6,12.77,9.94
2023,MD,Natural Gas,6349.1,11.3,85.2,74.5,16.6,12.77,9.94
2023,MD,Nuclear,1850.4,11.3,85.2,74.5,16.6,12.77,9.94
2023,MD,Other,13.7,11.3,85.2,74.5,16.6,12.77,9.94
2023,MD,Other Biomass,154.8,11.3,85.2,74.5,16.6,12.77,9.94
2023,MD,Petroleum,1848.2,11.3,85.2,74.5,16.6,12.77,9.94
2023,MD,Solar Thermal and Photovoltaic,592.7,11.3,85.2,74.5,16.6,12.77,9.94
2023,MD,Wind,190.0,11.3,85.2,74.5,16.6,12.77,9.94
2023,MD,Wood and Wood Derived Fuels,3.8,11.3,85.2,74.5,16.6,12.77,9.94
2023,ME,Hydroelectric,705.2,50.6,88.9,47.8,27.42,17.88,12.3
2023,ME,Natural Gas,1742.7,50.6,88.9,47.8,27.42,17.88,12.3
2023,ME,Other,86.0,50.6,88.9,47.8,27.42,17.88,12.3
2023,ME,Other Biomass,46.8,50.6,88.9,47.8,27.42,17.88,12.3
2023,ME,Petroleum,883.0,50.6,88.9,47.8,27.42,17.88,12.3
2023,ME,Solar Thermal and Photovoltaic,481.0,50.6,88.9,47.8,27.42,17.88,12.3
2023,ME,Wind,1032.5,50.6,88.9,47.8,27.42,17.88,12.3
2023,ME,Wood and Wood Derived Fuels,511.79999999999995,50.6,88.9,47.8,27.42,17.88,12.3
2023,MI,Coal,6314.099999999999,16.7,12.7,66.5,18.84,13.4,8.16
2023,MI,Hydroelectric,349.8,16.7,12.7,66.5,18.84,13.4,8.16
2023,MI,Natural Gas,14651.7,16.7,12.7,66.5,18.84,13.4,8.16
2023,MI,Nuclear,3502.3,16.7,12.7,66.5,18.84,13.4,8.16
2023,MI,Other,5.199999999999999,16.7,12.7,66.5,18.84,13.4,8.16
2023,MI,Other Biomass,180.60000000000002,16.7,12.7,66.5,18.84,13.4,8.16
2023,MI,Other Gases,238.0,16.7,12.7,66.5,18.84,13.4,8.16
2023,MI,Petroleum,521.9000000000001,16.7,12.7,66.5,18.84,13.4,8.16
2023,MI,Pumped Storage,1978.8,16.7,12.7,66.5,18.84,13.4,8.16
2023,MI,Solar Thermal and Photovoltaic,976.0999999999999,16.7,12.7,66.5,18.84,13.4,8.16
2023,MI,Wind,3577.3,16.7,12.7,66.5,18.84,13.4,8.16
2023,MI,Wood and Wood Derived Fuels,362.5,16.7,12.7,66.5,18.84,13.4,8.16
2023,MN,Coal,3389.1,35.4,28.4,54.8,14.73,12.39,9.2
2023,MN,Hydroelectric,221.4,35.4,28.4,54.8,14.73,12.39,9.2
2023,MN,Natural Gas,6333.0,35.4,28.4,54.8,14.73,12.39,9.2
2023,MN,Nuclear,1871.2,35.4,28.4,54.8,14.73,12.39,9.2
2023,MN,Other,27.5,35.4,28.4,54.8,14.73,12.39,9.2
2023,MN,Other Biomass,135.3,35.4,28.4,54.8,14.73,12.39,9.2
2023,MN,Petroleum,916.6,35.4,28.4,54.8,14.73,12.39,9.2
2023,MN,Solar Thermal and Photovoltaic,1302.2,35.4,28.4,54.8,14.73,12.39,9.2
2023,MN,Wind,4966.1,35.4,28.4,54.8,14.73,12.39,9.2
2023,MN,Wood and Wood Derived Fuels,250.39999999999998,35.4,28.4,54.8,14.73,12.39,9.2
2023,MO,Coal,10290.4,13.2,9.5,78.8,12.58,10.14,7.9
2023,MO,Hydroelectric,506.0,13.2,9.5,78.8,12.58,10.14,7.9
2023,MO,Natural Gas,6626.2,13.2,9.5,78.8,12.58,10.14,7.9
2023,MO,Nuclear,1235.8,13.2,9.5,78.8,12.58,10.14,7.9
2023,MO,Other,1.0,13.2,9.5,78.8,12.58,10.14,7.9
2023,MO,Other Biomass,14.8,13.2,9.5,78.8,12.58,10.14,7.9
2023,MO,Petroleum,1304.0,13.2,9.5,78.8,12.58,10.14,7.9
2023,MO,Pumped Storage,600.4,13.2,9.5,78.8,12.58,10.14,7.9
2023,MO,Solar Thermal and Photovoltaic,100.9,13.2,9.5,78.8,12.58,10.14,7.9
2023,MO,Wind,2435.7,13.2,9.5,78.8,12.58,10.14,7.9
2023,MS,Coal,1610.3,4.5,5.1,86.8,13.23,12.37,6.96
2023,MS,Natural Gas,12686.400000000001,4.5,5.1,86.8,13.23,12.37,6.96
2023,MS,Nuclear,1440.0,4.5,5.1,86.8,13.23,12.37,6.96
2023,MS,Other,3.1,4.5,5.1,86.8,13.23,12.37,6.96
2023,MS,Other Biomass,1.6,4.5,5.1,86.8,13.23,12.37,6.96
2023,MS,Petroleum,9.0,4.5,5.1,86.8,13.23,12.37,6.96
2023,MS,Solar Thermal and Photovoltaic,425.6,4.5,5.1,86.8,13.23,12.37,6.96
2023,MS,Wood and Wood Derived Fuels,311.0,4.5,5.1,86.8,13.23,12.37,6.96
2023,MT,Coal,1810.7,64.7,49.5,34.5,12.54,12.11,7.8
2023,MT,Hydroelectric,2678.3999999999996,64.7,49.5,34.5,12.54,12.11,7.8
2023,MT,Natural Gas,491.79999999999995,64.7,49.5,34.5,12.54,12.11,7.8
2023,MT,Other,60.0,64.7,49.5,34.5,12.54,12.11,7.8
2023,MT,Other Biomass,3.2,64.7,49.5,34.5,12.54,12.11,7.8
2023,MT,Other Gases,1.6,64.7,49.5,34.5,12.54,12.11,7.8
2023,MT,Petroleum,68.0,64.7,49.5,34.5,12.54,12.11,7.8
2023,MT,Solar Thermal and Photovoltaic,177.0,64.7,49.5,34.5,12.54,12.11,7.8
2023,MT,Wind,1590.0,64.7,49.5,34.5,12.54,12.11,7.8
2023,MT,Wood and Wood Derived Fuels,2.8,64.7,49.5,34.5,12.54,12.11,7.8
2023,NC,Coal,4816.1,23.4,23.1,62.3,12.93,9.67,7.15
2023,NC,Hydroelectric,1889.1999999999998,23.4,23.1,62.3,12.93,9.67,7.15
2023,NC,Natural Gas,18958.3,23.4,23.1,62.3,12.93,9.67,7.15
2023,NC,Nuclear,5394.7,23.4,23.1,62.3,12.93,9.67,7.15
2023,NC,Other,112.3,23.4,23.1,62.3,12.93,9.67,7.15
2023,NC,Other Biomass,78.4,23.4,23.1,62.3,12.93,9.67,7.15
2023,NC,Petroleum,577.5,23.4,23.1,62.3,12.93,9.67,7.15
2023,NC,Pumped Storage,95.0,23.4,23.1,62.3,12.93,9.67,7.15
2023,NC,Solar Thermal and Photovoltaic,6652.8,23.4,23.1,62.3,12.93,9.67,7.15
2023,NC,Wind,208.0,23.4,23.1,62.3,12.93,9.67,7.15
2023,NC,Wood and Wood Derived Fuels,317.5,23.4,23.1,62.3,12.93,9.67,7.15
2023,ND,Coal,4022.9,49.9,27.2,50.1,11.01,7.38,7.37
2023,ND,Hydroelectric,583.4,49.9,27.2,50.1,11.01,7.38,7.37
2023,ND,Natural Gas,850.3,49.9,27.2,50.1,11.01,7.38,7.37
2023,ND,Other,5.3,49.9,27.2,50.1,11.01,7.38,7.37
2023,ND,Other Biomass,9.8,49.9,27.2,50.1,11.01,7.38,7.37
2023,ND,Other Gases,7.5,49.9,27.2,50.1,11.01,7.38,7.37
2023,ND,Petroleum,65.7,49.9,27.2,50.1,11.01,7.38,7.37
2023,ND,Wind,4330.3,49.9,27.2,50.1,11.01,7.38,7.37
2023,NE,Coal,3977.9,34.5,30.9,58.4,11.2,8.76,7.63
2023,NE,Hydroelectric,329.9,34.5,30.9,58.4,11.2,8.76,7.63
2023,NE,Natural Gas,2225.2999999999997,34.5,30.9,58.4,11.2,8.76,7.63
2023,NE,Nuclear,801.0,34.5,30.9,58.4,11.2,8.76,7.63
2023,NE,Other,6.0,34.5,30.9,58.4,11.2,8.76,7.63
2023,NE,Other Biomass,15.7,34.5,30.9,58.4,11.2,8.76,7.63
2023,NE,Petroleum,426.2,34.5,30.9,58.4,11.2,8.76,7.63
2023,NE,Solar Thermal and Photovoltaic,41.699999999999996,34.5,30.9,58.4,11.2,8.76,7.63
2023,NE,Wind,3524.0,34.5,30.9,58.4,11.2,8.76,7.63
2023,NH,Coal,559.2,21.0,99.4,52.4,28.15,20.4,15.76
2023,NH,Hydroelectric,516.3000000000001,21.0,99.4,52.4,28.15,20.4,15.76
2023,NH,Natural Gas,1400.5,21.0,99.4,52.4,28.15,20.4,15.76
2023,NH,Nuclear,1242.0,21.0,99.4,52.4,28.15,20.4,15.76
2023,NH,Other,14.0,21.0,99.4,52.4,28.15,20.4,15.76
2023,NH,Other Biomass,33.5,21.0,99.4,52.4,28.15,20.4,15.76
2023,NH,Petroleum,520.9,21.0,99.4,52.4,28.15,20.4,15.76
2023,NH,Solar Thermal and Photovoltaic,2.4,21.0,99.4,52.4,28.15,20.4,15.76
2023,NH,Wind,214.1,21.0,99.4,52.4,28.15,20.4,15.76
2023,NH,Wood and Wood Derived Fuels,227.4,21.0,99.4,52.4,28.15,20.4,15.76
2023,NJ,Hydroelectric,14.7,7.7,90.4,69.5,17.7,14.0,11.68
2023,NJ,Natural Gas,12373.7,7.7,90.4,69.5,17.7,14.0,11.68
2023,NJ,Nuclear,3630.7,7.7,90.4,69.5,17.7,14.0,11.68
2023,NJ,Other,81.39999999999999,7.7,90.4,69.5,17.7,14.0,11.68
2023,NJ,Other Biomass,218.0,7.7,90.4,69.5,17.7,14.0,11.68
2023,NJ,Other Gases,30.0,7.7,90.4,69.5,17.7,14.0,11.68
2023,NJ,Petroleum,307.1,7.7,90.4,69.5,17.7,14.0,11.68
2023,NJ,Pumped Storage,453.0,7.7,90.4,69.5,17.7,14.0,11.68
2023,NJ,Solar Thermal and Photovoltaic,1170.6000000000001,7.7,90.4,69.5,17.7,14.0,11.68
2023,NJ,Wind,9.0,7.7,90.4,69.5,17.7,14.0,11.68
2023,NM,Coal,1636.2,49.8,49.9,48.1,13.85,10.68,5.75
2023,NM,Geothermal,19.2,49.8,49.9,48.1,13.85,10.68,5.75
2023,NM,Hydroelectric,81.5,49.8,49.9,48.1,13.85,10.68,5.75
2023,NM,Natural Gas,3762.0,49.8,49.9,48.1,13.85,10.68,5.75
2023,NM,Other,240.1,49.8,49.9,48.1,13.85,10.68,5.75
2023,NM,Other Biomass,3.3,49.8,49.9,48.1,13.85,10.68,5.75
2023,NM,Petroleum,57.4,49.8,49.9,48.1,13.85,10.68,5.75
2023,NM,Solar Thermal and Photovoltaic,1135.4,49.8,49.9,48.1,13.85,10.68,5.75
2023,NM,Wind,4409.0,49.8,49.9,48.1,13.85,10.68,5.75
2023,NV,Coal,809.0,39.1,35.5,57.3,16.67,11.91,10.36
2023,NV,Geothermal,934.6,39.1,35.5,57.3,16.67,11.91,10.36
2023,NV,Hydroelectric,1052.7,39.1,35.5,57.3,16.67,11.91,10.36
2023,NV,Natural Gas,8365.5,39.1,35.5,57.3,16.67,11.91,10.36
2023,NV,Other,567.5,39.1,35.5,57.3,16.67,11.91,10.36
2023,NV,Other Biomass,15.2,39.1,35.5,57.3,16.67,11.91,10.36
2023,NV,Petroleum,6.0,39.1,35.5,57.3,16.67,11.91,10.36
2023,NV,Solar Thermal and Photovoltaic,4111.0,39.1,35.5,57.3,16.67,11.91,10.36
2023,NV,Wind,150.0,39.1,35.5,57.3,16.67,11.91,10.36
2023,NY,Hydroelectric,4683.9,22.5,63.4,66.2,22.25,18.01,6.87
2023,NY,Natural Gas,24637.2,22.5,63.4,66.2,22.25,18.01,6.87
2023,NY,Nuclear,3398.4,22.5,63.4,66.2,22.25,18.01,6.87
2023,NY,Other,231.3,22.5,63.4,66.2,22.25,18.01,6.87
2023,NY,Other Biomass,429.2,22.5,63.4,66.2,22.25,18.01,6.87
2023,NY,Petroleum,3811.9,22.5,63.4,66.2,22.25,18.01,6.87
2023,NY,Pumped Storage,1240.0,22.5,63.4,66.2,22.25,18.01,6.87
2023,NY,Solar Thermal and Photovoltaic,1724.0000000000002,22.5,63.4,66.2,22.25,18.01,6.87
2023,NY,Wind,2745.8999999999996,22.5,63.4,66.2,22.25,18.01,6.87
2023,NY,Wood and Wood Derived Fuels,84.5,22.5,63.4,66.2,22.25,18.01,6.87
2023,OH,Coal,6822.2,10.0,80.5,82.9,15.38,10.75,7.03
2023,OH,Hydroelectric,128.6,10.0,80.5,82.9,15.38,10.75,7.03
2023,OH,Natural Gas,18486.6,10.0,80.5,82.9,15.38,10.75,7.03
2023,OH,Nuclear,2236.8,10.0,80.5,82.9,15.38,10.75,7.03
2023,OH,Other,39.8,10.0,80.5,82.9,15.38,10.75,7.03
2023,OH,Other Biomass,41.6,10.0,80.5,82.9,15.38,10.75,7.03
2023,OH,Other Gases,249.0,10.0,80.5,82.9,15.38,10.75,7.03
2023,OH,Petroleum,734.0,10.0,80.5,82.9,15.38,10.75,7.03
2023,OH,Solar Thermal and Photovoltaic,1809.8,10.0,80.5,82.9,15.38,10.75,7.03
2023,OH,Wind,1106.8,10.0,80.5,82.9,15.38,10.75,7.03
2023,OH,Wood and Wood Derived Fuels,72.8,10.0,80.5,82.9,15.38,10.75,7.03
2023,OK,Coal,3573.0,38.9,39.6,60.3,12.08,9.34,6.26
2023,OK,Hydroelectric,824.3,38.9,39.6,60.3,12.08,9.34,6.26
2023,OK,Natural Gas,16875.7,38.9,39.6,60.3,12.08,9.34,6.26
2023,OK,Other,10.0,38.9,39.6,60.3,12.08,9.34,6.26
2023,OK,Other Biomass,20.0,38.9,39.6,60.3,12.08,9.34,6.26
2023,OK,Petroleum,56.8,38.9,39.6,60.3,12.08,9.34,6.26
2023,OK,Pumped Storage,259.2,38.9,39.6,60.3,12.08,9.34,6.26
2023,OK,Solar Thermal and Photovoltaic,47.5,38.9,39.6,60.3,12.08,9.34,6.26
2023,OK,Wind,12245.900000000001,38.9,39.6,60.3,12.08,9.34,6.26
2023,OK,Wood and Wood Derived Fuels,68.0,38.9,39.6,60.3,12.08,9.34,6.26
2023,OR,Geothermal,36.7,75.9,29.4,24.0,12.73,9.92,7.52
2023,OR,Hydroelectric,8457.7,75.9,29.4,24.0,12.73,9.92,7.52
2023,OR,Natural Gas,4354.3,75.9,29.4,24.0,12.73,9.92,7.52
2023,OR,Other,35.0,75.9,29.4,24.0,12.73,9.92,7.52
2023,OR,Other Biomass,54.5,75.9,29.4,24.0,12.73,9.92,7.52
2023,OR,Petroleum,6.6,75.9,29.4,24.0,12.73,9.92,7.52
2023,OR,Solar Thermal and Photovoltaic,1003.4,75.9,29.4,24.0,12.73,9.92,7.52
2023,OR,Wind,3980.9,75.9,29.4,24.0,12.73,9.92,7.52
2023,OR,Wood and Wood Derived Fuels,275.9,75.9,29.4,24.0,12.73,9.92,7.52
2023,PA,Coal,6748.099999999999,7.0,95.4,71.8,18.1,11.26,7.75
2023,PA,Hydroelectric,945.6,7.0,95.4,71.8,18.1,11.26,7.75
2023,PA,Natural Gas,29025.0,7.0,95.4,71.8,18.1,11.26,7.75
2023,PA,Nuclear,9532.2,7.0,95.4,71.8,18.1,11.26,7.75
2023,PA,Other,54.6,7.0,95.4,71.8,18.1,11.26,7.75
2023,PA,Other Biomass,392.59999999999997,7.0,95.4,71.8,18.1,11.26,7.75
2023,PA,Other Gases,83.5,7.0,95.4,71.8,18.1,11.26,7.75
2023,PA,Petroleum,1720.2,7.0,95.4,71.8,18.1,11.26,7.75
2023,PA,Pumped Storage,1483.8,7.0,95.4,71.8,18.1,11.26,7.75
2023,PA,Solar Thermal and Photovoltaic,691.5999999999999,7.0,95.4,71.8,18.1,11.26,7.75
2023,PA,Wind,1556.0,7.0,95.4,71.8,18.1,11.26,7.75
2023,PA,Wood and Wood Derived Fuels,93.1,7.0,95.4,71.8,18.1,11.26,7.75
2023,RI,Hydroelectric,2.8,20.7,97.9,79.2,27.02,17.68,18.98
2023,RI,Natural Gas,1950.9,20.7,97.9,79.2,27.02,17.68,18.98
2023,RI,Other,3.0,20.7,97.9,79.2,27.02,17.68,18.98
2023,RI,Other Biomass,45.3,20.7,97.9,79.2,27.02,17.68,18.98
2023,RI,Petroleum,7.1,20.7,97.9,79.2,27.02,17.68,18.98
2023,RI,Solar Thermal and Photovoltaic,385.5,20.7,97.9,79.2,27.02,17.68,18.98
2023,RI,Wind,78.0,20.7,97.9,79.2,27.02,17.68,18.98
2023,SC,Coal,5081.6,13.0,10.0,49.7,13.68,10.39,6.68
2023,SC,Hydroelectric,1350.0,13.0,10.0,49.7,13.68,10.39,6.68
2023,SC,Natural Gas,7738.599999999999,13.0,10.0,49.7,13.68,10.39,6.68
2023,SC,Nuclear,6875.1,13.0,10.0,49.7,13.68,10.39,6.68
2023,SC,Other,22.0,13.0,10.0,49.7,13.68,10.39,6.68
2023,SC,Other Biomass,46.5,13.0,10.0,49.7,13.68,10.39,6.68
2023,SC,Petroleum,294.3,13.0,10.0,49.7,13.68,10.39,6.68
2023,SC,Pumped Storage,2945.2,13.0,10.0,49.7,13.68,10.39,6.68
2023,SC,Solar Thermal and Photovoltaic,1559.9,13.0,10.0,49.7,13.68,10.39,6.68
2023,SC,Wood and Wood Derived Fuels,464.2,13.0,10.0,49.7,13.68,10.39,6.68
2023,SD,Coal,450.0,67.6,38.7,32.4,12.32,10.16,8.01
2023,SD,Hydroelectric,1648.4,67.6,38.7,32.4,12.32,10.16,8.01
2023,SD,Natural Gas,1602.5,67.6,38.7,32.4,12.32,10.16,8.01
2023,SD,Other,0.8,67.6,38.7,32.4,12.32,10.16,8.01
2023,SD,Petroleum,288.7,67.6,38.7,32.4,12.32,10.16,8.01
2023,SD,Solar Thermal and Photovoltaic,81.0,67.6,38.7,32.4,12.32,10.16,8.01
2023,SD,Wind,3156.1,67.6,38.7,32.4,12.32,10.16,8.01
2023,SD,Wood and Wood Derived Fuels,5.4,67.6,38.7,32.4,12.32,10.16,8.01
2023,TN,Coal,5665.7,13.9,3.5,57.5,12.19,11.8,6.23
2023,TN,Hydroelectric,2504.4,13.9,3.5,57.5,12.19,11.8,6.23
2023,TN,Natural Gas,7141.599999999999,13.9,3.5,57.5,12.19,11.8,6.23
2023,TN,Nuclear,4980.8,13.9,3.5,57.5,12.19,11.8,6.23
2023,TN,Other Biomass,9.8,13.9,3.5,57.5,12.19,11.8,6.23
2023,TN,Petroleum,668.4,13.9,3.5,57.5,12.19,11.8,6.23
2023,TN,Pumped Storage,1713.6,13.9,3.5,57.5,12.19,11.8,6.23
2023,TN,Solar Thermal and Photovoltaic,576.3000000000001,13.9,3.5,57.5,12.19,11.8,6.23
2023,TN,Wind,28.8,13.9,3.5,57.5,12.19,11.8,6.23
2023,TN,Wood and Wood Derived Fuels,135.7,13.9,3.5,57.5,12.19,11.8,6.23
2023,TX,Coal,17661.5,34.1,71.4,60.3,14.46,8.82,6.6
2023,TX,Hydroelectric,736.5,34.1,71.4,60.3,14.46,8.82,6.6
2023,TX,Natural Gas,81121.4,34.1,71.4,60.3,14.46,8.82,6.6
2023,TX,Nuclear,5138.6,34.1,71.4,60.3,14.46,8.82,6.6
2023,TX,Other,4051.1000000000004,34.1,71.4,60.3,14.46,8.82,6.6
2023,TX,Other Biomass,49.9,34.1,71.4,60.3,14.46,8.82,6.6
2023,TX,Other Gases,207.3,34.1,71.4,60.3,14.46,8.82,6.6
2023,TX,Petroleum,883.1,34.1,71.4,60.3,14.46,8.82,6.6
2023,TX,Solar Thermal and Photovoltaic,15074.199999999999,34.1,71.4,60.3,14.46,8.82,6.6
2023,TX,Wind,40303.7,34.1,71.4,60.3,14.46,8.82,6.6
2023,TX,Wood and Wood Derived Fuels,339.6,34.1,71.4,60.3,14.46,8.82,6.6
2023,US,Coal,193414.6,26.4,42.5,62.6,16.0,12.59,8.04
2023,US,Geothermal,4009.5,26.4,42.5,62.6,16.0,12.59,8.04
2023,US,Hydroelectric,79969.5,26.4,42.5,62.6,16.0,12.59,8.04
2023,US,Natural Gas,572319.2999999999,26.4,42.5,62.6,16.0,12.59,8.04
2023,US,Nuclear,100674.6,26.4,42.5,62.6,16.0,12.59,8.04
2023,US,Other,17739.9,26.4,42.5,62.6,16.0,12.59,8.04
2023,US,Other Biomass,4698.0,26.4,42.5,62.6,16.0,12.59,8.04
2023,US,Other Gases,2031.3,26.4,42.5,62.6,16.0,12.59,8.04
2023,US,Petroleum,34082.3,26.4,42.5,62.6,16.0,12.59,8.04
2023,US,Pumped Storage,22170.1,26.4,42.5,62.6,16.0,12.59,8.04
2023,US,Solar Thermal and Photovoltaic,92726.1,26.4,42.5,62.6,16.0,12.59,8.04
2023,US,Wind,148039.80000000002,26.4,42.5,62.6,16.0,12.59,8.04
2023,US,Wood and Wood Derived Fuels,8678.0,26.4,42.5,62.6,16.0,12.59,8.04
2023,UT,Coal,4685.3,23.5,20.9,76.1,11.2,8.51,6.99
2023,UT,Geothermal,77.1,23.5,20.9,76.1,11.2,8.51,6.99
2023,UT,Hydroelectric,264.7,23.5,20.9,76.1,11.2,8.51,6.99
2023,UT,Natural Gas,2980.0000000000005,23.5,20.9,76.1,11.2,8.51,6.99
2023,UT,Other,42.3,23.5,20.9,76.1,11.2,8.51,6.99
2023,UT,Other Biomass,16.7,23.5,20.9,76.1,11.2,8.51,6.99
2023,UT,Petroleum,29.3,23.5,20.9,76.1,11.2,8.51,6.99
2023,UT,Solar Thermal and Photovoltaic,1632.3,23.5,20.9,76.1,11.2,8.51,6.99
2023,UT,Wind,389.7,23.5,20.9,76.1,11.2,8.51,6.99
2023,VA,Coal,1560.5,18.2,21.9,58.9,14.26,8.95,8.92
2023,VA,Hydroelectric,823.1,18.2,21.9,58.9,14.26,8.95,8.92
2023,VA,Natural Gas,15017.1,18.2,21.9,58.9,14.26,8.95,8.92
2023,VA,Nuclear,3654.4,18.2,21.9,58.9,14.26,8.95,8.92
2023,VA,Other,70.5,18.2,21.9,58.9,14.26,8.95,8.92
2023,VA,Other Biomass,340.5,18.2,21.9,58.9,14.26,8.95,8.92
2023,VA,Petroleum,960.8,18.2,21.9,58.9,14.26,8.95,8.92
2023,VA,Pumped Storage,3109.3,18.2,21.9,58.9,14.26,8.95,8.92
2023,VA,Solar Thermal and Photovoltaic,3669.3999999999996,18.2,21.9,58.9,14.26,8.95,8.92
2023,VA,Wind,12.0,18.2,21.9,58.9,14.26,8.95,8.92
2023,VA,Wood and Wood Derived Fuels,571.8,18.2,21.9,58.9,14.26,8.95,8.92
2023,VT,Hydroelectric,328.79999999999995,79.2,46.5,18.5,20.82,18.0,11.27
2023,VT,Other,20.9,79.2,46.5,18.5,20.82,18.0,11.27
2023,VT,Other Biomass,8.0,79.2,46.5,18.5,20.82,18.0,11.27
2023,VT,Petroleum,166.9,79.2,46.5,18.5,20.82,18.0,11.27
2023,VT,Solar Thermal and Photovoltaic,146.5,79.2,46.5,18.5,20.82,18.0,11.27
2023,VT,Wind,151.0,79.2,46.5,18.5,20.82,18.0,11.27
2023,VT,Wood and Wood Derived Fuels,82.4,79.2,46.5,18.5,20.82,18.0,11.27
2023,WA,Coal,729.9,79.9,12.1,15.2,10.98,9.92,6.35
2023,WA,Hydroelectric,21286.2,79.9,12.1,15.2,10.98,9.92,6.35
2023,WA,Natural Gas,4045.2999999999997,79.9,12.1,15.2,10.98,9.92,6.35
2023,WA,Nuclear,1200.0,79.9,12.1,15.2,10.98,9.92,6.35
2023,WA,Other,6.0,79.9,12.1,15.2,10.98,9.92,6.35
2023,WA,Other Biomass,40.5,79.9,12.1,15.2,10.98,9.92,6.35
2023,WA,Petroleum,17.5,79.9,12.1,15.2,10.98,9.92,6.35
2023,WA,Pumped Storage,314.0,79.9,12.1,15.2,10.98,9.92,6.35
2023,WA,Solar Thermal and Photovoltaic,188.39999999999998,79.9,12.1,15.2,10.98,9.92,6.35
2023,WA,Wind,3386.8,79.9,12.1,15.2,10.98,9.92,6.35
2023,WA,Wood and Wood Derived Fuels,243.7,79.9,12.1,15.2,10.98,9.92,6.35
2023,WI,Coal,5548.6,17.8,9.3,75.5,16.88,12.76,8.68
2023,WI,Hydroelectric,534.4,17.8,9.3,75.5,16.88,12.76,8.68
2023,WI,Natural Gas,8105.8,17.8,9.3,75.5,16.88,12.76,8.68
2023,WI,Nuclear,1286.0,17.8,9.3,75.5,16.88,12.76,8.68
2023,WI,Other,8.9,17.8,9.3,75.5,16.88,12.76,8.68
2023,WI,Other Biomass,80.80000000000001,17.8,9.3,75.5,16.88,12.76,8.68
2023,WI,Petroleum,754.1999999999999,17.8,9.3,75.5,16.88,12.76,8.68
2023,WI,Solar Thermal and Photovoltaic,1651.0,17.8,9.3,75.5,16.88,12.76,8.68
2023,WI,Wind,826.4,17.8,9.3,75.5,16.88,12.76,8.68
2023,WI,Wood and Wood Derived Fuels,299.9,17.8,9.3,75.5,16.88,12.76,8.68
2023,WV,Coal,13071.7,7.8,25.5,91.9,14.05,11.03,7.24
2023,WV,Hydroelectric,370.6,7.8,25.5,91.9,14.05,11.03,7.24
2023,WV,Natural Gas,1331.9,7.8,25.5,91.9,14.05,11.03,7.24
2023,WV,Other,47.5,7.8,25.5,91.9,14.05,11.03,7.24
2023,WV,Other Biomass,3.2,7.8,25.5,91.9,14.05,11.03,7.24
2023,WV,Petroleum,18.5,7.8,25.5,91.9,14.05,11.03,7.24
2023,WV,Wind,856.0,7.8,25.5,91.9,14.05,11.03,7.24
2023,WY,Coal,6694.3,32.6,14.5,67.2,11.46,8.94,7.06
2023,WY,Hydroelectric,303.4,32.6,14.5,67.2,11.46,8.94,7.06
2023,WY,Natural Gas,763.4,32.6,14.5,67.2,11.46,8.94,7.06
2023,WY,Other,13.3,32.6,14.5,67.2,11.46,8.94,7.06
2023,WY,Other Gases,3.7,32.6,14.5,67.2,11.46,8.94,7.06
2023,WY,Petroleum,5.800000000000001,32.6,14.5,67.2,11.46,8.94,7.06
2023,WY,Solar Thermal and Photovoltaic,92.0,32.6,14.5,67.2,11.46,8.94,7.06
2023,WY,Wind,3229.1,32.6,14.5,67.2,11.46,8.94,7.06
